"time","profit"
"2020.01.02 18:47:40","11.71"
"2020.01.03 06:01:40","0"
"2020.01.06 01:58:40","-20.51"
"2020.01.07 00:00:40","11.92"
"2020.01.08 02:57:40","-22.42"
"2020.01.08 17:59:40","-0.58"
"2020.01.08 22:49:40","44.32"
"2020.01.14 03:50:40","108.09"
"2020.01.22 03:08:40","-14.5"
"2020.01.23 20:24:20","70.05"
"2020.01.27 02:07:40","76.58"
"2020.01.30 21:56:40","-15.88"
"2020.01.31 18:56:20","15.92"
"2020.02.07 14:54:40","-17.58"
"2020.02.19 18:35:40","324.14"
"2020.02.20 09:17:40","-528.37"
"2020.02.20 09:44:40","15.33"
"2020.02.24 17:00:40","76.77"
"2020.02.28 00:24:40","24.78"
"2020.03.03 17:16:40","-0.25"
"2020.03.05 17:19:40","-15.66"
"2020.03.09 01:00:40","132.92"
"2020.03.09 16:38:40","11.27"
"2020.03.10 22:24:40","-3.44"
"2020.03.13 11:28:40","-9.48"
"2020.03.13 19:47:40","-0.5"
"2020.03.18 20:55:40","-11.2"
"2020.03.19 04:01:40","24.33"
"2020.03.19 14:38:40","54.08"
"2020.03.20 20:12:40","-15.85"
"2020.03.24 20:04:40","-17.17"
"2020.03.26 15:03:40","6.89"
"2020.03.26 22:16:40","-22.52"
"2020.03.27 07:00:40","-5.42"
"2020.03.31 19:05:40","-8.28"
"2020.04.01 19:36:40","-22.16"
"2020.04.06 03:46:40","39.43"
"2020.04.13 11:13:40","51.25"
"2020.04.13 23:07:40","17.8"
"2020.04.16 08:20:40","37.56"
"2020.04.28 16:55:40","8.24"
"2020.04.29 15:06:40","-2.53"
"2020.05.06 00:01:40","-9.9"
"2020.05.06 09:50:40","-14.97"
"2020.05.06 14:55:20","-480.63"
"2020.05.07 02:43:40","-9.22"
"2020.05.08 17:43:40","-14.23"
"2020.05.11 05:50:40","-20.45"
"2020.05.12 00:03:30","123.67"
"2020.05.19 16:35:20","111.76"
"2020.05.27 16:54:40","-19.13"
"2020.06.02 15:47:40","92.03"
"2020.06.04 03:17:40","5.69"
"2020.06.05 11:54:40","16.72"
"2020.06.08 17:39:40","122.49"
"2020.06.08 23:53:40","-5.98"
"2020.06.10 21:01:40","73.67"
"2020.06.18 06:06:40","62.84"
"2020.06.23 18:02:40","116.36"
"2020.06.29 18:01:40","70.71"
"2020.07.01 04:08:20","23.25"
"2020.07.09 00:01:00","-37.64"
"2020.07.10 19:17:40","49.27"
"2020.07.15 18:11:40","63.4"
"2020.07.22 00:00:30","-20.71"
"2020.07.24 11:36:40","67.65"
"2020.07.24 19:51:40","-474.04"
"2020.07.27 07:36:40","5.37"
"2020.07.28 21:14:40","-13.61"
"2020.07.29 13:31:20","-14.66"
"2020.07.31 06:21:40","84.68"
"2020.07.31 17:01:40","-22.5"
"2020.08.03 03:48:40","24.15"
"2020.08.05 17:51:40","12.28"
"2020.08.07 17:51:40","-5.61"
"2020.08.11 23:07:40","75.99"
"2020.08.12 15:57:40","33.12"
"2020.08.17 00:05:00","-25.75"
"2020.08.18 10:10:40","252.26"
"2020.08.19 04:31:40","-7.99"
"2020.08.28 15:33:40","50.47"
"2020.09.08 22:47:40","7.13"
"2020.09.15 00:00:00","0.219999999999999"
"2020.09.15 18:01:40","9.29"
"2020.09.16 13:53:40","-427.47"
"2020.09.16 20:37:40","75.19"
"2020.09.17 16:41:40","16.24"
"2020.09.18 16:27:40","10.34"
"2020.09.21 12:06:40","15.55"
"2020.09.22 23:59:40","1.29"
"2020.09.23 10:14:40","-20.32"
"2020.09.24 00:21:40","33.32"
"2020.09.28 00:03:30","-7.77"
"2020.09.30 05:48:40","-22.33"
"2020.10.02 09:27:40","47.5"
"2020.10.06 11:02:40","-15.95"
"2020.10.07 15:50:40","31.61"
"2020.10.13 07:18:40","0.75"
"2020.10.15 03:45:40","-4.68"
"2020.10.21 18:16:40","166.58"
"2020.10.28 14:50:40","52.78"
"2020.10.29 12:57:40","-461.21"
"2020.10.30 03:01:40","8.37"
"2020.11.02 12:11:40","7.61"
"2020.11.04 04:47:40","21.51"
"2020.11.05 13:04:40","-40.47"
"2020.11.06 14:27:40","-7.54"
"2020.11.09 14:48:40","248.31"
"2020.11.09 19:17:40","26.38"
"2020.11.16 12:05:40","59.37"
"2020.12.14 14:39:40","-430.09"
"2020.12.14 16:51:40","-88.74"
"2020.12.16 15:49:40","10.05"
"2020.12.17 18:01:40","44.14"
"2020.12.30 16:42:40","53.93"
"2021.01.04 14:05:40","17.94"
"2021.01.06 03:29:40","-27.08"
"2021.01.11 18:28:40","108.69"
"2021.01.21 02:33:40","-51.31"
"2021.01.21 15:38:40","-23.61"
"2021.01.25 07:36:40","9.69"
"2021.01.28 16:00:20","96.62"
"2021.01.29 12:58:40","69.01"
"2021.02.02 23:58:40","11.49"
"2021.02.05 10:19:40","70.84"
"2021.02.05 15:31:20","-18.42"
"2021.02.10 03:34:40","63.93"
"2021.02.16 07:44:40","67.01"
"2021.02.17 01:49:40","92.36"
"2021.02.25 20:18:40","21.1"
"2021.02.26 11:59:40","-576.55"
"2021.03.01 00:03:30","19.37"
"2021.03.02 00:01:00","1.37"
"2021.03.03 18:00:40","-1.26"
"2021.03.05 08:06:40","252.32"
"2021.03.09 09:21:40","102.9"
"2021.03.15 10:34:40","-0.26"
"2021.03.16 18:17:40","11.31"
"2021.03.24 19:29:40","-12.87"
"2021.03.26 18:11:40","154.94"
"2021.03.30 18:46:40","102.79"
"2021.03.31 09:19:40","88.76"
"2021.04.05 18:01:40","53.7"
"2021.04.07 05:29:40","-26.96"
"2021.04.08 17:39:40","43.02"
"2021.04.13 14:33:40","-24.67"
"2021.04.14 07:59:40","9.32"
"2021.04.16 04:01:40","-22.68"
"2021.04.19 16:18:40","104.51"
"2021.04.21 03:19:40","-509.17"
"2021.04.21 03:55:40","-24.7"
"2021.04.23 16:39:40","44.71"
"2021.04.27 09:08:40","12.85"
"2021.04.28 11:27:40","88.12"
"2021.04.29 17:37:40","-14.64"
"2021.05.03 12:33:40","73.06"
"2021.05.07 15:57:40","89.77"
"2021.05.12 15:54:40","7.72"
"2021.05.13 03:50:40","86.79"
"2021.05.28 00:01:00","183.37"
"2021.05.28 16:40:40","20.73"
"2021.06.02 15:20:40","-6.84"
"2021.06.04 12:46:40","55.48"
"2021.06.10 16:49:40","-3.03"
"2021.06.16 23:06:40","-635.96"
"2021.06.17 05:01:40","88.67"
"2021.06.21 09:17:40","28.79"
"2021.06.22 22:10:40","86.19"
"2021.06.23 14:34:40","20.66"
"2021.06.25 17:46:20","-9.69"
"2021.07.01 14:01:40","104.09"
"2021.07.08 12:33:20","104.98"
"2021.07.13 12:56:40","-0.62"
"2021.07.15 13:02:40","2.33"
"2021.07.19 17:24:40","104.57"
"2021.07.23 16:53:40","23.29"
"2021.07.27 23:45:40","68.59"
"2021.08.03 18:28:40","102.57"
"2021.08.04 17:00:40","-16.25"
"2021.08.09 09:02:40","76.44"
"2021.08.11 15:30:40","82.83"
"2021.08.16 00:20:30","145.45"
"2021.08.17 02:35:40","17.27"
"2021.08.24 16:32:40","-19.81"
"2021.08.27 17:00:40","-18.97"
"2021.09.08 10:12:20","51.64"
"2021.09.13 16:54:40","-8.46"
"2021.09.15 00:27:00","-79.26"
"2021.09.15 15:40:20","57.57"
"2021.09.20 16:45:40","7.07"
"2021.09.24 11:10:40","95.68"
"2021.09.27 15:44:40","16.5"
"2021.09.28 06:25:40","-587.21"
"2021.09.30 04:27:40","65.16"
"2021.10.11 15:29:40","291.19"
"2021.10.12 16:07:40","27.61"
"2021.10.15 09:42:40","63.42"
"2021.10.20 04:10:40","16.3"
"2021.10.26 20:13:40","-26.92"
"2021.11.01 11:59:40","6.16"
"2021.11.09 10:02:40","-70.14"
"2021.11.10 15:50:40","50"
"2021.11.10 20:58:40","41.33"
"2021.11.11 06:18:40","-21.34"
"2021.11.16 17:24:40","50.72"
"2021.11.19 15:01:40","-35.17"
"2021.11.22 16:47:40","1.4"
"2021.11.23 09:20:40","5.2"
"2021.11.24 18:48:20","37.66"
"2021.11.26 10:29:40","174.82"
"2021.11.26 17:20:40","21.22"
"2021.11.30 11:52:40","40.34"
"2021.12.07 13:20:40","-25.87"
"2021.12.15 21:53:40","72.86"
"2021.12.17 15:41:40","-52.72"
"2021.12.22 01:13:40","77.46"
"2021.12.22 16:05:40","-25.73"
"2021.12.24 06:04:40","-13.1"
"2021.12.28 11:19:40","71.22"
"2021.12.31 11:19:40","28.86"
"2022.01.03 11:18:40","-13.58"
"2022.01.04 17:00:40","232.65"
"2022.01.12 23:36:40","80.64"
"2022.01.13 17:01:40","2.08"
"2022.01.14 09:16:40","45.99"
"2022.01.14 16:27:40","-17.35"
"2022.01.18 06:35:40","45.59"
"2022.01.19 09:45:40","11.01"
"2022.01.24 12:34:40","-22.43"
"2022.01.25 14:04:40","-23.27"
"2022.01.26 21:14:40","16.96"
"2022.01.27 16:51:40","141.29"
"2022.01.28 11:07:40","-1.52"
"2022.02.02 15:43:40","60.29"
"2022.02.04 16:10:40","0"
"2022.02.09 02:17:40","-9.8"
"2022.02.10 16:46:20","136.22"
"2022.02.11 21:15:40","158.1"
"2022.02.15 18:25:40","-22.72"
"2022.02.17 07:06:40","-21.54"
"2022.02.17 16:11:40","-14.08"
"2022.02.22 02:30:40","33.23"
"2022.02.24 18:15:40","48.02"
"2022.03.09 08:24:40","9.1"
"2022.03.10 09:02:40","32.59"
"2022.03.11 06:14:40","-688.51"
"2022.03.11 12:24:40","207.86"
"2022.03.14 07:57:40","187.59"
"2022.03.14 15:09:40","-5.8"
"2022.03.16 21:03:20","56.14"
"2022.03.18 16:57:40","23.59"
"2022.03.22 04:03:40","149.92"
"2022.03.23 02:01:40","17.89"
"2022.03.24 11:09:40","41.58"
"2022.03.28 04:29:40","104.93"
"2022.04.05 17:56:40","12.03"
"2022.04.06 05:43:40","14.17"
"2022.04.08 17:10:40","53.58"
"2022.04.11 04:56:40","25.97"
"2022.04.13 09:41:40","79.36"
"2022.04.15 04:18:40","12.66"
"2022.04.18 03:55:40","-28.83"
"2022.04.19 03:06:40","79.29"
"2022.04.19 09:07:40","-643.94"
"2022.04.25 10:07:40","-28.7"
"2022.04.25 17:20:40","-25.94"
"2022.04.26 16:18:40","37.67"
"2022.04.28 06:31:40","173.06"
"2022.05.05 20:02:40","12.35"
"2022.05.10 04:31:40","-6.62"
"2022.05.12 09:50:40","-617.66"
"2022.05.12 10:41:40","-13.37"
"2022.05.17 17:01:40","-17.3"
"2022.05.18 19:04:40","108.38"
"2022.05.19 16:08:40","65.67"
"2022.05.24 11:11:20","-13.12"
"2022.05.24 16:54:40","138.58"
"2022.05.30 17:30:40","59.55"
"2022.05.31 03:53:40","-5.18"
"2022.06.01 06:08:40","13.3"
"2022.06.03 16:05:40","64.09"
"2022.06.06 21:59:40","303.04"
"2022.06.08 04:19:40","4.1"
"2022.06.13 01:10:40","24.46"
"2022.06.14 22:30:40","14.91"
"2022.06.16 12:02:40","16.38"
"2022.06.21 13:15:40","-22.03"
"2022.06.23 17:05:40","15.67"
"2022.06.29 15:02:40","31.1"
"2022.07.05 00:08:20","-25.48"
"2022.07.05 05:49:20","55.27"
"2022.07.08 15:57:40","-23.65"
"2022.07.11 04:21:40","-662.09"
"2022.07.11 05:01:40","83.13"
"2022.07.11 16:45:40","83.16"
"2022.07.13 17:17:40","-26.54"
"2022.07.14 05:25:40","17.97"
"2022.07.15 10:28:40","-21.19"
"2022.07.22 17:03:20","309.53"
"2022.07.28 03:16:40","8.84"
"2022.07.28 04:39:40","178.48"
"2022.07.28 15:59:40","107.21"
"2022.07.29 06:52:40","322.83"
"2022.08.01 04:16:40","74.18"
"2022.08.01 12:53:40","-5.21"
"2022.08.03 03:35:40","44.71"
"2022.08.05 15:51:40","10.79"
"2022.08.10 15:31:59","-19.53"
"2022.08.10 17:19:40","45.2"
"2022.08.16 15:15:40","128.77"
"2022.08.17 21:00:40","-1.33"
"2022.08.19 04:19:40","199.5"
"2022.08.19 11:29:40","63.33"
"2022.08.22 06:11:40","2.68"
"2022.08.22 19:21:40","3.68"
"2022.08.23 17:15:40","235.32"
"2022.08.29 05:11:40","360.92"
"2022.09.01 05:35:40","118.81"
"2022.09.01 16:06:40","1.79"
"2022.09.06 10:51:40","260.01"
"2022.09.07 01:51:59","122.2"
"2022.09.07 15:18:40","146.79"
"2022.09.12 03:47:40","-24.5"
"2022.09.13 16:17:40","14.31"
"2022.09.19 03:08:40","-21.15"
"2022.09.20 13:22:40","-28.05"
"2022.09.22 05:53:59","23.02"
"2022.09.22 11:35:40","97.59"
"2022.10.03 07:06:40","107.17"
"2022.10.04 19:51:40","10.48"
"2022.10.05 03:23:40","57.47"
"2022.10.07 15:52:40","2.27"
"2022.10.11 03:21:40","-20.91"
"2022.10.12 03:04:40","88.39"
"2022.10.12 14:00:40","-12.4"
"2022.10.13 15:32:40","97.76"
"2022.10.14 12:45:40","-34.53"
"2022.10.18 03:09:40","14.91"
"2022.10.18 12:03:40","-0.38"
"2022.10.18 12:04:59","81.07"
"2022.10.19 09:45:40","-11.59"
"2022.10.20 21:34:40","-14.82"
"2022.10.21 13:45:40","376.78"
"2022.10.21 19:00:20","-15.18"
"2022.10.26 10:52:40","97.68"
"2022.10.27 08:50:40","86.21"
"2022.10.31 04:47:40","85.78"
"2022.10.31 17:16:40","91.72"
"2022.11.01 10:23:40","10.39"
"2022.11.02 21:36:40","38.83"
"2022.11.08 18:01:40","49.86"
"2022.11.09 05:17:40","-28.81"
"2022.11.10 15:32:40","172.71"
"2022.11.11 12:02:40","215.09"
"2022.11.11 20:41:40","40.69"
"2022.11.15 15:37:40","242.71"
"2022.11.21 11:38:40","416.28"
"2022.11.23 18:54:40","-32.08"
"2022.11.24 04:17:40","-22.89"
"2022.11.28 09:25:40","14.54"
"2022.11.30 16:10:40","-42.37"
"2022.11.30 17:40:40","41.39"
"2022.12.01 01:50:40","12.02"
"2022.12.01 17:03:20","33.33"
"2022.12.05 17:04:40","45.18"
"2022.12.09 05:39:40","-6.94"
"2022.12.12 19:03:40","84.57"
"2022.12.13 06:28:40","-32.26"
"2022.12.13 15:30:59","435.06"
"2022.12.15 19:41:40","-41.51"
"2022.12.20 05:05:59","170.79"
"2022.12.20 18:15:40","351.19"
"2022.12.27 14:31:40","15.32"
"2022.12.30 11:21:40","306.46"
"2022.12.30 19:38:40","76.15"
"2023.01.03 03:34:40","256.16"
"2023.01.04 20:00:40","82.4"
"2023.01.05 15:23:40","138.39"
"2023.01.05 17:39:40","-20.08"
"2023.01.06 15:14:40","35.19"
"2023.01.09 05:15:40","78.08"
"2023.01.11 06:39:40","-46.16"
"2023.01.11 15:20:40","7.12"
"2023.01.12 15:36:40","32.51"
"2023.01.13 02:27:40","0"
"2023.01.13 08:58:40","19.77"
"2023.01.13 17:00:40","157.07"
"2023.01.16 05:03:40","12.16"
"2023.01.17 04:00:40","-32.9"
"2023.01.23 16:47:40","37.48"
"2023.01.25 15:14:40","-21.36"
"2023.01.31 00:34:40","52.5"
"2023.02.01 21:48:40","116.65"
"2023.02.03 15:49:40","-975.34"
"2023.02.03 17:03:40","107.38"
"2023.02.06 16:32:40","10.6"
"2023.02.13 09:28:40","98.82"
"2023.02.14 16:36:40","19.45"
"2023.02.15 09:18:40","-38.63"
"2023.02.16 17:20:40","-45.05"
"2023.02.17 09:39:40","106.79"
"2023.02.21 17:06:40","-39.19"
"2023.02.23 15:35:40","-28.43"
"2023.02.24 15:30:20","131.9"
"2023.02.24 16:10:40","-925.49"
"2023.02.28 10:30:20","40.18"
"2023.03.02 16:12:40","-10.69"
"2023.03.07 17:31:40","230.25"
"2023.03.08 02:55:40","96.48"
"2023.03.10 16:46:40","260"
"2023.03.13 01:16:40","156.66"
"2023.03.13 12:46:40","180.26"
"2023.03.16 16:13:40","-42.77"
"2023.03.17 22:03:40","-23.91"
"2023.03.20 10:11:40","207.12"
"2023.03.21 13:57:40","181.46"
"2023.03.22 04:53:40","-34.69"
"2023.03.23 06:37:40","-44.14"
"2023.03.24 04:29:20","11.1"
"2023.03.29 07:18:40","-21.03"
"2023.03.31 03:55:40","145.56"
"2023.04.03 09:52:40","27.17"
"2023.04.03 19:01:20","-48.33"
"2023.04.04 18:04:40","158.22"
"2023.04.10 19:40:40","240.84"
"2023.04.12 06:21:40","-12.63"
"2023.04.17 08:43:40","-14.55"
"2023.04.18 03:01:40","81.37"
"2023.04.18 04:54:40","-31.4"
"2023.04.19 12:53:40","111.53"
"2023.04.21 16:45:40","-9.38"
"2023.04.24 15:23:20","18.64"
"2023.04.28 09:47:40","340.33"
"2023.05.01 03:50:20","10.46"
"2023.05.02 03:09:40","202.25"
"2023.05.08 03:02:40","-12.58"
"2023.05.10 16:08:40","76.85"
"2023.05.11 15:35:20","-44.67"
"2023.05.12 16:06:40","4.54"
"2023.05.15 04:09:40","187.28"
"2023.05.16 20:16:40","82.58"
"2023.05.17 12:25:40","148.21"
"2023.05.23 06:43:40","-37.38"
"2023.05.24 21:10:40","166.41"
"2023.05.25 16:12:40","-35.55"
"2023.05.26 17:00:40","-20.31"
"2023.05.31 09:26:40","-17.79"
"2023.06.01 03:03:40","5.17"
"2023.06.01 16:32:40","-1028.73"
"2023.06.01 17:01:40","89.32"
"2023.06.05 04:04:40","61.41"
"2023.06.15 04:59:40","-1008.24"
"2023.06.15 05:04:40","284.67"
"2023.06.16 20:28:40","82.08"
"2023.06.20 05:06:40","43.88"
"2023.06.21 17:18:20","-41.26"
"2023.06.23 00:02:00","318.38"
"2023.06.23 09:15:20","4.89"
"2023.06.26 00:03:00","113.84"
"2023.06.27 18:37:40","48.82"
"2023.06.28 16:33:40","34.95"
"2023.06.29 16:05:40","15.22"
"2023.06.30 04:51:40","-12.92"
"2023.07.06 09:34:40","-2.96"
"2023.07.07 12:29:40","106.19"
"2023.07.10 17:38:40","144.23"
"2023.07.12 03:52:40","169.22"
"2023.07.12 15:31:40","140.95"
"2023.07.14 03:01:40","15.17"
"2023.07.14 17:07:40","1.51"
"2023.07.18 15:31:40","49.75"
"2023.07.19 09:57:40","36.65"
"2023.07.19 14:59:40","18.28"
"2023.07.21 10:54:40","123.92"
"2023.07.27 05:23:40","81.06"
"2023.07.27 22:50:40","65.8"
"2023.07.28 06:28:40","25.43"
"2023.07.31 05:13:40","65.03"
"2023.07.31 09:12:40","-45.42"
"2023.08.01 05:38:40","-45.67"
"2023.08.01 16:25:40","154.06"
"2023.08.03 07:10:40","-13.06"
"2023.08.04 16:21:40","-20.84"
"2023.08.08 07:57:40","158.61"
"2023.08.10 09:47:40","5.73"
"2023.08.10 17:03:40","-7.91"
"2023.08.14 00:03:40","-43.76"
"2023.08.14 03:56:40","11.53"
"2023.08.14 17:12:40","81.03"
"2023.08.15 11:36:20","44.93"
"2023.08.17 00:32:40","197.99"
"2023.08.18 09:59:40","-47.75"
"2023.08.18 20:32:40","-18.57"
"2023.08.21 19:14:40","-50.03"
"2023.08.23 12:36:40","8.47"
"2023.08.23 16:53:40","120.62"
"2023.08.23 20:47:40","-52.66"
"2023.08.28 18:36:20","-1.76"
"2023.08.29 15:34:40","225.79"
"2023.08.30 16:40:40","-34.81"
"2023.09.01 15:52:40","-28.04"
"2023.09.05 10:12:40","306.3"
"2023.09.05 15:43:40","-36.39"
"2023.09.11 07:01:40","2.73"
"2023.09.11 10:46:40","-48.66"
"2023.09.15 15:05:40","35.4"
"2023.09.20 12:45:40","8.65"
"2023.09.21 05:06:40","65.26"
"2023.09.21 17:46:20","-34.68"
"2023.09.25 18:46:20","163.9"
"2023.09.26 10:52:40","15.96"
"2023.09.27 22:12:40","176.07"
"2023.10.02 08:41:20","-46.6"
"2023.10.03 17:12:59","370.49"
"2023.10.10 03:16:40","-39.06"
"2023.10.13 07:45:40","59.87"
"2023.10.17 13:13:59","-20.29"
"2023.10.19 03:00:40","10.41"
"2023.10.24 02:40:40","-35.94"
"2023.10.24 11:39:20","-26.4"
"2023.10.26 00:11:40","140.81"
"2023.10.30 17:07:40","33.77"
"2023.10.31 19:04:40","319.69"
"2023.11.07 17:31:20","37.28"
"2023.11.13 17:01:40","198.6"
"2023.11.14 15:50:40","113.05"
"2023.11.14 23:24:40","234.68"
"2023.11.17 13:24:40","-38.28"
"2023.11.20 02:55:40","-48.18"
"2023.11.20 05:14:40","50.76"
"2023.11.21 03:32:40","11.16"
"2023.11.27 04:16:20","-40.09"
"2023.11.27 16:02:40","11.69"
"2023.11.28 03:21:40","198.36"
"2023.11.29 02:06:40","-45.5"
"2023.12.04 01:35:40","124.74"
"2023.12.07 09:53:40","294.93"
"2023.12.14 00:52:40","115.55"
"2023.12.14 05:44:40","317.41"
"2023.12.18 15:45:40","148.16"
"2023.12.27 03:03:40","9.76"
"2023.12.27 18:52:40","123.73"
"2023.12.28 02:16:40","29.88"
"2024.01.02 15:13:40","60.04"
"2024.01.03 15:35:40","17.25"
"2024.01.03 18:02:40","81.24"
"2024.01.04 14:08:40","94.5"
"2024.01.05 09:04:40","195.3"
"2024.01.08 18:31:40","-43.01"
"2024.01.10 07:28:40","32.07"
"2024.01.11 15:32:40","-3.12"
"2024.01.16 03:17:40","-25.22"
"2024.01.16 15:30:40","107.33"
"2024.01.17 17:08:40","136.82"
"2024.01.19 08:52:20","49.97"
"2024.01.22 16:21:20","0.64"
"2024.01.29 22:38:40","-18.49"
"2024.01.31 16:58:40","255.7"
"2024.02.02 15:31:40","142.28"
"2024.02.02 16:00:20","-1279.91"
"2024.02.02 20:28:40","186.96"
"2024.02.05 03:04:40","-47.05"
"2024.02.08 13:42:40","171.9"
"2024.02.13 12:36:20","21.36"
"2024.02.23 14:24:40","-40.98"
"2024.03.07 03:08:40","-1183.72"
"2024.03.07 03:18:40","-144.4"
"2024.03.08 11:38:40","171.88"
"2024.03.14 19:20:40","26.26"
"2024.03.19 06:35:59","120.08"
"2024.03.20 03:55:40","106.59"
"2024.03.27 06:12:40","-4.74"
"2024.04.02 03:00:40","78.17"
"2024.04.05 03:19:40","-40.08"
"2024.04.08 16:57:40","-5.4"
"2024.04.09 22:09:40","-38.37"
"2024.04.10 15:45:40","219.27"
"2024.04.12 14:55:40","-26.04"
"2024.04.15 11:11:40","228.56"
"2024.04.16 10:04:40","-24.96"
"2024.04.19 05:26:40","69.66"
"2024.04.23 16:45:40","2.22"
"2024.04.24 15:14:40","59.45"
"2024.04.25 13:42:40","100.78"
"2024.04.26 06:56:40","129.56"
"2024.04.26 10:07:40","-1245.71"
"2024.04.26 11:01:59","-49.73"
"2024.04.29 10:36:40","15.29"
"2024.05.01 23:37:40","63.7"
"2024.05.03 05:07:40","-37.48"
"2024.05.03 15:41:40","400.67"
"2024.05.08 11:36:40","361.9"
"2024.05.14 12:29:40","270.37"
"2024.05.15 15:14:40","-10.88"
"2024.05.16 04:04:20","260.65"
"2024.05.20 17:54:40","31.99"
"2024.05.23 05:39:40","105.94"
"2024.05.23 17:01:20","22.25"
"2024.05.29 05:02:40","157.75"
"2024.05.30 03:10:40","83.95"
"2024.05.30 16:17:40","-34.07"
"2024.06.03 17:20:40","-12.54"
"2024.06.04 09:32:40","-42.09"
"2024.06.07 15:39:20","379.22"
"2024.06.14 06:42:40","195.85"
"2024.06.20 15:30:20","26.8"
"2024.06.21 18:54:40","190.67"
"2024.06.26 16:05:40","186.45"
"2024.06.28 04:40:40","133.65"
"2024.07.01 17:00:40","-12.37"
"2024.07.03 09:45:40","14.07"
"2024.07.09 19:42:40","-11.07"
"2024.07.11 15:42:40","-1293.86"
"2024.07.11 15:43:40","531.78"
"2024.07.15 19:42:40","12.18"
"2024.07.16 09:28:40","222.59"
"2024.07.17 10:48:40","-32.44"
"2024.07.18 02:09:40","89.08"
"2024.07.24 04:14:40","-58.54"
"2024.07.25 03:38:40","6.4"
"2024.07.26 11:54:40","-52.74"
"2024.07.31 00:02:00","83.93"
"2024.07.31 06:57:40","75.53"
"2024.08.02 15:31:40","650.83"
"2024.08.12 16:41:40","77.33"
"2024.08.14 05:39:40","-15.25"
"2024.08.19 06:46:40","310.37"
"2024.08.19 07:40:40","3.35"
"2024.08.19 08:39:20","-62.55"
"2024.08.21 02:01:40","-16.7"
"2024.08.21 21:33:40","173.67"
"2024.08.23 21:46:40","73.25"
"2024.08.30 16:04:00","-7.33"
"2024.09.02 02:27:40","-54.22"
"2024.09.02 16:48:40","47.34"
"2024.09.03 17:00:20","-1363.97"
"2024.09.04 17:02:40","269.04"
"2024.09.05 01:47:40","-27.18"
"2024.09.05 03:00:40","30.8"
"2024.09.05 09:59:40","-50.73"
"2024.09.05 15:28:40","-7.72"
"2024.09.06 08:50:40","143.85"
"2024.09.11 04:41:40","34.41"
"2024.09.13 11:17:40","52.99"
"2024.09.16 07:22:40","75.32"
"2024.09.17 17:16:40","237.13"
"2024.09.19 04:14:40","249.65"
"2024.09.20 14:45:20","184.45"
"2024.09.24 10:26:40","-11.3"
"2024.09.26 00:22:30","-4.7"
"2024.09.27 04:43:40","123.95"
"2024.09.30 21:15:40","-1321.92"
"2024.10.02 14:16:40","78.01"
"2024.10.03 01:31:40","144.88"
"2024.10.04 15:32:40","634.12"
"2024.10.07 01:16:40","-48.7"
"2024.10.10 00:10:20","43.31"
"2024.10.10 08:27:40","-11.16"
"2024.10.14 22:02:40","165.18"
"2024.10.17 18:31:40","-21.79"
"2024.10.22 00:09:40","244.18"
"2024.10.22 06:18:40","-1381.39"
"2024.10.22 07:36:40","16.06"
"2024.10.23 07:47:40","637.92"
"2024.10.28 03:47:40","-30.38"
"2024.11.05 20:58:40","-32.66"
"2024.11.06 04:59:40","663.47"
"2024.11.06 19:28:40","66.03"
"2024.11.07 22:14:40","-1349.13"
"2024.11.12 04:18:40","-58"
"2024.11.12 20:35:40","6.27"
"2024.11.13 09:06:40","19.61"
"2024.11.13 19:16:40","-5.68"
"2024.11.14 22:25:40","-17.75"
"2024.11.15 11:01:00","-50.9"
"2024.11.15 21:08:40","167.29"
"2024.11.19 10:42:40","-52.99"
"2024.11.20 11:50:20","183.23"
"2024.11.25 02:25:40","-40.08"
"2024.11.26 14:50:20","-1.92"
"2024.11.27 03:01:00","5.13"
"2024.11.29 03:16:40","144.43"
"2024.12.02 18:38:40","142.1"
"2024.12.03 16:01:40","43.17"
"2024.12.04 13:31:40","63.02"
"2024.12.09 15:42:20","34.1"
"2024.12.09 23:03:40","-53.17"
"2024.12.10 18:26:20","18.06"
"2024.12.11 12:17:40","265.89"
"2024.12.13 03:49:40","-64.81"
"2024.12.16 05:17:40","-16.91"
"2024.12.16 17:43:20","197.7"
"2024.12.17 22:01:40","46.1"
"2024.12.18 21:18:40","-33.36"
"2024.12.20 02:25:40","-54.2"
"2024.12.26 20:07:40","346.95"
"2024.12.30 17:14:40","43.48"
"2024.12.31 08:56:40","76.5"
"2024.12.31 09:35:40","-1338.38"
"2025.01.06 02:55:40","86.28"
"2025.01.06 13:14:40","-57.68"
"2025.01.06 15:36:40","117.61"
"2025.01.07 04:02:40","91.65"
"2025.01.08 15:00:40","-36.56"
"2025.01.10 15:31:40","15.92"
"2025.01.15 08:19:40","-27.59"
"2025.01.15 10:25:40","115.98"
"2025.01.15 16:32:40","55.63"
"2025.01.16 04:03:40","333.3"
"2025.01.17 02:54:40","-0.710000000000001"
"2025.01.21 05:33:40","-5.21"
"2025.01.27 11:19:40","105.13"
"2025.02.03 02:57:20","-5.19"
"2025.02.03 14:52:40","16.34"
"2025.02.05 03:35:40","153.13"
"2025.02.06 03:51:40","59.86"
"2025.02.06 18:10:20","-42.8"
"2025.02.12 02:07:40","-1337.35"
"2025.02.12 05:11:40","658.31"
"2025.02.12 17:42:40","-29.2"
"2025.02.17 02:19:40","-61.85"
"2025.02.17 06:11:40","-47.95"
"2025.02.20 04:46:40","168.68"
"2025.02.21 01:30:40","-59.08"
"2025.02.21 20:15:40","59.21"
"2025.02.25 17:36:40","41.3"
"2025.02.28 15:20:40","-53.53"
"2025.03.03 11:30:40","49.1"
"2025.03.04 03:39:20","184.47"
"2025.03.04 14:38:20","165.71"
"2025.03.05 00:37:40","71.71"
"2025.03.06 12:20:40","119.36"
"2025.03.07 15:37:40","-34.89"
"2025.03.10 15:48:20","7.26"
"2025.03.12 10:13:40","-58.87"
"2025.03.12 11:00:40","-1301.62"
"2025.03.17 23:01:40","38.26"
"2025.03.18 03:16:40","-41.75"
"2025.03.19 17:24:40","8.68"
"2025.03.24 19:39:40","252.04"
"2025.03.27 15:14:40","-32.4"
"2025.03.31 02:53:40","21.38"
"2025.03.31 03:16:40","-1253.81"
"2025.04.03 01:06:40","-5.06"
"2025.04.04 14:01:40","-38.93"
"2025.04.04 20:06:40","36.8"
"2025.04.09 07:34:40","168.85"
"2025.04.09 15:45:40","206.33"
"2025.04.09 21:08:40","240.9"
"2025.04.11 02:01:40","-35.84"
"2025.04.16 07:31:40","-50.61"
"2025.04.16 09:06:40","-53.8"
"2025.04.16 22:29:40","124.29"
"2025.04.21 05:50:40","483.11"
"2025.04.22 08:07:40","102.24"
"2025.04.22 20:12:20","11.84"
"2025.04.23 01:01:40","48.07"
"2025.04.23 22:20:40","10.68"
"2025.04.25 07:27:40","82.55"
"2025.04.25 18:44:40","-13.14"
"2025.04.28 17:55:40","259.02"
"2025.04.28 20:51:40","-40.28"
"2025.05.01 08:53:40","11.25"
"2025.05.02 04:04:40","-8.21"
"2025.05.05 17:00:40","-15.36"
"2025.05.06 17:03:40","-37.02"
"2025.05.08 10:58:40","25.85"
"2025.05.08 18:31:40","-57.74"
"2025.05.08 22:44:40","35.29"
"2025.05.12 10:06:40","220.38"
"2025.05.14 11:04:40","-1282.52"
"2025.05.19 11:00:40","-32.19"
"2025.05.21 20:37:40","-30.66"
"2025.05.22 06:48:40","-46.73"
"2025.05.23 14:46:40","20.11"
"2025.05.26 06:11:40","-0.640000000000001"
"2025.05.27 17:00:40","-1192.65"
"2025.05.27 18:04:40","-46.44"
"2025.05.28 20:04:40","-55"
"2025.05.29 02:46:40","177.59"
"2025.06.02 05:14:40","-39.9"
"2025.06.06 15:31:40","34.62"
"2025.06.11 15:16:40","-12.57"
"2025.06.12 02:35:40","16.03"
"2025.06.12 04:53:40","20.18"
"2025.06.12 16:13:40","7.52"
"2025.06.16 01:49:40","-10.92"
"2025.06.19 15:44:20","58.16"
"2025.06.23 00:58:40","410.44"
"2025.06.24 10:31:40","-50.93"
"2025.06.24 17:58:40","5.87"
"2025.06.26 11:55:40","210.79"
"2025.07.01 04:30:40","76.63"
"2025.07.01 12:00:40","199.59"
"2025.07.03 15:35:40","-40.37"
"2025.07.07 20:36:40","50.64"
"2025.07.08 04:23:40","2.97"
"2025.07.08 18:47:40","198.46"
"2025.07.09 08:21:40","3.63"
"2025.07.11 17:47:40","85.18"
"2025.07.15 03:05:40","105.86"
"2025.07.15 15:53:40","36.5"
"2025.07.16 07:52:40","-18.32"
"2025.07.16 18:18:40","-37.29"
"2025.07.22 17:35:40","150.35"
"2025.07.24 05:06:40","12.91"
"2025.07.28 10:00:40","44.19"
"2025.07.30 17:32:40","43.39"
"2025.07.31 10:52:40","-6.77"
"2025.08.04 01:15:40","156.95"
"2025.08.05 03:19:40","-10.54"
"2025.08.11 19:18:40","4.92"
"2025.08.14 04:34:40","76.35"
"2025.08.19 04:36:40","-25.44"
"2025.08.20 18:19:40","22.52"
"2025.08.21 18:29:40","21.11"
"2025.08.22 05:04:40","-21.07"
"2025.08.22 18:41:40","-32.86"
"2025.08.27 15:47:40","46.74"
"2025.08.28 15:30:40","-21.66"
"2025.09.02 04:33:40","-38.29"
"2025.09.02 10:44:40","176.53"
"2025.09.02 16:04:40","-20.63"
"2025.09.03 10:30:40","-3.71"
"2025.09.08 02:00:40","-1.24"
"2025.09.09 11:46:40","25.7"
"2025.09.16 10:57:40","200.4"
"2025.09.17 21:11:40","377"
"2025.09.18 16:50:40","328.7"
"2025.09.22 09:19:40","-51.4"
"2025.09.25 00:19:40","235.68"
"2025.09.25 16:19:40","156.09"
"2025.09.30 10:45:40","-1310.79"
"2025.09.30 13:48:40","328.33"
"2025.10.01 10:30:40","175.6"
"2025.10.06 07:02:40","-32.32"
"2025.10.07 04:26:40","-34.11"
"2025.10.07 15:47:40","132.28"
"2025.10.09 10:11:40","-39.33"
"2025.10.10 18:10:40","45.94"
"2025.10.10 23:54:40","-1276.23"
"2025.10.15 07:25:40","-24.34"
"2025.10.17 04:00:20","-15.78"
"2025.10.21 09:38:40","5.41"
"2025.10.21 14:02:40","65.32"
"2025.10.23 08:13:40","153.8"
"2025.10.23 15:31:40","-13.41"
"2025.10.24 06:51:40","-49.94"
"2025.10.27 03:00:40","-52.29"
"2025.10.28 08:50:40","162.17"
"2025.10.30 10:00:20","40.04"
"2025.11.04 09:53:40","211.83"
"2025.11.11 04:01:40","-39.41"
"2025.11.12 07:20:40","59"
"2025.11.14 15:03:40","111.08"
"2025.11.17 18:17:40","222.21"
"2025.11.18 21:17:40","97.3"
"2025.11.19 13:56:40","227.28"
"2025.11.25 15:32:40","-29.15"
"2025.12.01 03:11:40","15.26"
"2025.12.01 15:52:40","213.51"
"2025.12.04 14:45:40","-37.11"
"2025.12.05 09:45:40","-32.67"
"2025.12.08 16:22:20","-50.31"
"2025.12.09 11:06:40","34.22"
"2025.12.09 17:24:40","48.66"
"2025.12.11 02:47:40","-27.6"
"2025.12.16 02:25:40","-12.8"
"2025.12.19 05:52:40","-6.35"
"2025.12.19 14:54:40","329.39"
"2025.12.26 20:02:40","26.46"
"2025.12.30 13:48:40","-22.67"
"2025.12.31 17:55:40","146.87"
"2026.01.05 03:16:20","33.77"
"2026.01.05 22:55:40","151.38"
"2026.01.13 06:20:40","347.02"
"2026.01.13 19:44:40","-36.98"
"2026.01.16 04:43:40","154.01"
"2026.01.19 02:06:40","107.83"
"2026.01.20 09:34:40","90.82"
"2026.01.22 11:21:40","-6.01"
"2026.01.23 09:43:59","288.17"
"2026.01.23 19:31:40","684.43"
"2026.01.27 11:53:40","-58.6"
"2026.02.02 00:59:40","196.55"
"2026.02.09 00:06:40","136.98"
"2026.02.09 03:39:40","-52.96"
"2026.02.10 06:19:40","99.61"
"2026.02.10 16:54:40","85.41"
"2026.02.11 08:24:40","495.11"
"2026.02.11 19:45:40","23.04"
"2026.02.12 05:45:40","49.78"
"2026.02.17 18:12:40","-27.19"
"2026.02.18 21:03:40","-32.73"
"2026.02.23 02:19:00","38.8"
"2026.02.24 09:37:40","150.63"
"2026.02.25 11:33:40","131.45"
"2026.03.02 02:12:40","127"
"2026.03.02 10:48:40","162.61"
"2026.03.03 13:50:40","13.12"
"2026.03.04 12:12:40","33.68"
"2026.03.06 14:40:40","-62.45"
"2026.03.09 01:20:40","123.88"
"2026.03.12 03:48:40","125.78"
"2026.03.12 21:07:40","-1499.79"
"2026.03.13 00:15:40","2.68"
"2026.03.13 07:45:40","38.28"
"2026.03.17 16:52:40","-61.31"
"2026.03.19 03:48:40","53.98"
"2026.03.19 17:17:40","170.58"
"2026.03.19 23:49:40","100.84"
"2026.03.27 19:30:40","140.47"
"2026.03.30 10:58:40","-62.07"
"2026.03.31 17:36:40","52.48"
"2026.04.01 03:45:40","31.29"
"2026.04.06 04:02:40","-53.1"
"2026.04.08 09:02:40","-77.68"
"2026.04.08 15:55:40","-1435.76"
"2026.04.08 16:21:40","-37.55"
"2026.04.14 16:30:40","10.1"
"2026.04.16 06:20:20","59.34"
"2026.04.17 17:51:20","56.28"
"2026.04.21 14:58:40","-11.44"
"2026.04.21 23:09:40","-60.4"
"2026.04.27 08:40:40","-47.44"
"2026.04.28 08:42:40","-51.12"
"2026.04.29 21:01:40","219.83"
"2026.04.30 10:09:40","32.97"
"2026.04.30 13:29:59","246.53"
"2026.05.05 12:00:40","-1378.83"
"2026.05.05 12:00:59","244.29"
"2026.05.06 07:33:40","88.89"
"2026.05.11 11:35:40","-11.16"
"2026.05.12 08:55:40","252.15"
"2026.05.14 16:44:40","46.73"
"2026.05.19 15:41:40","-55.57"
"2026.05.20 18:28:40","-62.11"
"2026.05.27 03:24:40","-17.56"
"2026.05.28 10:01:20","67.13"
"2026.06.03 10:34:40","29.61"
"2026.06.05 16:01:40","-23.18"
"2026.06.10 15:30:40","-35.94"
"2026.06.18 00:29:40","19.1"
"2026.06.18 18:40:20","-1515.32"
"2026.06.18 22:02:40","655.18"
"2026.06.22 17:07:40","-49.04"
"2026.06.30 03:55:40","195.6"
