<DATE>	<OPEN>	<HIGH>	<LOW>	<CLOSE>	<TICKVOL>	<VOL>	<SPREAD>
2020.01.10	7772.04	8113.56	7662.48	8040.97	107203	0	3600
2020.01.13	8083.28	8172.75	8031.09	8113.98	65465	0	3600
2020.01.14	8115.84	8836.88	8089.59	8722.65	132409	0	3600
2020.01.15	8723.13	8878.78	8543.88	8806.31	124234	0	3600
2020.01.16	8805.37	8842.60	8567.57	8661.92	115396	0	3600
2020.01.17	8665.19	8988.88	8647.88	8887.83	104412	0	3600
2020.01.20	8699.55	8724.01	8482.40	8652.85	89201	0	3600
2020.01.21	8652.95	8750.78	8469.04	8703.36	72655	0	3600
2020.01.22	8704.86	8771.62	8554.92	8621.03	70193	0	3600
2020.01.23	8621.04	8648.05	8262.48	8364.56	96674	0	3600
2020.01.24	8364.02	8489.79	8202.76	8477.86	87655	0	3600
2020.01.27	8566.94	8968.76	8519.42	8926.99	90108	0	3600
2020.01.28	8928.86	9161.42	8857.43	9025.14	72797	0	3600
2020.01.29	9025.04	9420.49	9021.38	9337.66	102792	0	0
2020.01.30	9337.67	9543.58	9170.40	9537.11	99238	0	3600
2020.01.31	9539.14	9546.16	9182.71	9333.02	81814	0	3600
2020.02.03	9423.02	9587.75	9204.12	9255.59	80464	0	3600
2020.02.04	9255.51	9325.63	9062.25	9119.02	67488	0	3600
2020.02.05	9119.49	9746.24	9113.22	9670.53	77034	0	3600
2020.02.06	9669.51	9836.72	9512.04	9720.14	83102	0	3600
2020.02.07	9720.17	9849.90	9637.92	9728.13	72333	0	3600
2020.02.10	10059.02	10175.58	9741.91	9850.72	86702	0	3600
2020.02.11	9844.75	10363.95	9695.01	10222.25	76736	0	3600
2020.02.12	10222.16	10462.81	10204.02	10371.87	93308	0	3600
2020.02.13	10374.49	10488.50	10070.61	10165.32	111795	0	3600
2020.02.14	10164.08	10372.46	10086.49	10328.74	99914	0	3600
2020.02.17	9751.03	9982.31	9457.71	9630.22	126235	0	3600
2020.02.18	9629.08	10253.44	9595.17	10140.67	99937	0	3600
2020.02.19	10133.16	10282.88	9298.58	9599.20	81670	0	3600
2020.02.20	9598.50	9690.05	9399.08	9593.48	96852	0	3600
2020.02.21	9594.83	9750.63	9561.23	9653.63	88328	0	3600
2020.02.24	9867.71	10005.74	9470.90	9588.32	100155	0	3600
2020.02.25	9589.37	9658.43	9229.24	9366.21	102276	0	3600
2020.02.26	9358.35	9404.04	8607.39	8726.98	133111	0	3600
2020.02.27	8726.93	8952.73	8506.81	8737.97	116407	0	3600
2020.02.28	8740.61	8881.17	8419.98	8653.31	152343	0	3600
2020.03.02	8499.25	8930.03	8471.92	8926.53	122183	0	3600
2020.03.03	8925.44	8952.72	8644.12	8719.56	90314	0	3600
2020.03.04	8717.95	8827.49	8652.84	8715.07	93747	0	3600
2020.03.05	8712.46	9150.60	8710.77	9097.80	114487	0	3600
2020.03.06	9090.99	9160.51	8982.03	9117.59	111289	0	3600
2020.03.09	8249.65	8262.27	7616.11	7839.19	195541	0	3600
2020.03.10	7838.83	8135.99	7719.84	7979.10	127560	0	3600
2020.03.11	7979.11	8019.84	7574.12	7843.00	128997	0	3600
2020.03.12	7842.95	7967.45	5574.94	5694.96	189770	0	3600
2020.03.13	5693.53	5950.28	3883.11	5421.23	210951	0	5000
2020.03.16	5211.55	6997.23	4410.12	4888.93	161227	0	0
2020.03.17	4889.29	7159.73	4850.47	5453.66	77565	0	3200
2020.03.18	5447.71	5549.12	5006.14	5322.27	75103	0	3200
2020.03.19	5322.06	6380.87	5251.61	6238.06	72895	0	3200
2020.03.20	6228.50	6928.72	5657.72	5951.47	67507	0	3200
2020.03.23	5938.59	6619.25	5669.07	6399.48	68247	0	3200
2020.03.24	6416.85	6850.09	6342.07	6735.26	72083	0	3200
2020.03.25	6674.04	6964.82	6457.28	6615.77	71247	0	3200
2020.03.26	6660.18	6775.78	6515.76	6727.21	105609	0	3600
2020.03.27	6726.97	6847.37	6570.67	6664.75	91887	0	3600
2020.03.30	5930.08	6490.00	5837.96	6457.86	110194	0	3600
2020.03.31	6466.71	6599.10	6323.59	6462.81	107876	0	3600
2020.04.01	6465.97	6477.69	6139.53	6333.48	91961	0	3600
2020.04.02	6341.71	7223.12	6340.58	6733.55	143220	0	3600
2020.04.03	6720.37	7028.84	6600.99	6689.48	144706	0	3600
2020.04.06	6739.14	7294.72	6710.14	7213.00	75349	0	3600
2020.04.07	7200.35	7437.32	7063.45	7106.40	62352	0	3600
2020.04.08	7094.74	7404.69	7071.80	7304.51	72814	0	3600
2020.04.09	7312.63	7375.94	7110.54	7284.65	52520	0	3600
2020.04.10	7285.00	7303.16	6732.42	6895.03	57779	0	3600
2020.04.13	7083.61	7124.18	6574.00	6802.26	76089	0	3600
2020.04.14	6834.38	6974.00	6755.85	6868.04	57808	0	1484
2020.04.15	6866.85	6933.61	6681.48	6741.13	64831	0	1420
2020.04.16	6741.14	7137.24	6472.42	7051.86	63504	0	1402
2020.04.17	7052.54	7202.04	6994.38	7055.06	60942	0	0
2020.04.20	7149.20	7215.66	6751.00	6860.66	63028	0	1425
2020.04.21	6861.82	6942.39	6765.61	6888.22	61110	0	1423
2020.04.22	6888.33	7158.15	6819.91	7113.36	62126	0	1435
2020.04.23	7113.11	7740.92	7023.24	7531.44	62661	0	1453
2020.04.24	7531.94	7612.01	7390.73	7521.36	63111	0	1491
2020.04.27	7651.07	7794.18	7582.92	7701.73	62726	0	1505
2020.04.28	7701.95	7788.02	7663.36	7729.95	62509	0	1509
2020.04.29	7729.76	8963.15	7712.90	8924.23	62219	0	1513
2020.04.30	8923.70	9463.79	8401.24	8814.32	61897	0	1473
2020.05.01	8816.18	9064.91	8577.31	8699.78	58850	0	1602
2020.05.04	8831.34	8955.61	8526.91	8907.51	60832	0	1603
2020.05.05	8907.17	9110.26	8769.26	8946.52	61392	0	1616
2020.05.06	8946.67	9389.49	8912.90	9240.00	61049	0	1626
2020.05.07	9239.97	9957.53	9025.60	9797.41	61281	0	1651
2020.05.08	9797.01	10067.35	9723.52	9981.90	61783	0	1707
2020.05.11	8734.13	9160.56	8192.37	8631.30	63074	0	1590
2020.05.12	8631.91	8972.43	8464.18	8815.66	62336	0	1635
2020.05.13	8815.64	9331.27	8738.36	9290.17	61131	0	1609
2020.05.14	9290.87	9936.14	9254.86	9649.72	62358	0	1630
2020.05.15	9648.69	9844.45	9132.31	9241.75	69072	0	1600
2020.05.18	9729.09	9931.15	9409.55	9665.73	67282	0	0
2020.05.19	9665.57	9889.89	9457.03	9681.02	62701	0	1683
2020.05.20	9681.67	9828.00	9304.39	9584.33	62883	0	1011
2020.05.21	9583.63	9583.63	8792.42	9048.67	62704	0	826
2020.05.22	9045.93	9258.27	8910.83	9191.59	63429	0	0
2020.05.25	9000.12	9073.48	8632.73	8908.62	63154	0	1490
2020.05.26	8909.10	9004.68	8688.67	8850.06	62544	0	851
2020.05.27	8850.44	9217.48	8796.23	9155.49	61067	0	0
2020.05.28	9156.24	9532.50	9045.70	9436.65	62411	0	870
2020.05.29	9436.61	9615.12	9324.29	9410.51	62121	0	1666
2020.06.01	9487.99	9687.72	9377.53	9672.98	61820	0	981
2020.06.02	9674.74	10375.84	9268.18	9514.01	61804	0	1395
2020.06.03	9513.34	9642.22	9384.09	9571.32	61505	0	501
2020.06.04	9572.35	9875.82	9450.20	9777.70	61547	0	931
2020.06.05	9778.53	9851.86	9595.77	9690.53	62236	0	825
2020.06.08	9716.22	9792.88	9639.86	9699.57	61707	0	1653
2020.06.09	9699.53	9877.87	9571.38	9741.48	61015	0	314
2020.06.10	9729.57	9993.59	9691.85	9861.68	59080	0	825
2020.06.11	9860.96	9964.91	9047.07	9333.54	60027	0	871
2020.06.12	9329.81	9544.68	9219.99	9461.25	59924	0	1282
2020.06.15	9374.26	9480.71	8893.55	9472.20	59987	0	1600
2020.06.16	9474.51	9581.08	9370.89	9482.14	58218	0	825
2020.06.17	9481.23	9550.32	9230.24	9362.76	57591	0	1630
2020.06.18	9334.29	9471.68	9298.36	9330.43	57565	0	251
2020.06.19	9330.13	9417.87	9221.85	9298.62	59003	0	831
2020.06.22	9301.45	9661.10	9262.40	9640.26	66061	0	825
2020.06.23	9642.25	9774.35	9565.35	9618.19	65144	0	1645
2020.06.24	9618.20	9660.18	9186.43	9277.68	64530	0	706
2020.06.25	9277.81	9313.12	8984.42	9265.91	64595	0	825
2020.06.26	9263.32	9323.94	9019.98	9193.34	64289	0	325
2020.06.29	9095.40	9187.19	9003.36	9173.95	65380	0	1597
2020.06.30	9183.77	9227.19	9054.14	9140.19	105853	0	1599
2020.07.01	9132.14	9291.49	9081.18	9230.97	120897	0	1587
2020.07.02	9099.15	9261.65	8930.96	9075.86	121767	0	1583
2020.07.03	9067.56	9142.06	9033.58	9083.01	119258	0	825
2020.07.06	9007.72	9345.61	8909.65	9266.14	122693	0	1200
2020.07.07	9266.16	9375.91	9193.24	9250.12	321651	0	851
2020.07.08	9219.57	9466.91	9181.97	9422.93	325894	0	1083
2020.07.09	9423.02	9464.41	9153.44	9228.49	319631	0	1108
2020.07.10	9224.14	9252.65	9108.86	9222.08	301290	0	1083
2020.07.13	9224.90	9334.01	9186.78	9237.25	283107	0	0
2020.07.14	9237.14	9275.21	9101.49	9266.74	277676	0	1594
2020.07.15	9266.77	9271.62	9142.42	9203.19	277782	0	1555
2020.07.16	9203.32	9222.32	9026.31	9094.33	295853	0	1538
2020.07.17	9094.32	9175.85	9069.10	9148.48	271753	0	825
2020.07.20	9152.27	9215.54	9123.17	9167.39	220869	0	825
2020.07.21	9167.29	9435.44	9143.81	9370.16	274697	0	1553
2020.07.22	9370.15	9392.49	9276.23	9365.68	257212	0	1191
2020.07.23	9364.40	9672.28	9356.76	9582.50	269408	0	0
2020.07.24	9582.80	9628.74	9463.82	9615.65	245742	0	1581
2020.07.27	9870.56	10945.61	9842.31	10882.77	315144	0	800
2020.07.28	10882.36	11405.12	10576.07	10976.29	328336	0	800
2020.07.29	10976.35	11294.37	10846.98	11213.77	337517	0	881
2020.07.30	11211.65	11348.21	10842.54	11147.23	325907	0	860
2020.07.31	11146.24	11452.25	10967.35	11345.89	316908	0	948
2020.08.03	11106.72	11477.22	10928.70	11378.58	322537	0	908
2020.08.04	11378.63	11418.37	11019.62	11213.14	321682	0	898
2020.08.05	11210.30	11726.13	11098.65	11693.25	317089	0	924
2020.08.06	11693.70	11910.45	11544.11	11845.89	227515	0	800
2020.08.07	11827.36	11916.69	11336.16	11565.08	215440	0	806
2020.08.10	11675.47	12075.59	11602.93	11853.43	281302	0	862
2020.08.11	11853.36	11938.55	11127.57	11205.53	239209	0	902
2020.08.12	11190.92	11621.46	11121.71	11561.29	173249	0	849
2020.08.13	11311.85	11657.03	11268.40	11612.92	165031	0	869
2020.08.14	11612.00	11859.17	11601.57	11766.69	159258	0	855
2020.08.17	11843.26	12469.85	11766.55	12316.99	158682	0	800
2020.08.18	12317.31	12416.84	11822.44	12026.40	164279	0	837
2020.08.19	12026.08	12087.59	11567.00	11704.24	168759	0	800
2020.08.20	11660.60	11886.43	11657.30	11854.44	146765	0	907
2020.08.21	11854.38	11889.05	11601.18	11638.57	155462	0	825
2020.08.24	11665.77	11824.55	11585.27	11728.52	75715	0	892
2020.08.25	11529.15	11782.02	11112.70	11258.19	91476	0	800
2020.08.26	11258.17	11535.25	11246.15	11507.45	74225	0	883
2020.08.27	11507.53	11593.32	11118.79	11259.53	96108	0	800
2020.08.28	11260.06	11550.05	11248.12	11487.95	70247	0	800
2020.08.31	11627.92	11773.64	11571.10	11674.86	99277	0	865
2020.09.01	11656.00	12071.37	11523.94	12015.99	111835	0	876
2020.09.02	11956.78	12054.63	11171.02	11368.81	121014	0	800
2020.09.03	11363.36	11473.26	10466.59	10576.35	144361	0	800
2020.09.04	10576.35	10795.08	9889.02	10581.38	150392	0	800
2020.09.07	10233.75	10348.24	9870.28	10172.12	122628	0	817
2020.09.08	10158.50	10442.95	9917.05	10007.87	130462	0	800
2020.09.09	10007.87	10344.80	9834.52	10257.87	95354	0	800
2020.09.10	10257.30	10490.28	10172.85	10294.76	112048	0	800
2020.09.11	10303.60	10381.74	10201.02	10319.26	98367	0	929
2020.09.14	10310.83	10755.35	10249.84	10698.87	110786	0	921
2020.09.15	10698.87	10931.97	10602.98	10861.03	113313	0	800
2020.09.16	10862.99	11095.25	10659.52	10999.09	116377	0	800
2020.09.17	10999.09	11042.45	10739.45	10938.96	107182	0	800
2020.09.18	10950.66	11041.11	10806.79	10889.02	95026	0	880
2020.09.21	10847.16	10993.01	10295.28	10477.98	108712	0	800
2020.09.22	10471.67	10529.45	10354.67	10468.17	96742	0	833
2020.09.23	10468.17	10571.25	10132.69	10218.65	93250	0	800
2020.09.24	10227.97	10715.77	10188.29	10636.74	103029	0	800
2020.09.25	10640.12	10792.10	10552.55	10710.41	100838	0	800
2020.09.28	10719.85	10947.69	10703.54	10865.04	96672	0	800
2020.09.29	10867.87	10884.18	10621.41	10739.72	100920	0	825
2020.09.30	10757.88	10858.32	10653.45	10702.77	89804	0	800
2020.10.01	10708.38	10933.26	10436.05	10601.24	103823	0	800
2020.10.02	10594.83	10659.62	10372.01	10536.38	118415	0	800
2020.10.05	10649.54	10771.97	10617.51	10735.01	71631	0	800
2020.10.06	10720.10	10798.98	10520.31	10544.63	85166	0	812
2020.10.07	10553.13	10677.43	10521.86	10651.46	85346	0	913
2020.10.08	10652.27	10953.78	10529.43	10893.71	75644	0	901
2020.10.09	10890.80	11106.56	10829.68	11035.39	74244	0	832
2020.10.12	11281.08	11593.00	11190.92	11565.44	85818	0	800
2020.10.13	11564.28	11726.21	11308.56	11425.98	98727	0	800
2020.10.14	11419.28	11553.98	11289.56	11387.17	86436	0	800
2020.10.15	11385.77	11616.90	11248.10	11539.39	88425	0	800
2020.10.16	11528.64	11543.97	11200.79	11306.02	96582	0	801
2020.10.19	11438.33	11832.95	11408.78	11718.00	75586	0	800
2020.10.20	11730.87	12051.67	11679.66	11901.21	103824	0	808
2020.10.21	11899.36	12917.84	11879.87	12864.37	127184	0	800
2020.10.22	12816.44	13250.18	12692.65	13122.99	118713	0	800
2020.10.23	13122.28	13204.09	12728.69	12937.96	104269	0	800
2020.10.26	13029.10	13245.09	12778.96	13020.37	99514	0	800
2020.10.27	13021.00	13761.81	12995.84	13611.81	76874	0	800
2020.10.28	13611.80	13862.58	12897.99	13200.05	66694	0	800
2020.10.29	13200.50	13654.47	12981.23	13491.13	48673	0	800
2020.10.30	13491.10	13678.36	13126.67	13655.99	73983	0	800
2020.11.02	13806.39	13842.59	13209.65	13613.71	121667	0	800
2020.11.03	13629.59	13807.56	13286.70	13736.89	127116	0	800
2020.11.04	13738.03	14287.45	13543.04	14016.83	70127	0	800
2020.11.05	14016.83	15336.81	14016.83	15240.46	153770	0	800
2020.11.06	15241.16	15969.31	15205.89	15541.96	160147	0	800
2020.11.09	15365.52	15850.27	14819.68	15382.29	137531	0	800
2020.11.10	15368.31	15478.30	15089.69	15383.15	137948	0	800
2020.11.11	15383.11	15986.54	15282.28	15834.89	144130	0	800
2020.11.12	15833.75	16212.45	15469.78	16161.31	150616	0	800
2020.11.13	16160.97	16487.22	15968.66	16299.92	148356	0	800
2020.11.16	15850.49	16882.88	15784.56	16688.35	139373	0	800
2020.11.17	16743.83	17867.16	16563.04	17644.77	154826	0	800
2020.11.18	17641.21	18486.50	17274.84	17780.74	169711	0	800
2020.11.19	17778.04	18182.22	17342.20	17945.17	166294	0	800
2020.11.20	17963.10	18822.49	17716.71	18575.00	164122	0	800
2020.11.23	18554.37	18773.35	18000.05	18420.88	100154	0	922
2020.11.24	18424.92	19429.40	18044.99	18937.02	100584	0	913
2020.11.25	18937.58	19494.69	18628.58	18870.52	87717	0	862
2020.11.26	18870.52	18920.20	16198.74	17048.28	111491	0	800
2020.11.27	17047.91	17449.92	16436.26	17009.63	101658	0	989
2020.11.30	18236.53	19830.95	18069.10	19378.41	84491	0	989
2020.12.01	19375.91	19886.71	18103.78	19047.61	89325	0	999
2020.12.02	19046.71	19323.78	18334.98	19147.08	95349	0	998
2020.12.03	19144.90	19600.58	18878.53	19441.09	61643	0	921
2020.12.04	19439.32	19532.17	18684.64	18811.29	79390	0	1000
2020.12.07	19240.47	19409.33	18899.46	19076.12	76203	0	944
2020.12.08	19074.36	19277.40	18610.11	18762.84	73733	0	923
2020.12.09	18762.32	18810.66	17633.32	18510.76	103239	0	950
2020.12.10	18510.74	18631.81	17900.65	18345.00	94448	0	985
2020.12.11	18345.00	18387.37	17564.40	18110.74	105385	0	998
2020.12.14	19170.97	19321.13	18973.52	19191.27	94770	0	996
2020.12.15	19191.27	19549.07	19038.26	19419.77	71322	0	883
2020.12.16	19419.76	21276.51	19282.10	21201.18	78561	0	963
2020.12.17	21201.31	23719.90	21201.31	22763.48	105912	0	800
2020.12.18	22763.48	23265.60	22352.84	22929.61	92476	0	980
2020.12.21	23415.16	24099.30	21904.23	23133.78	104914	0	800
2020.12.22	23128.73	23596.58	22366.09	23431.50	104732	0	1000
2020.12.23	23430.72	24073.67	22735.06	23291.88	105395	0	1000
2020.12.24	23291.27	23531.11	22607.54	23430.74	96721	0	975
2020.12.28	26363.06	27421.91	26072.00	26589.57	95710	0	992
2020.12.29	26589.09	27175.54	25845.03	26882.89	93236	0	800
2020.12.30	26918.94	28974.78	26885.10	28886.33	88359	0	800
2020.12.31	28886.33	29275.09	27988.00	29040.71	89925	0	800
2021.01.04	33426.79	33650.05	28173.35	31035.45	118553	0	800
2021.01.05	31041.72	34251.05	29939.47	33798.97	102135	0	800
2021.01.06	33798.98	36492.31	33387.40	35886.95	101982	0	800
2021.01.07	35898.25	40364.00	35766.99	39651.99	100627	0	0
2021.01.08	39651.99	41937.26	36556.96	39651.95	111341	0	1600
2021.01.11	37863.59	38988.92	30283.30	33955.69	118889	0	1652
2021.01.12	33959.47	36594.80	32511.43	34699.95	111619	0	1645
2021.01.13	34699.95	37401.15	32342.39	37263.30	117385	0	1727
2021.01.14	37262.34	40126.25	36714.11	38708.70	182884	0	800
2021.01.15	38708.79	39694.38	34371.33	36149.34	191651	0	1277
2021.01.18	36622.66	37451.62	34760.43	36223.35	185869	0	1568
2021.01.19	36223.35	37858.43	36046.76	36442.16	189576	0	1526
2021.01.20	36443.16	36780.75	33359.77	34902.96	193106	0	4750
2021.01.21	34902.56	35658.84	30952.53	31172.28	193838	0	4451
2021.01.22	31175.57	33803.90	28787.36	33248.20	186865	0	3295
2021.01.25	31838.21	34863.66	31667.57	32701.57	195849	0	4604
2021.01.26	32611.08	32826.55	30814.97	32002.07	199033	0	4513
2021.01.27	31998.20	32937.28	29212.33	30986.57	198553	0	1509
2021.01.28	30992.44	33347.78	29881.25	33237.53	199307	0	1377
2021.01.29	33238.08	38636.65	31970.37	34514.60	187787	0	800
2021.02.01	32712.37	34710.16	32332.98	33651.37	186206	0	0
2021.02.02	33652.55	36008.43	33418.52	35664.93	193145	0	1481
2021.02.03	35665.29	37454.25	35375.64	37282.74	191451	0	800
2021.02.04	37282.59	38746.25	36168.88	37680.08	192295	0	905
2021.02.05	37680.06	38350.73	36596.33	37838.42	190286	0	1653
2021.02.06	40314.88	40495.71	39615.46	40080.32	29493	0	1725
2021.02.07	40079.49	40516.85	37390.55	38579.72	183272	0	1127
2021.02.08	38544.30	44841.73	38043.67	44707.85	184098	0	800
2021.02.09	44701.62	48232.35	44285.23	47325.82	195165	0	1633
2021.02.10	47327.77	47364.75	43739.08	45018.61	184446	0	1285
2021.02.11	45018.66	48690.24	44006.60	46918.84	180373	0	800
2021.02.12	46919.39	49080.71	46221.98	47912.62	183353	0	1360
2021.02.13	46899.14	47442.77	46699.66	47177.03	30250	0	1608
2021.02.14	47175.83	49752.74	46909.89	48861.69	178807	0	868
2021.02.15	48770.95	49344.87	45831.28	48195.57	174115	0	1181
2021.02.16	48198.05	50633.90	47038.99	48558.01	185172	0	800
2021.02.17	48557.84	52644.06	48504.52	52400.95	182453	0	1464
2021.02.18	52401.60	52566.02	50839.50	52025.34	169979	0	1281
2021.02.19	52025.79	56443.74	50751.14	55498.68	170924	0	1042
2021.02.20	57022.05	57302.37	56281.74	56511.70	28983	0	1800
2021.02.21	56517.67	58337.27	54024.28	57343.51	173659	0	800
2021.02.22	57342.81	57658.36	47860.35	54951.37	184147	0	800
2021.02.23	54949.70	55027.35	44991.60	47939.64	182968	0	0
2021.02.24	47934.75	51404.63	46966.18	48698.35	150817	0	800
2021.02.25	48740.33	52069.43	48020.00	48020.00	161450	0	1850
2021.02.26	48045.72	48819.59	44106.12	45945.86	164561	0	1850
2021.02.27	46031.41	48344.63	45677.80	46824.38	127287	0	2025
2021.02.28	46850.36	46863.01	42954.25	45237.50	138703	0	1850
2021.03.01	45165.90	49551.77	44860.42	48859.42	156485	0	1850
2021.03.02	48846.66	50249.75	47013.32	47427.52	143681	0	1850
2021.03.03	47426.16	52626.61	47338.20	50937.72	128343	0	1850
2021.03.04	50946.35	51792.39	47424.81	47925.25	136276	0	1850
2021.03.05	47921.74	49462.13	46249.15	49109.00	126581	0	1850
2021.03.06	49021.24	49160.00	47050.27	48568.33	111380	0	1850
2021.03.07	48587.00	51348.50	48468.26	50085.62	112965	0	1850
2021.03.08	50034.60	52004.51	49294.57	51838.31	127151	0	1850
2021.03.09	51863.87	54812.01	51359.07	54292.26	131387	0	1850
2021.03.10	54311.50	57406.91	52943.45	56920.00	120920	0	1850
2021.03.11	56921.55	57944.45	54252.53	57494.48	117027	0	1850
2021.03.12	57574.57	58141.75	55011.09	56828.75	128224	0	1850
2021.03.13	57147.44	61770.25	56071.34	61590.50	107342	0	1850
2021.03.14	61588.00	61686.27	59272.63	60254.11	115206	0	1850
2021.03.15	60253.75	60748.25	54545.75	56426.61	136392	0	1850
2021.03.16	56354.30	56969.25	53178.28	56375.65	131676	0	1850
2021.03.17	56327.20	58305.16	54105.05	57695.22	133297	0	1850
2021.03.18	57697.00	60085.09	56936.12	57475.08	121432	0	1850
2021.03.19	57451.80	59461.05	56249.68	58246.75	121414	0	1850
2021.03.20	58619.39	59828.20	57803.42	58540.25	113358	0	1850
2021.03.21	58530.51	58836.84	55448.93	57802.50	120813	0	1850
2021.03.22	57804.34	58435.48	54149.07	54525.65	128789	0	1850
2021.03.23	54501.60	55858.24	52945.88	54429.95	146404	0	1850
2021.03.24	54392.90	57202.75	53181.69	53986.63	146937	0	1850
2021.03.25	53996.90	54216.63	50383.86	51978.75	151624	0	1850
2021.03.26	51936.90	54286.99	51218.17	54104.17	114932	0	65
2021.03.27	54473.61	56247.01	54084.73	55843.84	82212	0	0
2021.03.28	55890.57	56593.05	54665.93	54835.68	74831	0	50
2021.03.29	54766.80	58378.86	54766.80	57252.46	64106	0	50
2021.03.30	57218.22	59413.56	57010.13	58648.50	65147	0	3
2021.03.31	58660.70	59814.28	56804.80	58872.33	73009	0	66
2021.04.01	58949.51	59498.79	57885.86	58818.31	83045	0	3
2021.04.02	58848.27	60088.34	58430.46	58684.27	79350	0	20
2021.04.03	58709.89	59798.50	57741.61	58047.03	79374	0	30
2021.04.04	58059.04	58506.56	56466.97	58051.79	94329	0	1
2021.04.05	58047.70	59258.62	56806.80	58759.89	82224	0	12
2021.04.06	58798.31	59467.74	57312.30	58213.24	86942	0	18
2021.04.07	58239.45	58642.00	55440.46	56184.90	89884	0	151
2021.04.08	56193.40	58149.93	55688.16	57656.49	78488	0	4
2021.04.09	57675.57	58892.80	57444.34	58293.82	70440	0	49
2021.04.10	58318.10	61106.88	57837.92	58514.26	62368	0	25
2021.04.11	58507.26	60683.20	58421.58	59676.93	69685	0	2
2021.04.12	59594.60	61210.25	59387.25	59962.99	70107	0	100
2021.04.13	59967.34	63743.66	59721.10	63194.34	89616	0	24
2021.04.14	63195.84	64887.37	61267.00	62365.02	124203	0	4
2021.04.15	62399.00	63648.68	62028.86	63397.99	104625	0	22
2021.04.16	63401.44	63840.53	60015.99	61983.65	115148	0	24
2021.04.17	61804.86	62570.82	59628.66	60837.50	99943	0	120
2021.04.18	60831.53	60972.26	50833.89	56237.23	111228	0	8013
2021.04.19	56116.00	57618.81	54296.25	56197.00	108550	0	500
2021.04.20	56202.31	57086.88	53400.39	56743.70	114185	0	500
2021.04.21	56762.76	57097.14	54309.43	54983.25	105711	0	500
2021.04.22	54982.08	55468.21	51422.41	51558.27	123718	0	500
2021.04.23	51597.73	52210.99	47315.86	50537.50	135293	0	500
2021.04.24	50364.98	51242.50	48968.62	50987.91	108880	0	500
2021.04.25	50964.42	51045.12	47941.94	48101.26	108831	0	1025
2021.04.26	48123.10	54395.24	47005.28	53254.40	129631	0	500
2021.04.27	53244.98	55388.50	52620.22	55190.24	113585	0	500
2021.04.28	55088.20	56459.59	53856.75	54442.32	119915	0	500
2021.04.29	54341.60	55234.99	52381.79	52994.12	124950	0	500
2021.04.30	52834.90	57406.05	52818.25	56803.49	116533	0	500
2021.05.01	56976.10	58533.26	56877.95	57719.94	61659	0	500
2021.05.02	57717.00	58010.88	56003.07	57041.44	75856	0	1100
2021.05.03	56960.00	58984.01	56252.00	56773.43	101956	0	1100
2021.05.04	56912.00	57521.80	53239.22	54718.79	133036	0	1024
2021.05.05	54716.80	57952.74	52907.24	56843.03	132582	0	1042
2021.05.06	56870.05	58386.75	55238.90	55918.31	115333	0	1200
2021.05.07	55939.28	58731.00	55272.25	57618.48	123004	0	1192
2021.05.08	57397.28	59561.45	56776.36	58995.04	101273	0	1025
2021.05.09	59010.80	59223.35	56228.34	57893.37	94782	0	1003
2021.05.10	57950.29	59623.60	53485.53	55252.56	124633	0	1023
2021.05.11	55294.87	56942.99	54472.24	56873.06	127375	0	1200
2021.05.12	56892.49	58034.49	53539.24	54438.19	116098	0	1200
2021.05.13	54480.18	54808.76	45417.85	49263.60	141530	0	1174
2021.05.14	49300.25	51577.75	48413.75	49164.95	123416	0	1200
2021.05.15	49736.87	50722.33	46928.50	48235.75	150951	0	500
2021.05.16	48235.76	49814.13	43840.54	44056.92	184097	0	500
2021.05.17	44062.70	46640.28	42081.14	44782.97	150317	0	941
2021.05.18	44777.34	45825.25	42391.24	43264.08	147351	0	1200
2021.05.19	43295.08	43587.99	28686.10	38248.92	160270	0	1200
2021.05.20	38250.46	42530.00	34893.91	40047.95	160579	0	500
2021.05.21	40072.12	42294.90	35155.00	35177.36	150960	0	1200
2021.05.22	36635.24	38870.30	35220.40	38067.44	127103	0	500
2021.05.23	38069.09	38384.47	31106.00	33683.61	148462	0	500
2021.05.24	33685.97	39920.37	33634.88	38981.22	162297	0	1200
2021.05.25	39007.78	39843.75	36470.34	37630.50	151817	0	500
2021.05.26	37626.20	40904.76	37438.50	38756.50	129664	0	1200
2021.05.27	38766.55	40418.26	37172.01	38469.75	122901	0	1200
2021.05.28	38485.10	39173.04	35108.50	35207.01	140161	0	867
2021.05.29	34982.58	37322.74	33622.03	34223.66	119466	0	878
2021.05.30	34259.82	36504.43	33385.71	36045.89	117549	0	1116
2021.05.31	36062.45	37472.50	34162.00	36677.25	129250	0	1200
2021.06.01	36687.85	37895.76	35665.28	36315.50	126168	0	1200
2021.06.02	36234.33	38236.79	35906.00	37730.25	99687	0	2352
2021.06.03	37727.82	39479.26	37177.51	38692.25	99814	0	1500
2021.06.04	38695.85	39277.01	35551.83	37018.01	109012	0	1500
2021.06.05	37233.69	37923.26	35521.43	35832.51	80945	0	1001
2021.06.06	35834.72	36475.56	34802.74	35976.25	86155	0	1001
2021.06.07	35967.60	36809.24	33995.97	34416.14	95860	0	1500
2021.06.08	34430.88	34629.95	30993.17	33619.74	127723	0	2351
2021.06.09	33620.06	36963.54	32408.50	36380.99	129164	0	1500
2021.06.10	36389.14	38445.99	35793.49	36464.39	130120	0	1500
2021.06.11	36483.51	37692.34	35911.47	37133.87	116049	0	0
2021.06.12	36900.91	37493.06	34999.75	35999.69	97879	0	1047
2021.06.13	35992.23	39342.33	34781.00	39208.33	98174	0	1047
2021.06.14	39246.25	41026.25	38688.24	39825.88	121935	0	1151
2021.06.15	39824.90	41319.01	39485.25	39948.02	116663	0	1500
2021.06.16	39942.58	40497.50	38276.97	38515.04	119202	0	1500
2021.06.17	38516.58	39558.25	37344.11	37706.74	112520	0	1094
2021.06.18	37740.17	38200.93	35135.25	35484.25	111438	0	1500
2021.06.19	35629.70	36444.06	34793.41	36071.53	69972	0	1100
2021.06.20	36094.99	36135.62	33317.88	35798.48	74717	0	1005
2021.06.21	35805.15	35868.39	31677.95	32555.50	127894	0	1500
2021.06.22	32563.22	33312.25	28869.07	32874.39	128023	0	1500
2021.06.23	32888.41	34834.73	31703.01	33032.33	129540	0	1500
2021.06.24	33045.16	35256.54	32319.26	34847.72	120980	0	1500
2021.06.25	34842.67	35499.00	31475.57	32191.23	124735	0	1500
2021.06.26	31747.23	32706.66	30132.21	31264.05	92062	0	1064
2021.06.27	31290.16	33587.11	30875.87	32639.00	99124	0	1019
2021.06.28	32617.93	35299.50	32400.00	34628.58	107148	0	1500
2021.06.29	34659.27	36629.50	34101.89	36150.47	112914	0	1500
2021.06.30	36147.98	36308.56	34031.51	34572.65	106384	0	1500
2021.07.01	34581.62	35206.50	32692.40	33381.32	108658	0	1250
2021.07.02	33406.88	33968.25	32682.60	33111.35	101541	0	1250
2021.07.03	33441.47	34936.57	33301.45	34695.92	73435	0	1049
2021.07.04	34712.11	35686.00	34261.53	35531.43	65292	0	1005
2021.07.05	35536.10	35946.80	33087.13	33846.49	80495	0	1250
2021.07.06	33843.79	35099.25	33524.75	33931.26	78177	0	1250
2021.07.07	33949.07	35049.88	33618.92	34514.25	63860	0	1250
2021.07.08	34530.55	34538.78	32076.75	32791.71	77859	0	1250
2021.07.09	32798.78	33684.00	32259.53	33505.16	77270	0	1250
2021.07.10	33858.28	34267.63	33002.12	33296.29	56596	0	1055
2021.07.11	33316.04	34107.81	33261.28	33835.50	53625	0	1100
2021.07.12	33838.92	34667.25	32641.59	32831.75	67116	0	1250
2021.07.13	32829.77	33340.25	32187.50	32489.00	60452	0	1250
2021.07.14	32496.55	33095.00	31572.75	32790.28	70139	0	1250
2021.07.15	32796.73	33177.00	31118.75	31732.25	67915	0	1250
2021.07.16	31735.67	32240.75	31004.00	31816.75	70328	0	1103
2021.07.17	31719.02	31950.43	31155.16	31707.24	51583	0	1250
2021.07.18	31718.05	32426.39	31085.15	31629.75	47440	0	1050
2021.07.19	31627.91	31923.25	30385.00	30747.25	60294	0	1250
2021.07.20	30760.86	31042.50	29264.25	29837.25	63996	0	1250
2021.07.21	29853.28	32811.87	29471.75	31770.71	67566	0	1250
2021.07.22	31773.21	32598.75	31636.18	32226.45	69245	0	1099
2021.07.23	32219.72	32924.50	31995.00	32482.25	57232	0	1250
2021.07.24	32572.37	34517.58	32492.23	33928.12	56391	0	1001
2021.07.25	33924.08	34825.02	33826.77	34468.00	52946	0	1001
2021.07.26	34470.76	40553.25	34424.25	37740.33	93522	0	1250
2021.07.27	37743.80	38774.50	36398.00	38032.28	88189	0	1250
2021.07.28	38036.73	40924.50	37950.27	39934.71	97532	0	1250
2021.07.29	39938.99	40645.75	39252.75	39711.50	81668	0	1250
2021.07.30	39722.94	41599.37	38312.19	40653.68	70190	0	1250
2021.07.31	41217.51	42414.37	40967.83	41526.56	61984	0	1128
2021.08.01	41529.97	42603.57	40595.00	41234.25	70153	0	1001
2021.08.02	41244.81	41300.50	38656.26	38824.81	73405	0	1250
2021.08.03	38823.61	39763.50	37575.00	38043.75	69646	0	1250
2021.08.04	38056.15	39853.23	37455.55	39744.00	68225	0	1250
2021.08.05	39749.43	41389.00	37259.20	40863.19	80448	0	1250
2021.08.06	40893.10	43364.00	39857.80	42724.75	89834	0	1250
2021.08.07	42412.72	44578.98	42412.72	43981.22	73862	0	1035
2021.08.08	43970.93	45357.04	43270.97	43848.19	83017	0	1097
2021.08.09	43842.77	46493.75	42773.62	45456.09	84202	0	1250
2021.08.10	45449.15	46731.50	44637.00	45620.00	84838	0	1250
2021.08.11	45622.83	46772.00	45231.25	46316.33	77968	0	1250
2021.08.12	46319.60	46377.41	43780.93	44472.00	82898	0	1250
2021.08.13	44486.14	47884.42	43866.75	47605.75	77171	0	1250
2021.08.14	47567.20	47860.01	46132.33	46645.02	72086	0	1020
2021.08.15	46649.55	47402.45	45488.78	46699.75	78484	0	1009
2021.08.16	46706.34	48058.00	45648.75	46063.50	81480	0	1250
2021.08.17	46037.96	47170.00	44508.25	44954.75	90150	0	1250
2021.08.18	44975.97	46019.00	44203.50	44531.20	98149	0	1250
2021.08.19	44533.30	46873.08	43924.76	46587.25	99798	0	1250
2021.08.20	46594.61	49123.50	46335.74	48670.36	86454	0	1250
2021.08.21	49344.53	49816.83	48482.59	48987.09	74716	0	1069
2021.08.22	49015.10	49493.68	48045.05	48392.58	85302	0	1037
2021.08.23	48405.43	50517.51	48255.28	49501.75	85231	0	1250
2021.08.24	49516.63	49867.75	47723.94	48321.32	81745	0	1250
2021.08.25	48334.63	49154.76	47101.75	48654.06	81356	0	1250
2021.08.26	48688.38	49349.26	46292.46	46991.19	88456	0	1727
2021.08.27	47008.01	49174.75	46347.27	48896.34	82564	0	1250
2021.08.28	49000.99	49320.16	48369.31	48724.18	67186	0	1100
2021.08.29	48735.93	49661.00	47787.32	48898.65	65524	0	1050
2021.08.30	48916.69	49413.40	47384.66	48639.54	70109	0	1250
2021.08.31	48640.99	48679.09	46678.02	46997.23	81283	0	1250
2021.09.01	46989.61	49103.76	46509.70	48268.70	75310	0	1250
2021.09.02	48248.71	50389.47	48232.49	49556.01	78157	0	1250
2021.09.03	49547.55	51080.00	48328.52	50113.89	87927	0	1250
2021.09.04	50222.59	50482.44	49379.76	50186.25	69769	0	1001
2021.09.05	50171.50	51726.22	49479.99	51680.18	82338	0	1108
2021.09.06	51690.97	52224.49	51004.74	51930.48	77422	0	1250
2021.09.07	51941.60	52958.97	45998.76	46765.58	94437	0	1250
2021.09.08	46762.01	47381.26	44421.78	46020.25	103832	0	1250
2021.09.09	46041.17	47391.00	45467.25	46216.89	99689	0	1250
2021.09.10	46240.92	47025.00	44713.25	45045.50	92998	0	1250
2021.09.11	44549.54	45985.26	44222.99	45302.97	80005	0	1001
2021.09.12	45305.20	46270.65	44739.62	45038.16	85362	0	1001
2021.09.13	45068.73	46889.20	43357.76	45125.59	105366	0	1250
2021.09.14	45173.50	46974.75	44657.36	46828.44	99454	0	1250
2021.09.15	46814.87	48452.08	46377.36	47916.59	103945	0	1250
2021.09.16	47932.62	48512.39	47010.71	47113.31	98942	0	1250
2021.09.17	47129.95	48161.00	46705.55	46954.97	93075	0	1150
2021.09.18	47124.16	48779.07	46869.86	47974.78	70655	0	1049
2021.09.19	47971.28	48373.03	47052.69	47584.86	69586	0	1014
2021.09.20	47604.64	47672.18	42439.59	43522.15	112799	0	1451
2021.09.21	43518.76	43920.84	40109.88	40857.82	115721	0	1451
2021.09.22	40860.04	44021.91	39535.69	43398.83	118342	0	1451
2021.09.23	43421.85	44955.20	43013.48	44685.29	100044	0	1451
2021.09.24	44698.13	45155.71	40665.32	42942.16	123843	0	1451
2021.09.25	42955.73	43119.81	41641.25	42652.31	82030	0	1150
2021.09.26	42664.93	43782.05	40787.31	43641.39	102973	0	1049
2021.09.27	43650.32	44365.75	42592.23	42645.85	119808	0	1451
2021.09.28	42690.00	43400.25	41107.26	41767.47	113487	0	1451
2021.09.29	41761.19	42588.51	40737.08	41108.00	96700	0	1150
2021.09.30	41104.22	44099.25	40944.00	43397.81	100542	0	1451
2021.10.01	43426.42	48203.53	43265.43	48132.51	95097	0	1451
2021.10.02	48394.04	48488.73	47441.87	48024.18	70213	0	1001
2021.10.03	48011.69	49204.47	47113.30	48442.00	77966	0	1001
2021.10.04	48441.50	49510.50	46910.06	48977.50	116457	0	1001
2021.10.05	48990.55	51791.84	48563.24	51450.00	124907	0	1451
2021.10.06	51475.93	55386.20	50412.25	54939.78	136463	0	1451
2021.10.07	54923.12	55773.50	53366.93	54191.49	138634	0	1451
2021.10.08	54179.41	56145.09	53607.11	53978.68	125607	0	1050
2021.10.09	54146.04	55474.29	53681.45	54668.18	91946	0	1026
2021.10.10	54664.43	56533.32	54094.23	55359.06	120842	0	1050
2021.10.11	55409.22	57834.63	54358.01	57309.23	138204	0	1451
2021.10.12	57333.96	57684.94	53783.79	55331.84	126562	0	1050
2021.10.13	55322.29	57485.63	54189.47	56975.11	120531	0	1050
2021.10.14	56970.54	58540.51	56738.61	57405.78	114424	0	1050
2021.10.15	57424.91	62870.11	56854.51	62450.11	122128	0	1050
2021.10.16	61082.87	62375.76	60124.06	61013.30	76739	0	1025
2021.10.17	60997.09	61444.79	58915.16	59393.80	88210	0	1021
2021.10.18	59392.23	62682.96	59291.87	61356.16	126393	0	1050
2021.10.19	61354.08	64364.13	61106.00	64097.81	117256	0	1451
2021.10.20	64107.24	67010.91	63522.84	65985.54	109305	0	1429
2021.10.21	65986.12	66660.69	61920.34	62656.77	135127	0	1451
2021.10.22	62656.20	63748.25	59949.26	60715.32	140005	0	1451
2021.10.23	60369.16	61732.55	60277.52	61121.75	77636	0	1025
2021.10.24	61107.86	61487.54	59471.15	61110.49	100958	0	1025
2021.10.25	61148.88	63730.26	60641.26	62542.60	107237	0	1050
2021.10.26	62550.31	63286.26	61767.74	62088.62	100183	0	1050
2021.10.27	62061.00	62078.17	57981.35	58845.93	131672	0	1451
2021.10.28	58911.77	62474.97	57807.36	61394.01	128363	0	1451
2021.10.29	61393.55	62975.25	60167.52	62390.41	123124	0	1451
2021.10.30	62241.59	62452.26	60729.92	61630.12	79843	0	1025
2021.10.31	61655.98	62420.69	59965.51	60909.67	104673	0	1025
2021.11.01	60948.97	62473.75	59382.59	60682.48	123979	0	1451
2021.11.02	60672.48	64303.95	60439.27	63113.55	130079	0	1387
2021.11.03	63140.22	63550.72	60430.99	62763.34	124064	0	1250
2021.11.04	62763.96	63235.68	60701.20	61361.65	109502	0	500
2021.11.05	61361.65	62636.05	60766.44	60954.95	89394	0	1000
2021.11.06	61106.96	61581.93	60247.21	61461.26	72923	0	3590
2021.11.07	61461.27	63152.56	61339.79	62873.40	86970	0	3640
2021.11.08	62873.73	66551.97	62784.15	66081.06	92268	0	1000
2021.11.09	66081.10	68564.89	66081.10	67709.57	84675	0	1000
2021.11.10	67705.45	69041.14	62795.01	64274.94	87248	0	1000
2021.11.11	64274.94	65601.90	63901.51	65058.03	83013	0	1000
2021.11.12	65058.03	65487.95	62292.21	64080.78	103053	0	1000
2021.11.13	63918.22	64981.71	63381.47	64345.07	73491	0	3698
2021.11.14	64345.74	65339.73	63592.13	64305.90	88620	0	3708
2021.11.15	64307.51	66334.94	63379.13	63863.86	99824	0	1000
2021.11.16	63863.88	64018.85	58676.08	60478.67	131016	0	1000
2021.11.17	60489.06	61164.72	58373.18	60105.93	111646	0	1000
2021.11.18	60105.69	60962.76	56627.20	57587.65	110617	0	1000
2021.11.19	57580.46	58385.64	55624.36	57853.50	109020	0	1000
2021.11.20	57867.14	59678.86	57402.65	59625.60	77558	0	2799
2021.11.21	59625.60	60035.87	58535.33	59525.92	102271	0	3520
2021.11.22	59525.93	59566.04	55632.87	56260.41	125311	0	1000
2021.11.23	56235.07	57874.75	55429.05	57689.34	113819	0	1000
2021.11.24	57689.33	57755.68	55908.32	57323.89	94553	0	1000
2021.11.25	57323.89	59451.52	56855.79	58832.65	87752	0	1000
2021.11.26	58831.24	59354.75	53537.51	54016.63	117842	0	1000
2021.11.27	54077.71	55302.43	53521.81	54615.56	88443	0	3321
2021.11.28	54619.95	56410.60	53338.89	56322.66	108174	0	3322
2021.11.29	56324.72	58907.58	56074.42	58314.05	97272	0	1000
2021.11.30	58315.71	59240.04	55914.72	57120.68	113972	0	1000
2021.12.01	57116.92	59094.28	56471.03	57014.47	109458	0	1000
2021.12.02	57014.47	57409.29	55833.06	56903.23	103546	0	1000
2021.12.03	56898.75	57653.08	51707.75	53626.04	104570	0	1000
2021.12.04	53412.88	53864.23	46740.85	48736.97	106694	0	3194
2021.12.05	48737.07	49742.23	47806.11	49213.91	129299	0	4232
2021.12.06	49213.81	50622.11	47231.08	50097.07	124117	0	1000
2021.12.07	50096.73	51948.02	50082.80	50505.72	114112	0	1000
2021.12.08	50505.72	51239.66	48639.72	50621.03	115047	0	1000
2021.12.09	50621.03	50831.53	47329.62	47987.78	122319	0	1000
2021.12.10	47986.93	50121.99	47257.03	47940.63	125163	0	1000
2021.12.11	47529.18	49299.43	46777.10	48790.82	102890	0	1000
2021.12.12	48790.82	50794.28	48652.24	49954.04	118801	0	1000
2021.12.13	49952.28	50382.22	45728.80	46811.08	124992	0	1000
2021.12.14	46810.98	48636.63	46307.64	48317.20	124460	0	1000
2021.12.15	48311.42	49495.69	46557.70	49177.83	120072	0	1000
2021.12.16	49177.89	49449.26	47683.69	48099.30	112812	0	1000
2021.12.17	48098.68	48169.84	45466.83	46849.63	117387	0	1000
2021.12.18	46549.45	47239.20	45515.16	46948.40	95123	0	1000
2021.12.19	46948.41	48285.90	46443.74	46726.89	99296	0	1000
2021.12.20	46726.89	47587.55	45550.80	46981.07	118728	0	1000
2021.12.21	46980.81	49320.13	46652.23	49098.29	109123	0	1000
2021.12.22	49098.29	49571.00	48447.23	49065.18	99921	0	1000
2021.12.23	49065.86	51383.65	48061.28	50834.69	110233	0	1000
2021.12.24	50834.69	51867.94	50438.36	50900.40	104527	0	1000
2021.12.26	51000.53	51034.61	49465.70	50791.05	98633	0	1000
2021.12.27	50792.57	52093.06	50459.98	50962.81	102526	0	1000
2021.12.28	50980.71	51230.55	47294.74	47549.04	120335	0	1000
2021.12.29	47549.15	48133.83	46592.95	47229.56	111050	0	1000
2021.12.30	47229.56	47910.51	45931.41	47290.32	106952	0	1000
2021.12.31	47288.79	48578.44	45659.39	46304.17	111923	0	1000
2022.01.02	47354.29	48033.32	46656.66	47011.79	98576	0	1000
2022.01.03	47011.79	47567.18	45699.57	45972.07	107371	0	1000
2022.01.04	45972.06	47527.31	45528.41	46192.04	109302	0	1000
2022.01.05	46192.80	47068.80	43427.10	43594.43	104900	0	1000
2022.01.06	43594.43	43773.29	42417.99	43109.95	126632	0	1000
2022.01.07	43110.34	43224.09	40651.06	41871.74	122675	0	1000
2022.01.08	41524.88	42221.64	40550.94	41783.51	94670	0	1000
2022.01.09	41775.61	42771.92	41201.62	42311.37	110802	0	1000
2022.01.10	42311.41	42490.56	39657.77	41720.25	119608	0	1000
2022.01.11	41720.15	43115.94	41267.45	42689.04	120257	0	2287
2022.01.12	42689.77	44329.37	42467.45	43781.01	116146	0	2424
2022.01.13	43783.71	44428.89	42320.43	42812.44	115605	0	2470
2022.01.14	42822.42	43472.48	41751.54	43309.48	119450	0	2113
2022.01.15	43276.15	43821.22	42646.26	43300.23	78776	0	2479
2022.01.16	43300.63	43466.13	42593.21	42966.86	104336	0	2469
2022.01.17	42965.25	43282.66	41612.67	41727.95	114856	0	2448
2022.01.18	41727.91	42495.77	41278.50	42375.84	118055	0	2397
2022.01.19	42381.48	42699.40	41142.59	41710.71	113098	0	2282
2022.01.20	41710.71	43508.16	41302.41	41318.13	111876	0	2353
2022.01.21	41316.96	41541.33	36124.53	36669.69	137298	0	2169
2022.01.22	36034.15	36818.00	34253.78	35384.29	116691	0	2113
2022.01.23	35384.31	36146.66	34609.21	35368.24	133537	0	2043
2022.01.24	35364.21	37516.78	32891.73	36772.09	137589	0	2027
2022.01.25	36770.81	37546.25	35665.36	36561.92	136645	0	1493
2022.01.26	36562.25	38921.41	36326.44	36335.60	133936	0	2213
2022.01.27	36332.41	37220.42	35518.02	36198.08	136557	0	2154
2022.01.28	36197.82	38022.52	35901.41	37801.68	133676	0	2445
2022.01.29	37673.49	38753.11	37304.46	38369.34	98132	0	2511
2022.01.30	38368.42	38421.12	37352.73	37741.43	109742	0	2466
2022.01.31	37746.80	38767.52	36645.86	38419.50	119287	0	1934
2022.02.01	38417.64	39298.05	38006.20	38814.50	117068	0	2022
2022.02.02	38807.59	38917.46	36587.56	36920.06	110288	0	2032
2022.02.03	36913.87	37224.07	36245.38	36961.66	119014	0	2065
2022.02.04	36961.67	40899.48	36801.39	40639.10	116980	0	2050
2022.02.05	40655.94	41961.06	40584.57	41651.38	86962	0	2143
2022.02.06	41651.45	42150.66	41118.77	41679.87	88852	0	2070
2022.02.07	41679.87	44518.76	41507.43	44097.29	119845	0	1820
2022.02.08	44101.86	45516.55	42681.78	44218.16	119267	0	2161
2022.02.09	44216.94	44846.15	43127.96	44482.36	115639	0	2257
2022.02.10	44477.64	45857.07	43198.28	43762.32	115303	0	2269
2022.02.11	43762.76	44093.66	42071.64	42556.62	120288	0	2155
2022.02.12	42162.44	43022.05	41716.60	41883.98	92474	0	2133
2022.02.13	41884.01	42767.57	41838.43	42216.45	101755	0	2255
2022.02.14	42213.64	42851.92	41553.57	42236.09	111269	0	1618
2022.02.15	42236.15	44528.27	42236.15	43990.00	105070	0	2267
2022.02.16	43992.41	44778.05	43341.00	44087.94	104154	0	2030
2022.02.17	44087.90	44191.96	40071.47	40693.56	111723	0	2202
2022.02.18	40690.08	40977.60	39465.26	39981.54	110045	0	2185
2022.02.19	39944.85	40465.83	39636.57	39928.36	83116	0	2063
2022.02.20	39928.36	40153.94	37969.54	38244.50	117361	0	2133
2022.02.21	38244.48	39505.23	36982.62	37047.25	130020	0	2082
2022.02.22	37057.30	38290.84	36351.56	37887.32	124959	0	2070
2022.02.23	37889.56	39260.49	37395.64	37524.11	121154	0	1898
2022.02.24	37524.12	39726.90	34327.56	38395.47	138181	0	2031
2022.02.25	38398.15	39700.78	37754.48	38983.77	130526	0	2050
2022.02.26	39427.34	40316.78	38581.23	39457.73	95069	0	2085
2022.02.27	39454.29	39867.67	36986.60	37374.07	117207	0	1968
2022.02.28	37568.50	41954.72	37360.71	41658.41	128577	0	1946
2022.03.01	41659.10	44982.49	41634.75	43893.82	131421	0	1722
2022.03.02	43894.25	45357.29	43332.80	44079.58	126984	0	1247
2022.03.03	44079.77	44367.82	41801.03	42094.89	118768	0	1818
2022.03.04	42101.13	42699.79	39052.61	39386.68	127498	0	2023
2022.03.05	38999.46	39597.27	38563.82	39367.72	93017	0	2146
2022.03.06	39368.05	39695.18	38081.61	39019.31	109376	0	2026
2022.03.07	39019.99	39539.29	37143.40	37824.61	125550	0	1791
2022.03.08	37814.90	39365.85	37779.38	38494.80	129670	0	2035
2022.03.09	38495.12	42592.09	38473.50	41878.10	125606	0	2154
2022.03.10	41884.41	42143.86	38548.67	39318.26	123199	0	1946
2022.03.11	39318.26	40247.49	38231.85	38850.95	124587	0	2147
2022.03.12	38905.12	39428.53	38656.66	39129.59	61708	0	2160
2022.03.13	39129.69	39311.72	38357.03	38677.80	90506	0	2127
2022.03.14	38681.06	39307.01	37552.05	38724.07	109735	0	2051
2022.03.15	38724.02	39937.45	38101.43	39438.94	104630	0	2143
2022.03.16	39438.33	41709.93	38829.75	41256.86	119651	0	1916
2022.03.17	41260.39	41490.12	40517.70	40711.04	99732	0	2230
2022.03.18	40709.66	42363.66	40162.50	41747.06	95020	0	2303
2022.03.19	41811.41	42411.53	41518.16	42203.94	64794	0	2336
2022.03.20	42201.23	42378.12	40914.21	41291.14	81830	0	2337
2022.03.21	41297.25	41551.81	40467.38	41123.78	98977	0	2323
2022.03.22	41123.77	43414.87	40869.80	42604.13	107071	0	2336
2022.03.23	42604.10	42890.33	41752.16	42360.11	103066	0	2365
2022.03.24	42359.10	44244.66	42238.40	43879.44	106553	0	2341
2022.03.25	43879.64	45120.97	43605.85	44563.56	101559	0	2168
2022.03.26	44526.60	44814.34	44076.66	44578.10	57212	0	2418
2022.03.27	44576.03	46734.86	44252.86	46126.07	66309	0	2254
2022.03.28	46123.07	48215.57	45848.70	47961.19	94803	0	2473
2022.03.29	47961.21	48128.75	46903.33	47481.60	90192	0	2305
2022.03.30	47482.89	47708.73	46564.04	47282.10	87164	0	2454
2022.03.31	47279.39	47619.61	45498.71	45760.18	84523	0	2381
2022.04.01	45760.26	46725.86	44222.28	46154.28	97919	0	2237
2022.04.02	46318.29	47222.05	45618.74	46183.45	69331	0	2482
2022.04.03	46182.87	46782.40	45530.98	46368.32	63241	0	2390
2022.04.04	46368.25	47464.55	45115.28	46312.81	98427	0	2301
2022.04.05	46312.46	47202.90	45453.23	45735.90	85548	0	2261
2022.04.06	45859.92	46040.31	43160.78	43872.60	96639	0	2320
2022.04.07	43865.95	43986.76	42713.00	43559.78	94465	0	2300
2022.04.08	43559.89	43977.99	42394.21	42810.89	91969	0	2291
2022.04.09	42557.66	42653.02	42096.41	42421.42	59070	0	2107
2022.04.10	42422.11	43422.75	42382.22	43092.25	60996	0	2426
2022.04.11	43093.09	43198.85	39462.93	39829.64	97197	0	2301
2022.04.12	39828.83	40684.01	39187.80	39513.96	105025	0	2326
2022.04.13	39511.36	41556.82	39465.67	41240.26	96046	0	2195
2022.04.14	41242.70	41488.93	39436.03	39900.70	91432	0	1835
2022.04.15	39900.60	40861.07	39758.31	40392.50	68575	0	2202
2022.04.16	40417.13	40692.20	39986.31	40277.86	42951	0	2252
2022.04.17	40277.23	40694.29	39827.40	40262.41	55201	0	2204
2022.04.18	40262.28	41074.96	38512.45	40662.60	88248	0	2193
2022.04.19	40663.49	41751.22	40344.00	41288.98	79458	0	2170
2022.04.20	41289.02	42190.93	40882.30	41417.79	80642	0	2360
2022.04.21	41417.74	42981.29	40519.31	40592.69	91413	0	2133
2022.04.22	40600.44	40847.18	39158.14	39609.64	89392	0	2334
2022.04.23	39600.05	39974.82	39275.24	39795.62	52701	0	2260
2022.04.24	39796.33	39953.94	38925.52	39499.32	60681	0	2222
2022.04.25	39498.34	40370.73	38170.54	40178.28	96209	0	2300
2022.04.26	40176.95	40807.50	37712.91	38112.73	92666	0	2274
2022.04.27	38112.77	39461.88	37692.73	39086.74	98067	0	2165
2022.04.28	39112.79	40374.06	38865.32	39876.67	94755	0	2207
2022.04.29	39876.67	39990.52	38164.65	38543.49	92419	0	2148
2022.04.30	38548.93	38781.32	38142.33	38317.50	57411	0	2299
2022.05.01	38319.03	38671.33	37376.07	38306.49	77827	0	2237
2022.05.02	38304.82	39166.93	38049.95	38304.00	105064	0	2266
2022.05.03	38303.01	38900.62	37499.58	37767.18	83105	0	1932
2022.05.04	37761.13	40013.01	37603.46	39790.47	89608	0	2183
2022.05.05	39789.25	39872.45	35547.79	36440.35	78563	0	2083
2022.05.06	36443.36	36657.07	35225.63	36058.22	86429	0	2175
2022.05.07	35932.85	36095.32	35699.37	35760.43	39606	0	2191
2022.05.08	35760.30	35788.70	33677.93	34209.30	87038	0	2124
2022.05.09	34205.81	34458.09	30304.15	30921.42	95442	0	1909
2022.05.10	30929.80	32639.78	29733.15	30985.75	104139	0	1603
2022.05.11	30988.98	32150.26	28122.99	28384.20	107390	0	1916
2022.05.12	28385.10	30078.79	25371.29	28526.25	111327	0	1975
2022.05.13	28526.25	30969.19	27928.60	29748.02	112484	0	1000
2022.05.14	29987.69	30080.29	28562.32	29326.14	78722	0	2192
2022.05.15	29326.15	31133.24	29318.28	31011.79	89426	0	2222
2022.05.16	31016.07	31413.21	29033.28	29900.40	96293	0	2133
2022.05.17	29900.43	30752.16	29404.82	30064.95	86991	0	2227
2022.05.18	30065.06	30678.96	28696.98	29189.16	93300	0	2197
2022.05.19	29194.14	30518.51	28601.10	30223.79	90151	0	2193
2022.05.20	30230.35	30729.44	28682.45	29109.20	83353	0	2150
2022.05.21	29142.95	29616.93	28903.03	29385.93	57193	0	2125
2022.05.22	29385.93	30273.46	29213.78	29907.89	64246	0	2218
2022.05.23	29907.56	30633.15	28985.50	29305.70	80248	0	2209
2022.05.24	29305.93	29605.40	28638.55	29430.19	78339	0	2194
2022.05.25	29420.46	30190.00	29312.16	29743.50	77201	0	1720
2022.05.26	29756.85	29862.87	27985.95	29428.89	80121	0	1915
2022.05.27	29420.04	29647.37	28232.49	28718.79	89964	0	1942
2022.05.28	28680.70	29228.78	28479.76	28991.97	51106	0	1834
2022.05.29	28991.32	29439.16	28795.31	29145.83	58346	0	1942
2022.05.30	29145.78	31398.59	29126.48	31249.23	77455	0	1971
2022.05.31	31249.13	32335.06	31194.21	31791.53	83725	0	1956
2022.06.01	31796.08	31952.24	29293.27	29596.61	84271	0	1865
2022.06.02	29597.27	30388.01	29475.54	30215.13	86301	0	1947
2022.06.03	30215.13	30671.02	29243.42	29628.47	82713	0	1922
2022.06.04	29765.77	29942.35	29446.44	29720.94	48972	0	1930
2022.06.05	29721.68	30152.45	29493.85	29906.44	59018	0	1885
2022.06.06	29907.58	31729.42	29781.29	31439.22	92347	0	1892
2022.06.07	31437.02	31570.79	29177.50	31326.61	92371	0	1873
2022.06.08	31318.99	31512.64	29816.76	30168.43	98772	0	1224
2022.06.09	30168.45	30670.48	29911.85	30156.03	74640	0	1895
2022.06.10	30156.28	30336.73	28818.71	29166.78	82688	0	1818
2022.06.11	29158.69	29406.95	28075.39	28367.84	60497	0	1725
2022.06.12	28368.49	28641.11	26842.21	27327.36	82815	0	2004
2022.06.13	27327.35	27476.84	22550.07	23181.51	100968	0	1795
2022.06.14	23184.79	23316.95	20794.54	21951.76	106549	0	1636
2022.06.15	21953.29	22360.39	20057.74	21619.69	107695	0	1641
2022.06.16	21621.30	22941.09	20454.46	20642.10	121529	0	1629
2022.06.17	20656.67	21306.71	20190.97	20608.24	120532	0	2347
2022.06.18	20515.92	20735.14	17562.88	17773.10	96952	0	2116
2022.06.19	17761.15	20674.87	17721.09	20602.60	121383	0	1513
2022.06.20	20602.32	21036.28	19604.17	20409.09	121524	0	1826
2022.06.21	20412.69	21692.15	20227.36	20826.08	116765	0	1726
2022.06.22	20826.22	21028.47	19738.45	19842.68	117095	0	1602
2022.06.23	19844.87	21092.13	19637.18	20786.80	115260	0	1728
2022.06.24	20786.82	21403.20	20652.04	21172.49	116210	0	1636
2022.06.25	21291.62	21566.95	20890.27	21204.56	93260	0	1638
2022.06.26	21204.40	21862.94	21014.67	21383.42	107442	0	1768
2022.06.27	21383.40	21516.91	20496.52	20888.13	114331	0	1630
2022.06.28	20888.22	21178.59	20169.22	20226.49	114905	0	1607
2022.06.29	20227.97	20432.74	19665.52	20182.50	116877	0	1608
2022.06.30	20186.97	20329.35	18607.26	18713.80	122883	0	1756
2022.07.01	18713.72	20852.96	18688.49	19387.73	120235	0	1732
2022.07.02	19360.37	19437.38	19031.10	19229.90	100594	0	1504
2022.07.03	19230.23	19616.77	18749.31	19410.75	118086	0	1779
2022.07.04	19409.76	20080.62	19022.39	19731.54	108337	0	1594
2022.07.05	19732.77	20720.25	19271.25	20437.25	102386	0	1667
2022.07.06	20429.01	20465.93	19736.79	20374.59	107392	0	1823
2022.07.07	20373.91	21824.84	20235.62	21607.93	101960	0	1844
2022.07.08	21608.00	22417.68	21167.25	21838.87	106499	0	1863
2022.07.09	21683.17	21941.47	21366.56	21661.49	96467	0	1651
2022.07.10	21660.37	21731.07	20646.31	20962.99	116409	0	1861
2022.07.11	20964.46	21154.11	20247.05	20398.00	117501	0	1780
2022.07.12	20398.64	20403.57	19259.28	19433.54	115413	0	1593
2022.07.13	19433.69	20067.19	18896.58	19649.94	114037	0	1592
2022.07.14	19649.13	20865.80	19608.05	20654.56	111321	0	1589
2022.07.15	20658.36	21175.65	20362.68	20919.44	114570	0	1630
2022.07.16	20951.73	21562.58	20459.75	21196.86	84909	0	1623
2022.07.17	21202.01	21652.74	20817.48	20922.01	112176	0	1868
2022.07.18	20921.64	22758.23	20732.48	21479.48	116520	0	1663
2022.07.19	21482.08	23686.70	21434.07	23300.59	112320	0	1822
2022.07.20	23300.51	24264.33	22921.16	23252.63	111824	0	1927
2022.07.21	23253.18	23788.93	22339.53	23117.78	111240	0	1758
2022.07.22	23117.85	23747.69	22506.83	22599.89	115249	0	1877
2022.07.23	22734.62	22993.73	21954.97	22322.08	93959	0	1741
2022.07.24	22322.27	22892.68	22219.19	22716.15	110613	0	1913
2022.07.25	22715.95	22999.95	21556.00	22162.92	115970	0	1659
2022.07.26	22165.97	22178.84	20716.87	20972.79	111727	0	1817
2022.07.27	20971.60	23104.75	20819.69	22780.96	111925	0	1843
2022.07.28	22780.67	24185.98	22584.06	24026.03	112662	0	1839
2022.07.29	24026.02	24428.80	23434.34	23949.53	115498	0	1961
2022.07.30	23821.39	24658.12	23651.77	23960.35	96608	0	1960
2022.07.31	23960.16	24179.10	23398.21	23799.63	111861	0	1976
2022.08.01	23799.75	23821.15	22856.23	23118.19	107719	0	1698
2022.08.02	23105.58	23453.02	22604.83	23027.52	115150	0	1890
2022.08.03	23027.01	23626.95	22684.01	23320.19	126748	0	1682
2022.08.04	23321.97	23364.74	22384.03	22502.18	124503	0	1685
2022.08.05	22502.22	23460.42	22443.72	22974.26	124209	0	1689
2022.08.06	23101.60	23350.59	22989.81	23168.14	103187	0	1905
2022.08.07	23168.00	23307.04	22841.76	23259.76	122157	0	1943
2022.08.08	23259.77	24237.87	23053.35	24062.16	121785	0	1700
2022.08.09	24061.75	24061.75	22876.46	23133.29	122980	0	1942
2022.08.10	23133.29	24186.89	22653.80	23899.86	122710	0	1701
2022.08.11	23895.79	24883.61	23773.59	24208.57	121987	0	1730
2022.08.12	24208.54	24325.70	23584.90	24231.02	122644	0	1829
2022.08.13	24118.73	24890.34	24062.38	24483.40	99762	0	1995
2022.08.14	24483.28	25037.58	24147.04	24310.76	115884	0	2001
2022.08.15	24310.77	25205.51	23874.27	24069.08	107985	0	1983
2022.08.16	24069.15	24243.07	23662.15	23979.72	126332	0	1715
2022.08.17	23980.17	24432.13	23168.35	23407.41	126350	0	1701
2022.08.18	23407.25	23588.43	23220.48	23407.95	126046	0	1936
2022.08.19	23408.12	23417.22	21140.53	21266.33	123675	0	1645
2022.08.20	21074.89	21361.22	20771.69	20812.44	104049	0	1866
2022.08.21	20812.09	21774.22	20753.31	21461.24	125465	0	1865
2022.08.22	21457.16	21693.52	20892.66	21118.32	113123	0	1619
2022.08.23	21118.42	21671.63	20885.16	21468.79	108420	0	1632
2022.08.24	21468.99	21887.28	21141.87	21681.72	106059	0	1637
2022.08.25	21681.64	21805.33	21297.67	21636.47	111630	0	1676
2022.08.26	21636.57	21866.57	20527.88	20640.83	121792	0	1656
2022.08.27	20635.15	20677.07	19793.89	20000.22	104721	0	1607
2022.08.28	20000.23	20146.11	19800.59	19979.56	121643	0	1601
2022.08.29	19979.66	20401.12	19514.00	20168.05	124476	0	1588
2022.08.30	20167.89	20569.61	19533.07	19968.03	124776	0	1467
2022.08.31	19968.00	20485.02	19742.84	20184.08	126236	0	1605
2022.09.01	20184.06	20286.75	19559.25	20061.25	118973	0	1112
2022.09.02	20061.11	20432.29	19746.13	19961.93	123017	0	1584
2022.09.03	19966.19	20050.14	19641.40	19736.37	100120	0	1643
2022.09.04	19736.48	19947.22	19572.47	19895.13	107218	0	1651
2022.09.05	19895.51	20050.47	19624.32	19730.80	106583	0	1654
2022.09.06	19730.83	20172.25	18644.64	18971.38	115087	0	1559
2022.09.07	18971.44	19443.33	18525.46	19378.33	112916	0	1529
2022.09.08	19379.12	19455.01	19008.99	19372.60	125629	0	1532
2022.09.09	19372.52	21425.31	19248.02	21293.50	128956	0	1540
2022.09.10	21249.43	21669.57	21120.06	21421.19	102348	0	1579
2022.09.11	21421.17	21863.21	21349.52	21631.77	110451	0	1610
2022.09.12	21633.79	22479.92	21464.09	22401.29	125842	0	1554
2022.09.13	22401.54	22792.40	20046.49	20233.64	125352	0	1559
2022.09.14	20232.42	20510.76	19607.99	19937.96	123643	0	1552
2022.09.15	19938.15	20388.19	19409.51	19844.29	124636	0	1505
2022.09.16	19844.34	19880.21	19329.19	19742.66	128727	0	1464
2022.09.17	19738.17	20180.18	19686.65	20072.40	107723	0	1560
2022.09.18	20072.14	20136.17	19554.90	19713.01	130426	0	1581
2022.09.19	19713.06	19714.50	18199.64	19511.55	132401	0	1503
2022.09.20	19515.34	19673.31	18729.68	18964.54	131977	0	1549
2022.09.21	18965.55	19873.11	18590.95	18916.62	130166	0	1428
2022.09.22	18916.31	19482.52	18139.55	19239.73	130729	0	1571
2022.09.23	19239.68	19498.37	18522.53	18845.27	130209	0	1474
2022.09.24	19001.97	19394.50	18920.01	19135.66	108329	0	1545
2022.09.25	19135.59	19165.94	18801.64	18896.23	129840	0	1527
2022.09.26	18895.24	19310.33	18626.82	19106.30	132439	0	1470
2022.09.27	19106.64	20370.48	18812.11	19063.68	126249	0	1287
2022.09.28	19063.33	19645.56	18471.10	19562.53	131657	0	1513
2022.09.29	19562.52	19770.98	18833.32	19492.43	126294	0	1512
2022.09.30	19499.77	20168.55	19162.00	19416.89	108366	0	1561
2022.10.01	19355.35	19476.90	19193.53	19243.82	83330	0	1502
2022.10.02	19243.79	19388.63	19029.74	19227.16	99317	0	1557
2022.10.03	19227.15	19645.33	18913.91	19589.92	99940	0	1448
2022.10.04	19589.92	20458.78	19485.91	20331.20	98485	0	1547
2022.10.05	20332.55	20400.07	19729.92	19973.53	97588	0	1582
2022.10.06	19976.23	20441.45	19872.40	20044.55	95521	0	1544
2022.10.07	20044.60	20057.45	19317.62	19543.44	95941	0	1527
2022.10.08	19564.53	19623.40	19408.08	19441.81	76537	0	1412
2022.10.09	19441.93	19549.73	19243.54	19478.99	94470	0	1559
2022.10.10	19477.20	19517.78	19100.46	19232.57	89992	0	1548
2022.10.11	19232.63	19273.31	18852.43	19012.25	93994	0	1513
2022.10.12	19012.33	19190.79	18968.11	19162.60	93056	0	1520
2022.10.13	19162.58	19501.70	18186.14	19378.80	96050	0	1452
2022.10.14	19379.05	19943.13	19101.92	19167.03	93894	0	1495
2022.10.15	19099.58	19220.35	19035.09	19088.92	77952	0	1566
2022.10.16	19088.58	19415.70	18973.99	19324.58	71735	0	1537
2022.10.17	19324.60	19667.08	19096.58	19520.37	34992	0	1538
2022.10.18	19520.36	19695.30	19085.39	19357.62	35160	0	1573
2022.10.19	19357.64	19367.27	19067.64	19188.11	59109	0	1561
2022.10.20	19187.58	19332.53	18920.71	19019.27	93603	0	1512
2022.10.21	19019.43	19240.66	18685.56	19174.49	53881	0	1561
2022.10.22	19145.46	19245.21	19094.75	19207.57	16226	0	1573
2022.10.23	19207.37	19526.19	19057.07	19491.02	17543	0	1576
2022.10.24	19490.90	19689.36	19154.13	19373.36	30055	0	1574
2022.10.25	19373.51	20410.00	19231.13	20180.05	63934	0	1574
2022.10.26	20180.79	21011.57	19980.96	20744.44	111446	0	1523
2022.10.27	20744.47	20903.38	20242.65	20389.84	87528	0	1576
2022.10.28	20389.76	20743.66	20013.27	20626.47	87175	0	1498
2022.10.29	20592.45	20980.77	20553.73	20854.94	63395	0	1597
2022.10.30	20854.96	20929.64	20547.02	20678.43	67727	0	1604
2022.10.31	20678.38	20837.39	20232.89	20394.71	81055	0	1484
2022.11.01	20395.25	20677.57	20322.32	20470.68	73574	0	1319
2022.11.02	20470.62	20795.82	20086.85	20163.99	74253	0	1610
2022.11.03	20164.08	20383.40	20025.53	20227.44	70969	0	2092
2022.11.04	20227.42	21293.82	20147.52	21121.57	77257	0	2095
2022.11.05	21161.65	21467.18	21068.74	21325.10	53313	0	2148
2022.11.06	21324.84	21357.04	21101.57	21117.88	57307	0	2150
2022.11.07	21117.25	21165.69	20571.03	20675.15	77252	0	1611
2022.11.08	20675.64	20676.29	17167.00	18671.61	97501	0	1563
2022.11.09	18668.74	18696.08	15610.06	16068.18	111622	0	5200
2022.11.10	16067.66	18122.90	15848.55	17768.90	168877	0	5397
2022.11.11	17760.80	17811.70	16313.40	16722.10	215079	0	10000
2022.11.12	17267.09	17502.11	16495.49	16639.81	63808	0	5200
2022.11.13	16648.06	16729.13	16098.64	16219.50	53419	0	30000
2022.11.14	16217.50	17111.10	15660.37	16338.80	178872	0	10000
2022.11.15	16329.30	17060.80	16298.80	16844.30	195491	0	10000
2022.11.16	16820.70	16950.60	16321.90	16487.50	173963	0	10000
2022.11.17	16489.20	16701.50	16359.70	16635.30	160468	0	10000
2022.11.18	16636.90	16932.00	16491.00	16600.20	147415	0	10000
2022.11.19	16535.61	16629.52	16518.50	16620.74	24128	0	5037
2022.11.20	16616.38	16760.88	16140.50	16197.10	49064	0	4611
2022.11.21	16208.50	16295.40	15430.30	15588.50	187152	0	4350
2022.11.22	15589.50	16237.00	15556.40	16085.10	178303	0	8000
2022.11.23	16093.67	16622.30	16038.50	16427.70	164196	0	8000
2022.11.24	16434.50	16740.80	16401.30	16496.80	109765	0	8000
2022.11.25	16508.00	16575.20	16294.80	16457.28	99840	0	8000
2022.11.26	16480.25	16648.50	16380.50	16468.39	40072	0	8000
2022.11.27	16468.13	16555.65	16340.00	16512.50	36022	0	8000
2022.11.28	16512.60	16551.75	15951.70	16148.90	110888	0	8000
2022.11.29	16148.70	16485.00	16047.20	16415.00	104649	0	4200
2022.11.30	16427.68	17104.20	16379.30	17055.90	101616	0	8000
2022.12.01	17065.50	17248.10	16821.60	16883.10	96064	0	8000
2022.12.02	16888.50	17052.80	16754.40	16974.50	98519	0	8000
2022.12.03	17003.13	17113.84	16843.00	16904.32	40202	0	8000
2022.12.04	16911.50	17117.25	16829.12	17073.69	52854	0	8000
2022.12.05	17069.78	17389.50	16827.25	16933.05	81940	0	8000
2022.12.06	16927.30	17060.25	16869.50	16954.00	62055	0	8000
2022.12.07	16947.00	17097.75	16644.50	16789.34	72602	0	8000
2022.12.08	16790.10	17264.25	16699.50	17147.58	65436	0	8000
2022.12.09	17147.36	17303.75	17015.75	17072.22	54281	0	8000
2022.12.10	17093.25	17189.00	17075.68	17084.60	19427	0	8000
2022.12.11	17089.44	17230.50	17052.50	17078.75	27113	0	8000
2022.12.12	17083.00	17179.75	16838.91	17132.88	45162	0	8000
2022.12.13	17148.00	17934.62	17045.75	17721.60	73473	0	8000
2022.12.14	17721.61	18337.25	17625.25	17795.39	83205	0	8000
2022.12.15	17795.73	17832.75	17283.43	17355.07	74132	0	8000
2022.12.16	17321.19	17497.25	16702.25	16804.77	81062	0	5086
2022.12.17	16701.04	16753.75	16500.56	16710.65	59914	0	1001
2022.12.18	16711.00	16796.37	16641.50	16724.65	44576	0	1001
2022.12.19	16728.26	16821.69	16472.25	16556.57	70996	0	5019
2022.12.20	16564.87	17032.25	16205.42	16851.78	77734	0	5075
2022.12.21	16851.78	16902.14	16705.50	16766.42	89891	0	5001
2022.12.22	16766.77	16842.25	16533.25	16768.40	85931	0	5007
2022.12.23	16779.71	16905.51	16703.90	16780.75	61552	0	5002
2022.12.26	16805.96	16895.00	16760.50	16804.75	35036	0	5083
2022.12.27	16761.63	16945.50	16561.00	16662.39	67360	0	5200
2022.12.28	16653.33	16748.75	16431.50	16491.31	54610	0	5006
2022.12.29	16496.44	16628.25	16439.75	16567.37	61684	0	5016
2022.12.30	16565.37	16634.54	16304.46	16556.44	56811	0	5075
