"report_date","open_interest","net_noncomm","net_comm","net_pct_3y"
"2019-01-08","455232","99216","-121187",""
"2019-01-15","501605","87913","-108113",""
"2019-01-22","513509","74504","-92077",""
"2019-01-29","483390","99593","-118609",""
"2019-02-05","479736","109095","-131242",""
"2019-02-12","476083","104874","-126111",""
"2019-02-19","504639","145647","-166477",""
"2019-02-26","501268","135696","-159845",""
"2019-03-05","471311","88018","-113997",""
"2019-03-12","530030","78819","-108474",""
"2019-03-19","514163","88396","-115659",""
"2019-03-26","509575","119938","-151434",""
"2019-04-02","440170","94556","-118230",""
"2019-04-09","447539","105364","-132809",""
"2019-04-16","440581","56273","-78430",""
"2019-04-23","440048","37395","-57396",""
"2019-04-30","430011","66219","-88312",""
"2019-05-07","450039","75411","-96359",""
"2019-05-14","517995","124536","-137183",""
"2019-05-21","508643","88805","-107938",""
"2019-05-28","505126","86688","-109954",""
"2019-06-04","481495","156115","-172576",""
"2019-06-11","496663","184238","-202027",""
"2019-06-18","525636","204323","-223855",""
"2019-06-25","577605","236554","-260150",""
"2019-07-02","605949","258946","-286822",""
"2019-07-09","598977","244763","-278416",""
"2019-07-16","601900","245501","-277408",""
"2019-07-23","616859","251250","-287839",""
"2019-07-30","563298","254388","-287967",""
"2019-08-06","600317","292545","-324325",""
"2019-08-13","593962","290090","-323727",""
"2019-08-20","594807","299993","-336250",""
"2019-08-27","636183","296838","-333806",""
"2019-09-03","634358","300547","-337741",""
"2019-09-10","614753","269725","-305611",""
"2019-09-17","630990","282599","-318399",""
"2019-09-24","658944","312444","-345145",""
"2019-10-01","604885","268993","-303688",""
"2019-10-08","616957","275563","-310942",""
"2019-10-15","607387","253027","-288275",""
"2019-10-22","625528","259132","-295357",""
"2019-10-29","643442","276515","-301216",""
"2019-11-05","690181","279828","-317138",""
"2019-11-12","708463","267066","-301468",""
"2019-11-19","719211","285859","-319095",""
"2019-11-26","669268","271634","-305467",""
"2019-12-03","701016","290705","-322787",""
"2019-12-10","690003","270920","-302283",""
"2019-12-17","716987","286275","-318619",""
"2019-12-24","748737","305652","-340396",""
"2019-12-31","786166","327925","-366491","100"
"2020-01-07","785857","322291","-356081","98.1"
"2020-01-14","796883","319235","-349819","96.3"
"2020-01-21","793829","317695","-351903","94.5"
"2020-01-28","715539","330092","-360814","100"
"2020-02-04","654572","299806","-331687","84.2"
"2020-02-11","658024","307974","-337791","89.7"
"2020-02-18","715317","353649","-385612","100"
"2020-02-25","732917","335865","-375621","98.3"
"2020-03-03","691985","319733","-351011","91.8"
"2020-03-10","633470","299531","-328304","77.4"
"2020-03-17","573925","281916","-301709","65.1"
"2020-03-24","547334","288366","-311823","70.3"
"2020-03-31","495652","258849","-283959","47.7"
"2020-04-07","480050","248942","-275611","42.4"
"2020-04-14","489965","252501","-280408","44.8"
"2020-04-21","493158","249571","-280073","42.6"
"2020-04-28","500816","262729","-293629","53.6"
"2020-05-05","490343","250004","-281636","42.9"
"2020-05-12","496739","242828","-278533","36.6"
"2020-05-19","528205","251788","-290174","45.8"
"2020-05-26","519374","237914","-274322","35.6"
"2020-06-02","475745","219034","-256623","33.8"
"2020-06-09","475661","208613","-243457","33.3"
"2020-06-16","489563","224348","-258020","35.5"
"2020-06-23","532101","251957","-287292","49.4"
"2020-06-30","561628","266670","-301463","59"
"2020-07-07","572776","267358","-302592","60.8"
"2020-07-14","580175","262428","-302018","56.2"
"2020-07-21","603138","266436","-303859","58"
"2020-07-28","598629","236801","-278377","35.4"
"2020-08-04","561837","238746","-276345","37.3"
"2020-08-11","553345","224053","-268331","32.1"
"2020-08-18","544010","223518","-267771","31.8"
"2020-08-25","549282","221038","-266445","31.4"
"2020-09-01","547704","230796","-277406","35.6"
"2020-09-08","557457","236473","-281040","36.4"
"2020-09-15","578925","240977","-285186","41.6"
"2020-09-22","575877","219060","-266408","30"
"2020-09-29","562396","243659","-286178","44"
"2020-10-06","555555","248587","-288468","46.7"
"2020-10-13","553197","240671","-284655","40.9"
"2020-10-20","562993","249604","-294124","50"
"2020-10-27","560900","248634","-296462","47.4"
"2020-11-03","544774","242909","-289338","42.7"
"2020-11-10","547449","239736","-283423","39.2"
"2020-11-17","557533","251270","-294572","54.1"
"2020-11-24","555253","243902","-284829","44.4"
"2020-12-01","538042","260314","-293263","63"
"2020-12-08","549520","269220","-300723","70.3"
"2020-12-15","550366","271584","-306342","72.5"
"2020-12-21","560769","278196","-315099","75.7"
"2020-12-29","556414","268872","-307254","67.3"
"2021-01-05","568888","279318","-320923","76.2"
"2021-01-12","555538","246227","-290301","44.3"
"2021-01-19","541330","246638","-287467","44.9"
"2021-01-26","534574","257546","-298948","57.4"
"2021-02-02","520011","257126","-297957","56.9"
"2021-02-09","506741","251407","-292195","51.8"
"2021-02-16","503016","234969","-275078","29.7"
"2021-02-23","481125","215733","-251729","23.2"
"2021-03-02","467008","189638","-222203","21.2"
"2021-03-09","473871","175163","-207880","20.2"
"2021-03-16","476467","180196","-209475","20.9"
"2021-03-23","485457","174067","-201803","19.8"
"2021-03-30","467321","167528","-193726","19.7"
"2021-04-06","463353","189509","-214799","23.7"
"2021-04-13","460733","180874","-208788","22.7"
"2021-04-20","471738","181498","-213193","23.3"
"2021-04-27","473305","170619","-207177","19.8"
"2021-05-04","470341","170741","-201923","20.5"
"2021-05-11","498693","192255","-227084","27.6"
"2021-05-18","520410","198889","-232901","28.2"
"2021-05-25","510164","214642","-250869","30.4"
"2021-06-01","489198","213701","-248175","30.2"
"2021-06-08","491858","209387","-244806","29.9"
"2021-06-15","480127","192036","-231226","26.6"
"2021-06-22","453940","166214","-202382","17.8"
"2021-06-29","453360","162226","-195120","17.7"
"2021-07-06","465811","182821","-214726","25.2"
"2021-07-13","495798","190836","-221028","28"
"2021-07-20","490520","195972","-228548","30.1"
"2021-07-27","500187","199388","-228814","31.3"
"2021-08-03","485663","196335","-231284","30.4"
"2021-08-10","477232","168406","-195641","19.1"
"2021-08-17","485485","191542","-214000","28.5"
"2021-08-24","504735","210653","-234678","35.5"
"2021-08-31","507113","216550","-240512","38.1"
"2021-09-07","506772","206039","-235808","33.6"
"2021-09-14","506356","207760","-234251","34"
"2021-09-21","492765","187647","-212644","25.4"
"2021-09-28","490858","168399","-190151","18.2"
"2021-10-05","483789","182582","-203702","24.3"
"2021-10-12","484382","185539","-207614","26.2"
"2021-10-19","485974","193349","-219190","31.5"
"2021-10-26","509794","214560","-239654","39.5"
"2021-11-02","507616","215129","-239877","40.5"
"2021-11-09","571025","250181","-275489","62.4"
"2021-11-16","612612","259780","-287539","71.3"
"2021-11-23","559823","234411","-267834","46.4"
"2021-11-30","531868","225860","-258603","45.4"
"2021-12-07","499307","217185","-245623","41.2"
"2021-12-14","503709","202401","-231411","33.1"
"2021-12-21","500846","205811","-236029","34.2"
"2021-12-28","508912","213156","-245664","37.8"
"2022-01-04","502717","211355","-237458","37.2"
"2022-01-11","546516","199737","-225073","31.4"
"2022-01-18","539204","194207","-221068","28.2"
"2022-01-25","572078","220151","-249746","43.6"
"2022-02-01","515331","172142","-201342","16"
"2022-02-08","512842","186706","-211434","21.8"
"2022-02-15","558645","213613","-238875","37.2"
"2022-02-22","611488","243148","-269722","55.1"
"2022-03-01","615600","257622","-285809","69.9"
"2022-03-08","638502","274388","-306946","81.4"
"2022-03-15","617605","261788","-297441","72.4"
"2022-03-22","605191","248032","-281595","57.1"
"2022-03-29","574521","257596","-285937","67.9"
"2022-04-05","560666","245541","-278758","54.5"
"2022-04-12","577639","254287","-288093","65.4"
"2022-04-19","575202","239757","-275525","47.4"
"2022-04-26","557785","218024","-249294","35.9"
"2022-05-03","560441","199168","-231852","22.4"
"2022-05-10","571447","193315","-227756","18.6"
"2022-05-17","555756","175360","-206879","8.3"
"2022-05-24","530098","183813","-211947","11.5"
"2022-05-31","513722","172589","-200056","5.8"
"2022-06-07","494130","175268","-199886","7.7"
"2022-06-14","497456","154598","-178569","0.6"
"2022-06-21","500276","163287","-186929","1.9"
"2022-06-28","497005","157693","-182007","1.3"
"2022-07-05","498210","145660","-165585","0.6"
"2022-07-12","542493","118121","-137788","0.6"
"2022-07-19","524786","94955","-112262","0.6"
"2022-07-26","487515","92690","-108422","0.6"
"2022-08-02","459649","124326","-135565","2.6"
"2022-08-09","453540","142851","-154554","3.2"
"2022-08-16","453960","141164","-153709","3.2"
"2022-08-23","457762","125847","-138072","3.2"
"2022-08-30","459165","117734","-129679","1.9"
"2022-09-06","465908","103857","-114064","1.9"
"2022-09-13","463674","97344","-110938","1.9"
"2022-09-20","469395","65722","-75428","0.6"
"2022-09-27","457061","52081","-62138","0.6"
"2022-10-04","437065","88385","-96548","1.9"
"2022-10-11","431395","94420","-103728","3.2"
"2022-10-18","434701","76956","-90030","1.9"
"2022-10-25","456072","68032","-80213","1.9"
"2022-11-01","467276","64623","-74782","1.3"
"2022-11-08","488471","82338","-91144","3.8"
"2022-11-15","495171","126269","-134308","10.9"
"2022-11-22","449542","116113","-130064","8.3"
"2022-11-29","433661","110003","-119233","8.3"
"2022-12-06","422100","115125","-130079","9"
"2022-12-13","437040","125649","-138529","12.2"
"2022-12-20","436653","128848","-142514","14.1"
"2022-12-27","440040","136880","-153776","14.7"
"2023-01-03","449393","141666","-159974","16"
"2023-01-10","481519","150535","-172478","17.9"
"2023-01-17","491818","153240","-175913","18.6"
"2023-01-24","499927","157673","-180554","19.9"
"2023-01-31","471642","160281","-180520","21.2"
"2023-02-07","439755","128815","-152966","14.1"
"2023-02-14","426116","105529","-129072","8.3"
"2023-02-21","422648","107101","-129355","9"
"2023-02-28","426890","108593","-127487","9.6"
"2023-03-07","458474","98474","-118920","7.7"
"2023-03-14","459064","140331","-155440","18.6"
"2023-03-21","469874","158605","-183568","25"
"2023-03-28","478611","181630","-201508","37.2"
"2023-04-04","476592","195216","-218250","47.4"
"2023-04-11","476567","192745","-216548","45.5"
"2023-04-18","482254","189893","-216425","42.9"
"2023-04-25","473209","185264","-211928","39.7"
"2023-05-02","493804","195567","-217584","50"
"2023-05-09","518951","195814","-222515","50.6"
"2023-05-16","521832","179814","-211557","35.3"
"2023-05-23","479080","160732","-187023","26.3"
"2023-05-30","449515","169316","-190005","30.8"
"2023-06-06","436301","175641","-198187","36.5"
"2023-06-13","432898","160209","-186062","25.6"
"2023-06-20","438037","162975","-186537","28.2"
"2023-06-27","431861","151910","-175335","22.4"
"2023-07-03","448063","163097","-184717","29.5"
"2023-07-11","483170","165754","-187749","30.8"
"2023-07-18","482104","193348","-213715","53.8"
"2023-07-25","476176","173639","-198210","37.2"
"2023-08-01","439383","164924","-186845","30.8"
"2023-08-08","427759","142985","-167554","21.2"
"2023-08-15","433611","121136","-141930","14.1"
"2023-08-22","430239","101946","-121036","8.3"
"2023-08-29","442806","123272","-140594","15.4"
"2023-09-05","438672","138006","-158239","20.5"
"2023-09-12","441221","123864","-144810","16"
"2023-09-19","438078","135163","-152932","20.5"
"2023-09-26","435620","115815","-134836","12.8"
"2023-10-03","431226","91226","-111982","5.1"
"2023-10-10","436499","71433","-90428","3.2"
"2023-10-17","439581","112738","-127999","13.5"
"2023-10-24","463476","149385","-165873","28.8"
"2023-10-31","475808","163425","-182707","38.5"
"2023-11-07","484347","166216","-186091","41"
"2023-11-14","486634","155376","-177019","32.1"
"2023-11-21","508429","171705","-190235","46.2"
"2023-11-28","505658","200084","-218592","73.1"
"2023-12-05","487469","203544","-226945","74.4"
"2023-12-12","469939","188233","-212808","59.6"
"2023-12-19","481203","201339","-227058","74.4"
"2023-12-26","491343","207718","-232345","77.6"
"2024-01-02","500364","207649","-235478","77.6"
"2024-01-09","489849","188614","-217701","60.3"
"2024-01-16","489334","179893","-207420","52.6"
"2024-01-23","465872","169474","-192093","44.9"
"2024-01-30","430328","147791","-170518","28.8"
"2024-02-06","419121","161738","-180241","37.2"
"2024-02-13","420812","131168","-152980","23.1"
"2024-02-20","407063","140262","-159411","25.6"
"2024-02-27","411195","141636","-158352","27.6"
"2024-03-05","471616","191293","-206792","66.7"
"2024-03-12","516057","201602","-218273","78.8"
"2024-03-19","535047","201602","-217530","78.8"
"2024-03-26","503642","199294","-218340","75"
"2024-04-02","500045","207250","-225714","81.4"
"2024-04-09","505214","202419","-224582","78.8"
"2024-04-16","517193","201923","-222758","77.6"
"2024-04-23","516249","202891","-226872","78.8"
"2024-04-30","519791","204210","-227498","79.5"
"2024-05-07","529835","199567","-227266","72.4"
"2024-05-14","522952","204496","-232110","79.5"
"2024-05-21","530591","229806","-258663","92.3"
"2024-05-28","485430","236585","-260950","92.9"
"2024-06-04","447488","237302","-265931","92.9"
"2024-06-11","436857","233926","-260511","91"
"2024-06-18","444345","243084","-267730","93.6"
"2024-06-25","452190","246229","-271488","94.9"
"2024-07-02","454730","241543","-264799","92.3"
"2024-07-09","516324","254775","-280629","96.8"
"2024-07-16","579862","285024","-309304","100"
"2024-07-23","572306","273074","-300925","98.7"
"2024-07-30","510914","246601","-272857","92.9"
"2024-08-06","480645","238749","-269034","88.5"
"2024-08-13","505872","267264","-292502","98.1"
"2024-08-20","532867","291253","-316506","100"
"2024-08-27","521759","294445","-322319","100"
"2024-09-03","511136","287558","-311887","98.7"
"2024-09-10","511501","282501","-306899","97.4"
"2024-09-17","537627","310066","-335127","100"
"2024-09-24","564640","315390","-339706","100"
"2024-10-01","533107","299931","-327524","98.7"
"2024-10-08","520316","278180","-303976","94.9"
"2024-10-15","541232","286434","-312658","96.2"
"2024-10-22","573760","296204","-324701","98.1"
"2024-10-29","579468","278653","-303671","93.6"
"2024-11-05","558034","255329","-283059","87.8"
"2024-11-12","535981","236451","-265582","79.5"
"2024-11-19","502952","234367","-262322","78.8"
"2024-11-26","472660","250338","-272520","86.5"
"2024-12-03","462040","259736","-286275","89.7"
"2024-12-10","483346","275586","-296871","92.3"
"2024-12-17","466571","262041","-285233","89.7"
"2024-12-24","454646","247629","-273336","83.3"
"2024-12-31","458584","247279","-271296","82.7"
"2025-01-07","477043","254911","-278646","85.9"
"2025-01-14","526467","279363","-302452","93.6"
"2025-01-21","571387","300784","-326608","98.7"
"2025-01-28","577505","299409","-323722","97.4"
"2025-02-04","542004","302508","-328175","98.7"
"2025-02-11","528719","284504","-309888","92.3"
"2025-02-18","522330","268674","-296071","87.2"
"2025-02-25","512179","261625","-288100","84.6"
"2025-03-04","489270","243261","-271115","76.3"
"2025-03-11","511276","236100","-265188","71.8"
"2025-03-18","533566","257932","-285168","84.6"
"2025-03-25","511482","249796","-278598","80.8"
"2025-04-01","498746","238434","-265061","74.4"
"2025-04-08","445468","200715","-232183","61.5"
"2025-04-15","456628","202210","-231912","64.7"
"2025-04-22","465351","175378","-202268","48.7"
"2025-04-29","451868","163318","-190761","41.7"
"2025-05-06","452414","162497","-192103","39.7"
"2025-05-13","440842","161209","-191207","39.1"
"2025-05-20","448000","163981","-197648","44.2"
"2025-05-27","437538","174184","-207587","49.4"
"2025-06-03","415941","187905","-220826","53.8"
"2025-06-10","417143","187481","-222718","53.2"
"2025-06-17","441214","200648","-237727","61.5"
"2025-06-24","434958","195004","-230560","57.1"
"2025-07-01","437662","201980","-236069","64.7"
"2025-07-08","443144","202968","-238354","66.7"
"2025-07-15","448531","213115","-250688","70.5"
"2025-07-22","489423","253038","-282337","82.1"
"2025-07-29","445259","223596","-259079","69.9"
"2025-08-05","449647","237050","-270146","73.7"
"2025-08-12","446152","229485","-263065","69.2"
"2025-08-19","438541","212590","-249965","67.3"
"2025-08-26","443760","214311","-250965","67.9"
"2025-09-02","492908","249530","-273898","80.1"
"2025-09-09","509625","261740","-273375","85.9"
"2025-09-16","516221","266410","-302371","86.5"
"2025-09-23","528789","266749","-298403","86.5"
"2025-09-30","493748","252908","-288236","79.5"
"2025-10-07","485559","231956","-263772","66.7"
"2025-10-14","485788","203916","-236867","59"
"2025-10-21","472421","176609","-210117","38.5"
"2025-10-28","457122","204664","-237027","60.3"
"2025-11-04","450399","202307","-236542","55.1"
"2025-11-10","459997","207069","-244823","60.3"
"2025-11-18","471953","210339","-245585","62.2"
"2025-11-25","432946","204588","-241403","58.3"
"2025-12-02","418490","217560","-255348","64.1"
"2025-12-09","432569","223886","-262579","64.7"
"2025-12-16","471093","233978","-274358","67.3"
"2025-12-23","492103","240700","-283526","72.4"
"2025-12-30","481866","231173","-275246","64.7"
"2026-01-06","488116","227632","-272035","62.8"
"2026-01-13","527455","251238","-297106","78.8"
"2026-01-20","528004","244770","-289689","73.7"
"2026-01-27","488463","205396","-248285","53.8"
"2026-02-03","409694","165604","-207778","23.1"
"2026-02-10","404391","160012","-197738","15.4"
"2026-02-17","407078","159915","-196782","14.7"
"2026-02-24","420182","159177","-200806","14.1"
"2026-03-03","409789","160145","-200583","15.4"
"2026-03-10","413956","163132","-202976","19.9"
"2026-03-17","411388","159869","-198648","12.8"
"2026-03-24","403925","168327","-203828","25"
"2026-03-31","361409","163202","-201640","20.5"
"2026-04-07","354877","156305","-193751","12.2"
"2026-04-14","362274","162526","-201082","19.2"
"2026-04-21","365842","164006","-202940","24.4"
"2026-04-28","369530","159571","-194813","13.5"
"2026-05-05","367932","163303","-198935","23.1"
"2026-05-12","376496","171622","-210258","30.8"
"2026-05-19","379325","159833","-191629","14.1"
"2026-05-26","353489","154260","-185766","11.5"
"2026-06-02","326052","176020","-206345","34"
"2026-06-09","332709","173837","-201036","32.1"
"2026-06-16","339330","180220","-207563","35.3"
"2026-06-23","352167","181339","-205404","35.3"
"2026-06-30","369541","194019","-221070","39.1"
