schema_version,created_utc,window,session_state,target_direction,exclusion_dimension,excluded_group,base_unit_count,base_net_realized,remaining_unit_count,remaining_net_realized,remaining_sign,preserves_direction
BOSS19_P5_SESSION_ATTRIBUTION_V1,2026-09-03T23:50:00Z,MAIN,ASIA,POSITIVE,YEAR,2023,241,5748.65,153,4663.62,POSITIVE,true
BOSS19_P5_SESSION_ATTRIBUTION_V1,2026-09-03T23:50:00Z,MAIN,ASIA,POSITIVE,YEAR,2024,241,5748.65,170,4076.72,POSITIVE,true
BOSS19_P5_SESSION_ATTRIBUTION_V1,2026-09-03T23:50:00Z,MAIN,ASIA,POSITIVE,YEAR,2025,241,5748.65,159,2756.96,POSITIVE,true
BOSS19_P5_SESSION_ATTRIBUTION_V1,2026-09-03T23:50:00Z,MAIN,ASIA,POSITIVE,ENTRY_MONTH,2023-01,241,5748.65,203,5370.47,POSITIVE,true
BOSS19_P5_SESSION_ATTRIBUTION_V1,2026-09-03T23:50:00Z,MAIN,ASIA,POSITIVE,ENTRY_MONTH,2023-02,241,5748.65,235,5718.97,POSITIVE,true
BOSS19_P5_SESSION_ATTRIBUTION_V1,2026-09-03T23:50:00Z,MAIN,ASIA,POSITIVE,ENTRY_MONTH,2023-03,241,5748.65,231,5606.87,POSITIVE,true
BOSS19_P5_SESSION_ATTRIBUTION_V1,2026-09-03T23:50:00Z,MAIN,ASIA,POSITIVE,ENTRY_MONTH,2023-04,241,5748.65,235,5701.89,POSITIVE,true
BOSS19_P5_SESSION_ATTRIBUTION_V1,2026-09-03T23:50:00Z,MAIN,ASIA,POSITIVE,ENTRY_MONTH,2023-05,241,5748.65,239,5728.54,POSITIVE,true
BOSS19_P5_SESSION_ATTRIBUTION_V1,2026-09-03T23:50:00Z,MAIN,ASIA,POSITIVE,ENTRY_MONTH,2023-06,241,5748.65,235,5639.57,POSITIVE,true
BOSS19_P5_SESSION_ATTRIBUTION_V1,2026-09-03T23:50:00Z,MAIN,ASIA,POSITIVE,ENTRY_MONTH,2023-07,241,5748.65,234,5608.90,POSITIVE,true
BOSS19_P5_SESSION_ATTRIBUTION_V1,2026-09-03T23:50:00Z,MAIN,ASIA,POSITIVE,ENTRY_MONTH,2023-09,241,5748.65,240,5740.12,POSITIVE,true
BOSS19_P5_SESSION_ATTRIBUTION_V1,2026-09-03T23:50:00Z,MAIN,ASIA,POSITIVE,ENTRY_MONTH,2023-10,241,5748.65,234,5634.87,POSITIVE,true
BOSS19_P5_SESSION_ATTRIBUTION_V1,2026-09-03T23:50:00Z,MAIN,ASIA,POSITIVE,ENTRY_MONTH,2023-11,241,5748.65,238,5702.01,POSITIVE,true
BOSS19_P5_SESSION_ATTRIBUTION_V1,2026-09-03T23:50:00Z,MAIN,ASIA,POSITIVE,ENTRY_MONTH,2023-12,241,5748.65,239,5697.91,POSITIVE,true
BOSS19_P5_SESSION_ATTRIBUTION_V1,2026-09-03T23:50:00Z,MAIN,ASIA,POSITIVE,ENTRY_MONTH,2024-02,241,5748.65,236,5591.42,POSITIVE,true
BOSS19_P5_SESSION_ATTRIBUTION_V1,2026-09-03T23:50:00Z,MAIN,ASIA,POSITIVE,ENTRY_MONTH,2024-03,241,5748.65,238,5680.83,POSITIVE,true
BOSS19_P5_SESSION_ATTRIBUTION_V1,2026-09-03T23:50:00Z,MAIN,ASIA,POSITIVE,ENTRY_MONTH,2024-04,241,5748.65,210,5142.83,POSITIVE,true
BOSS19_P5_SESSION_ATTRIBUTION_V1,2026-09-03T23:50:00Z,MAIN,ASIA,POSITIVE,ENTRY_MONTH,2024-05,241,5748.65,236,5710.65,POSITIVE,true
BOSS19_P5_SESSION_ATTRIBUTION_V1,2026-09-03T23:50:00Z,MAIN,ASIA,POSITIVE,ENTRY_MONTH,2024-06,241,5748.65,240,5741.85,POSITIVE,true
BOSS19_P5_SESSION_ATTRIBUTION_V1,2026-09-03T23:50:00Z,MAIN,ASIA,POSITIVE,ENTRY_MONTH,2024-07,241,5748.65,234,5627.61,POSITIVE,true
BOSS19_P5_SESSION_ATTRIBUTION_V1,2026-09-03T23:50:00Z,MAIN,ASIA,POSITIVE,ENTRY_MONTH,2024-08,241,5748.65,240,5743.66,POSITIVE,true
BOSS19_P5_SESSION_ATTRIBUTION_V1,2026-09-03T23:50:00Z,MAIN,ASIA,POSITIVE,ENTRY_MONTH,2024-09,241,5748.65,235,5441.19,POSITIVE,true
BOSS19_P5_SESSION_ATTRIBUTION_V1,2026-09-03T23:50:00Z,MAIN,ASIA,POSITIVE,ENTRY_MONTH,2024-10,241,5748.65,236,5602.05,POSITIVE,true
BOSS19_P5_SESSION_ATTRIBUTION_V1,2026-09-03T23:50:00Z,MAIN,ASIA,POSITIVE,ENTRY_MONTH,2024-11,241,5748.65,236,5539.31,POSITIVE,true
BOSS19_P5_SESSION_ATTRIBUTION_V1,2026-09-03T23:50:00Z,MAIN,ASIA,POSITIVE,ENTRY_MONTH,2024-12,241,5748.65,239,5741.82,POSITIVE,true
BOSS19_P5_SESSION_ATTRIBUTION_V1,2026-09-03T23:50:00Z,MAIN,ASIA,POSITIVE,ENTRY_MONTH,2025-01,241,5748.65,237,5572.60,POSITIVE,true
BOSS19_P5_SESSION_ATTRIBUTION_V1,2026-09-03T23:50:00Z,MAIN,ASIA,POSITIVE,ENTRY_MONTH,2025-02,241,5748.65,236,5445.59,POSITIVE,true
BOSS19_P5_SESSION_ATTRIBUTION_V1,2026-09-03T23:50:00Z,MAIN,ASIA,POSITIVE,ENTRY_MONTH,2025-03,241,5748.65,232,5054.69,POSITIVE,true
BOSS19_P5_SESSION_ATTRIBUTION_V1,2026-09-03T23:50:00Z,MAIN,ASIA,POSITIVE,ENTRY_MONTH,2025-04,241,5748.65,223,5383.79,POSITIVE,true
BOSS19_P5_SESSION_ATTRIBUTION_V1,2026-09-03T23:50:00Z,MAIN,ASIA,POSITIVE,ENTRY_MONTH,2025-05,241,5748.65,235,5673.32,POSITIVE,true
BOSS19_P5_SESSION_ATTRIBUTION_V1,2026-09-03T23:50:00Z,MAIN,ASIA,POSITIVE,ENTRY_MONTH,2025-06,241,5748.65,240,5731.51,POSITIVE,true
BOSS19_P5_SESSION_ATTRIBUTION_V1,2026-09-03T23:50:00Z,MAIN,ASIA,POSITIVE,ENTRY_MONTH,2025-07,241,5748.65,234,5569.42,POSITIVE,true
BOSS19_P5_SESSION_ATTRIBUTION_V1,2026-09-03T23:50:00Z,MAIN,ASIA,POSITIVE,ENTRY_MONTH,2025-09,241,5748.65,229,4724.74,POSITIVE,true
BOSS19_P5_SESSION_ATTRIBUTION_V1,2026-09-03T23:50:00Z,MAIN,ASIA,POSITIVE,ENTRY_MONTH,2025-10,241,5748.65,228,4527.21,POSITIVE,true
BOSS19_P5_SESSION_ATTRIBUTION_V1,2026-09-03T23:50:00Z,MAIN,ASIA,POSITIVE,ENTRY_MONTH,2025-11,241,5748.65,240,5734.79,POSITIVE,true
BOSS19_P5_SESSION_ATTRIBUTION_V1,2026-09-03T23:50:00Z,MAIN,ASIA,POSITIVE,ENTRY_MONTH,2025-12,241,5748.65,235,6825.80,POSITIVE,true
BOSS19_P5_SESSION_ATTRIBUTION_V1,2026-09-03T23:50:00Z,MAIN,ASIA,POSITIVE,SYMBOL,AUDUSD,241,5748.65,232,5820.11,POSITIVE,true
BOSS19_P5_SESSION_ATTRIBUTION_V1,2026-09-03T23:50:00Z,MAIN,ASIA,POSITIVE,SYMBOL,BTCUSD,241,5748.65,178,4617.10,POSITIVE,true
BOSS19_P5_SESSION_ATTRIBUTION_V1,2026-09-03T23:50:00Z,MAIN,ASIA,POSITIVE,SYMBOL,EURUSD,241,5748.65,227,5654.80,POSITIVE,true
BOSS19_P5_SESSION_ATTRIBUTION_V1,2026-09-03T23:50:00Z,MAIN,ASIA,POSITIVE,SYMBOL,GBPUSD,241,5748.65,227,5539.06,POSITIVE,true
BOSS19_P5_SESSION_ATTRIBUTION_V1,2026-09-03T23:50:00Z,MAIN,ASIA,POSITIVE,SYMBOL,USDJPY,241,5748.65,186,5035.03,POSITIVE,true
BOSS19_P5_SESSION_ATTRIBUTION_V1,2026-09-03T23:50:00Z,MAIN,ASIA,POSITIVE,SYMBOL,XAUUSD,241,5748.65,155,2077.15,POSITIVE,true
BOSS19_P5_SESSION_ATTRIBUTION_V1,2026-09-03T23:50:00Z,MAIN,ASIA,POSITIVE,SYMBOL_TF,AUDUSD|H1,241,5748.65,239,5720.99,POSITIVE,true
BOSS19_P5_SESSION_ATTRIBUTION_V1,2026-09-03T23:50:00Z,MAIN,ASIA,POSITIVE,SYMBOL_TF,AUDUSD|H4,241,5748.65,238,5847.59,POSITIVE,true
BOSS19_P5_SESSION_ATTRIBUTION_V1,2026-09-03T23:50:00Z,MAIN,ASIA,POSITIVE,SYMBOL_TF,AUDUSD|M15,241,5748.65,237,5748.83,POSITIVE,true
BOSS19_P5_SESSION_ATTRIBUTION_V1,2026-09-03T23:50:00Z,MAIN,ASIA,POSITIVE,SYMBOL_TF,BTCUSD|H1,241,5748.65,204,5093.17,POSITIVE,true
BOSS19_P5_SESSION_ATTRIBUTION_V1,2026-09-03T23:50:00Z,MAIN,ASIA,POSITIVE,SYMBOL_TF,BTCUSD|H4,241,5748.65,240,5747.43,POSITIVE,true
BOSS19_P5_SESSION_ATTRIBUTION_V1,2026-09-03T23:50:00Z,MAIN,ASIA,POSITIVE,SYMBOL_TF,BTCUSD|M15,241,5748.65,216,5273.80,POSITIVE,true
BOSS19_P5_SESSION_ATTRIBUTION_V1,2026-09-03T23:50:00Z,MAIN,ASIA,POSITIVE,SYMBOL_TF,EURUSD|H1,241,5748.65,235,5696.81,POSITIVE,true
BOSS19_P5_SESSION_ATTRIBUTION_V1,2026-09-03T23:50:00Z,MAIN,ASIA,POSITIVE,SYMBOL_TF,EURUSD|H4,241,5748.65,236,5738.06,POSITIVE,true
BOSS19_P5_SESSION_ATTRIBUTION_V1,2026-09-03T23:50:00Z,MAIN,ASIA,POSITIVE,SYMBOL_TF,EURUSD|M15,241,5748.65,238,5717.23,POSITIVE,true
BOSS19_P5_SESSION_ATTRIBUTION_V1,2026-09-03T23:50:00Z,MAIN,ASIA,POSITIVE,SYMBOL_TF,GBPUSD|H1,241,5748.65,238,5689.16,POSITIVE,true
BOSS19_P5_SESSION_ATTRIBUTION_V1,2026-09-03T23:50:00Z,MAIN,ASIA,POSITIVE,SYMBOL_TF,GBPUSD|H4,241,5748.65,233,5645.69,POSITIVE,true
BOSS19_P5_SESSION_ATTRIBUTION_V1,2026-09-03T23:50:00Z,MAIN,ASIA,POSITIVE,SYMBOL_TF,GBPUSD|M15,241,5748.65,238,5701.51,POSITIVE,true
BOSS19_P5_SESSION_ATTRIBUTION_V1,2026-09-03T23:50:00Z,MAIN,ASIA,POSITIVE,SYMBOL_TF,USDJPY|H1,241,5748.65,223,5478.28,POSITIVE,true
BOSS19_P5_SESSION_ATTRIBUTION_V1,2026-09-03T23:50:00Z,MAIN,ASIA,POSITIVE,SYMBOL_TF,USDJPY|H4,241,5748.65,223,5515.97,POSITIVE,true
BOSS19_P5_SESSION_ATTRIBUTION_V1,2026-09-03T23:50:00Z,MAIN,ASIA,POSITIVE,SYMBOL_TF,USDJPY|M15,241,5748.65,222,5538.08,POSITIVE,true
BOSS19_P5_SESSION_ATTRIBUTION_V1,2026-09-03T23:50:00Z,MAIN,ASIA,POSITIVE,SYMBOL_TF,XAUUSD|H1,241,5748.65,210,4500.89,POSITIVE,true
BOSS19_P5_SESSION_ATTRIBUTION_V1,2026-09-03T23:50:00Z,MAIN,ASIA,POSITIVE,SYMBOL_TF,XAUUSD|H4,241,5748.65,209,4191.86,POSITIVE,true
BOSS19_P5_SESSION_ATTRIBUTION_V1,2026-09-03T23:50:00Z,MAIN,ASIA,POSITIVE,SYMBOL_TF,XAUUSD|M15,241,5748.65,218,4881.70,POSITIVE,true
BOSS19_P5_SESSION_ATTRIBUTION_V1,2026-09-03T23:50:00Z,BWD,ASIA,POSITIVE,YEAR,2020,134,899.73,76,498.85,POSITIVE,true
BOSS19_P5_SESSION_ATTRIBUTION_V1,2026-09-03T23:50:00Z,BWD,ASIA,POSITIVE,YEAR,2021,134,899.73,112,1366.83,POSITIVE,true
BOSS19_P5_SESSION_ATTRIBUTION_V1,2026-09-03T23:50:00Z,BWD,ASIA,POSITIVE,YEAR,2022,134,899.73,80,-66.22,NEGATIVE,false
BOSS19_P5_SESSION_ATTRIBUTION_V1,2026-09-03T23:50:00Z,BWD,ASIA,POSITIVE,ENTRY_MONTH,2020-01,134,899.73,119,869.43,POSITIVE,true
BOSS19_P5_SESSION_ATTRIBUTION_V1,2026-09-03T23:50:00Z,BWD,ASIA,POSITIVE,ENTRY_MONTH,2020-02,134,899.73,132,888.23,POSITIVE,true
BOSS19_P5_SESSION_ATTRIBUTION_V1,2026-09-03T23:50:00Z,BWD,ASIA,POSITIVE,ENTRY_MONTH,2020-03,134,899.73,130,868.38,POSITIVE,true
BOSS19_P5_SESSION_ATTRIBUTION_V1,2026-09-03T23:50:00Z,BWD,ASIA,POSITIVE,ENTRY_MONTH,2020-04,134,899.73,130,863.73,POSITIVE,true
BOSS19_P5_SESSION_ATTRIBUTION_V1,2026-09-03T23:50:00Z,BWD,ASIA,POSITIVE,ENTRY_MONTH,2020-06,134,899.73,130,845.75,POSITIVE,true
BOSS19_P5_SESSION_ATTRIBUTION_V1,2026-09-03T23:50:00Z,BWD,ASIA,POSITIVE,ENTRY_MONTH,2020-07,134,899.73,121,526.53,POSITIVE,true
BOSS19_P5_SESSION_ATTRIBUTION_V1,2026-09-03T23:50:00Z,BWD,ASIA,POSITIVE,ENTRY_MONTH,2020-08,134,899.73,131,809.12,POSITIVE,true
BOSS19_P5_SESSION_ATTRIBUTION_V1,2026-09-03T23:50:00Z,BWD,ASIA,POSITIVE,ENTRY_MONTH,2020-09,134,899.73,131,1240.07,POSITIVE,true
BOSS19_P5_SESSION_ATTRIBUTION_V1,2026-09-03T23:50:00Z,BWD,ASIA,POSITIVE,ENTRY_MONTH,2020-11,134,899.73,130,847.98,POSITIVE,true
BOSS19_P5_SESSION_ATTRIBUTION_V1,2026-09-03T23:50:00Z,BWD,ASIA,POSITIVE,ENTRY_MONTH,2020-12,134,899.73,128,837.20,POSITIVE,true
BOSS19_P5_SESSION_ATTRIBUTION_V1,2026-09-03T23:50:00Z,BWD,ASIA,POSITIVE,ENTRY_MONTH,2021-01,134,899.73,132,883.09,POSITIVE,true
BOSS19_P5_SESSION_ATTRIBUTION_V1,2026-09-03T23:50:00Z,BWD,ASIA,POSITIVE,ENTRY_MONTH,2021-02,134,899.73,127,1545.90,POSITIVE,true
BOSS19_P5_SESSION_ATTRIBUTION_V1,2026-09-03T23:50:00Z,BWD,ASIA,POSITIVE,ENTRY_MONTH,2021-03,134,899.73,133,905.30,POSITIVE,true
BOSS19_P5_SESSION_ATTRIBUTION_V1,2026-09-03T23:50:00Z,BWD,ASIA,POSITIVE,ENTRY_MONTH,2021-04,134,899.73,133,887.25,POSITIVE,true
BOSS19_P5_SESSION_ATTRIBUTION_V1,2026-09-03T23:50:00Z,BWD,ASIA,POSITIVE,ENTRY_MONTH,2021-07,134,899.73,133,881.46,POSITIVE,true
BOSS19_P5_SESSION_ATTRIBUTION_V1,2026-09-03T23:50:00Z,BWD,ASIA,POSITIVE,ENTRY_MONTH,2021-10,134,899.73,127,786.66,POSITIVE,true
BOSS19_P5_SESSION_ATTRIBUTION_V1,2026-09-03T23:50:00Z,BWD,ASIA,POSITIVE,ENTRY_MONTH,2021-11,134,899.73,132,884.15,POSITIVE,true
BOSS19_P5_SESSION_ATTRIBUTION_V1,2026-09-03T23:50:00Z,BWD,ASIA,POSITIVE,ENTRY_MONTH,2021-12,134,899.73,133,891.13,POSITIVE,true
BOSS19_P5_SESSION_ATTRIBUTION_V1,2026-09-03T23:50:00Z,BWD,ASIA,POSITIVE,ENTRY_MONTH,2022-01,134,899.73,133,883.38,POSITIVE,true
BOSS19_P5_SESSION_ATTRIBUTION_V1,2026-09-03T23:50:00Z,BWD,ASIA,POSITIVE,ENTRY_MONTH,2022-02,134,899.73,131,774.37,POSITIVE,true
BOSS19_P5_SESSION_ATTRIBUTION_V1,2026-09-03T23:50:00Z,BWD,ASIA,POSITIVE,ENTRY_MONTH,2022-03,134,899.73,116,460.62,POSITIVE,true
BOSS19_P5_SESSION_ATTRIBUTION_V1,2026-09-03T23:50:00Z,BWD,ASIA,POSITIVE,ENTRY_MONTH,2022-04,134,899.73,122,844.10,POSITIVE,true
BOSS19_P5_SESSION_ATTRIBUTION_V1,2026-09-03T23:50:00Z,BWD,ASIA,POSITIVE,ENTRY_MONTH,2022-05,134,899.73,132,865.56,POSITIVE,true
BOSS19_P5_SESSION_ATTRIBUTION_V1,2026-09-03T23:50:00Z,BWD,ASIA,POSITIVE,ENTRY_MONTH,2022-06,134,899.73,129,797.13,POSITIVE,true
BOSS19_P5_SESSION_ATTRIBUTION_V1,2026-09-03T23:50:00Z,BWD,ASIA,POSITIVE,ENTRY_MONTH,2022-07,134,899.73,133,863.27,POSITIVE,true
BOSS19_P5_SESSION_ATTRIBUTION_V1,2026-09-03T23:50:00Z,BWD,ASIA,POSITIVE,ENTRY_MONTH,2022-08,134,899.73,133,879.24,POSITIVE,true
BOSS19_P5_SESSION_ATTRIBUTION_V1,2026-09-03T23:50:00Z,BWD,ASIA,POSITIVE,ENTRY_MONTH,2022-09,134,899.73,127,783.04,POSITIVE,true
BOSS19_P5_SESSION_ATTRIBUTION_V1,2026-09-03T23:50:00Z,BWD,ASIA,POSITIVE,ENTRY_MONTH,2022-10,134,899.73,132,889.65,POSITIVE,true
BOSS19_P5_SESSION_ATTRIBUTION_V1,2026-09-03T23:50:00Z,BWD,ASIA,POSITIVE,ENTRY_MONTH,2022-12,134,899.73,132,890.72,POSITIVE,true
BOSS19_P5_SESSION_ATTRIBUTION_V1,2026-09-03T23:50:00Z,BWD,ASIA,POSITIVE,SYMBOL,AUDUSD,134,899.73,117,1063.86,POSITIVE,true
BOSS19_P5_SESSION_ATTRIBUTION_V1,2026-09-03T23:50:00Z,BWD,ASIA,POSITIVE,SYMBOL,BTCUSD,134,899.73,119,780.44,POSITIVE,true
BOSS19_P5_SESSION_ATTRIBUTION_V1,2026-09-03T23:50:00Z,BWD,ASIA,POSITIVE,SYMBOL,EURUSD,134,899.73,120,728.95,POSITIVE,true
BOSS19_P5_SESSION_ATTRIBUTION_V1,2026-09-03T23:50:00Z,BWD,ASIA,POSITIVE,SYMBOL,GBPUSD,134,899.73,125,1236.91,POSITIVE,true
BOSS19_P5_SESSION_ATTRIBUTION_V1,2026-09-03T23:50:00Z,BWD,ASIA,POSITIVE,SYMBOL,USDJPY,134,899.73,78,38.40,POSITIVE,true
BOSS19_P5_SESSION_ATTRIBUTION_V1,2026-09-03T23:50:00Z,BWD,ASIA,POSITIVE,SYMBOL,XAUUSD,134,899.73,111,650.09,POSITIVE,true
BOSS19_P5_SESSION_ATTRIBUTION_V1,2026-09-03T23:50:00Z,BWD,ASIA,POSITIVE,SYMBOL_TF,AUDUSD|H1,134,899.73,127,962.93,POSITIVE,true
BOSS19_P5_SESSION_ATTRIBUTION_V1,2026-09-03T23:50:00Z,BWD,ASIA,POSITIVE,SYMBOL_TF,AUDUSD|H4,134,899.73,129,944.06,POSITIVE,true
BOSS19_P5_SESSION_ATTRIBUTION_V1,2026-09-03T23:50:00Z,BWD,ASIA,POSITIVE,SYMBOL_TF,AUDUSD|M15,134,899.73,129,956.33,POSITIVE,true
BOSS19_P5_SESSION_ATTRIBUTION_V1,2026-09-03T23:50:00Z,BWD,ASIA,POSITIVE,SYMBOL_TF,BTCUSD|H4,134,899.73,124,802.97,POSITIVE,true
BOSS19_P5_SESSION_ATTRIBUTION_V1,2026-09-03T23:50:00Z,BWD,ASIA,POSITIVE,SYMBOL_TF,BTCUSD|M15,134,899.73,129,877.20,POSITIVE,true
BOSS19_P5_SESSION_ATTRIBUTION_V1,2026-09-03T23:50:00Z,BWD,ASIA,POSITIVE,SYMBOL_TF,EURUSD|H1,134,899.73,128,823.85,POSITIVE,true
BOSS19_P5_SESSION_ATTRIBUTION_V1,2026-09-03T23:50:00Z,BWD,ASIA,POSITIVE,SYMBOL_TF,EURUSD|H4,134,899.73,130,845.37,POSITIVE,true
BOSS19_P5_SESSION_ATTRIBUTION_V1,2026-09-03T23:50:00Z,BWD,ASIA,POSITIVE,SYMBOL_TF,EURUSD|M15,134,899.73,130,859.19,POSITIVE,true
BOSS19_P5_SESSION_ATTRIBUTION_V1,2026-09-03T23:50:00Z,BWD,ASIA,POSITIVE,SYMBOL_TF,GBPUSD|H1,134,899.73,131,849.66,POSITIVE,true
BOSS19_P5_SESSION_ATTRIBUTION_V1,2026-09-03T23:50:00Z,BWD,ASIA,POSITIVE,SYMBOL_TF,GBPUSD|H4,134,899.73,132,879.61,POSITIVE,true
BOSS19_P5_SESSION_ATTRIBUTION_V1,2026-09-03T23:50:00Z,BWD,ASIA,POSITIVE,SYMBOL_TF,GBPUSD|M15,134,899.73,130,1307.10,POSITIVE,true
BOSS19_P5_SESSION_ATTRIBUTION_V1,2026-09-03T23:50:00Z,BWD,ASIA,POSITIVE,SYMBOL_TF,USDJPY|H1,134,899.73,119,685.30,POSITIVE,true
BOSS19_P5_SESSION_ATTRIBUTION_V1,2026-09-03T23:50:00Z,BWD,ASIA,POSITIVE,SYMBOL_TF,USDJPY|H4,134,899.73,113,592.48,POSITIVE,true
BOSS19_P5_SESSION_ATTRIBUTION_V1,2026-09-03T23:50:00Z,BWD,ASIA,POSITIVE,SYMBOL_TF,USDJPY|M15,134,899.73,114,560.08,POSITIVE,true
BOSS19_P5_SESSION_ATTRIBUTION_V1,2026-09-03T23:50:00Z,BWD,ASIA,POSITIVE,SYMBOL_TF,XAUUSD|H1,134,899.73,127,714.19,POSITIVE,true
BOSS19_P5_SESSION_ATTRIBUTION_V1,2026-09-03T23:50:00Z,BWD,ASIA,POSITIVE,SYMBOL_TF,XAUUSD|H4,134,899.73,121,802.50,POSITIVE,true
BOSS19_P5_SESSION_ATTRIBUTION_V1,2026-09-03T23:50:00Z,BWD,ASIA,POSITIVE,SYMBOL_TF,XAUUSD|M15,134,899.73,131,932.86,POSITIVE,true
BOSS19_P5_SESSION_ATTRIBUTION_V1,2026-09-03T23:50:00Z,MAIN,LONDON,POSITIVE,YEAR,2023,162,2454.02,84,2061.23,POSITIVE,true
BOSS19_P5_SESSION_ATTRIBUTION_V1,2026-09-03T23:50:00Z,MAIN,LONDON,POSITIVE,YEAR,2024,162,2454.02,118,1696.56,POSITIVE,true
BOSS19_P5_SESSION_ATTRIBUTION_V1,2026-09-03T23:50:00Z,MAIN,LONDON,POSITIVE,YEAR,2025,162,2454.02,122,1150.25,POSITIVE,true
BOSS19_P5_SESSION_ATTRIBUTION_V1,2026-09-03T23:50:00Z,MAIN,LONDON,POSITIVE,ENTRY_MONTH,2023-01,162,2454.02,133,2701.07,POSITIVE,true
BOSS19_P5_SESSION_ATTRIBUTION_V1,2026-09-03T23:50:00Z,MAIN,LONDON,POSITIVE,ENTRY_MONTH,2023-02,162,2454.02,154,2366.17,POSITIVE,true
BOSS19_P5_SESSION_ATTRIBUTION_V1,2026-09-03T23:50:00Z,MAIN,LONDON,POSITIVE,ENTRY_MONTH,2023-03,162,2454.02,153,2228.68,POSITIVE,true
BOSS19_P5_SESSION_ATTRIBUTION_V1,2026-09-03T23:50:00Z,MAIN,LONDON,POSITIVE,ENTRY_MONTH,2023-04,162,2454.02,155,2380.28,POSITIVE,true
BOSS19_P5_SESSION_ATTRIBUTION_V1,2026-09-03T23:50:00Z,MAIN,LONDON,POSITIVE,ENTRY_MONTH,2023-05,162,2454.02,159,2423.31,POSITIVE,true
BOSS19_P5_SESSION_ATTRIBUTION_V1,2026-09-03T23:50:00Z,MAIN,LONDON,POSITIVE,ENTRY_MONTH,2023-06,162,2454.02,160,2433.08,POSITIVE,true
BOSS19_P5_SESSION_ATTRIBUTION_V1,2026-09-03T23:50:00Z,MAIN,LONDON,POSITIVE,ENTRY_MONTH,2023-07,162,2454.02,152,2413.52,POSITIVE,true
BOSS19_P5_SESSION_ATTRIBUTION_V1,2026-09-03T23:50:00Z,MAIN,LONDON,POSITIVE,ENTRY_MONTH,2023-08,162,2454.02,159,2417.23,POSITIVE,true
BOSS19_P5_SESSION_ATTRIBUTION_V1,2026-09-03T23:50:00Z,MAIN,LONDON,POSITIVE,ENTRY_MONTH,2023-09,162,2454.02,160,2434.04,POSITIVE,true
BOSS19_P5_SESSION_ATTRIBUTION_V1,2026-09-03T23:50:00Z,MAIN,LONDON,POSITIVE,ENTRY_MONTH,2023-11,162,2454.02,160,2419.51,POSITIVE,true
BOSS19_P5_SESSION_ATTRIBUTION_V1,2026-09-03T23:50:00Z,MAIN,LONDON,POSITIVE,ENTRY_MONTH,2023-12,162,2454.02,159,2384.54,POSITIVE,true
BOSS19_P5_SESSION_ATTRIBUTION_V1,2026-09-03T23:50:00Z,MAIN,LONDON,POSITIVE,ENTRY_MONTH,2024-01,162,2454.02,161,2451.65,POSITIVE,true
BOSS19_P5_SESSION_ATTRIBUTION_V1,2026-09-03T23:50:00Z,MAIN,LONDON,POSITIVE,ENTRY_MONTH,2024-02,162,2454.02,153,2225.87,POSITIVE,true
BOSS19_P5_SESSION_ATTRIBUTION_V1,2026-09-03T23:50:00Z,MAIN,LONDON,POSITIVE,ENTRY_MONTH,2024-03,162,2454.02,159,2413.38,POSITIVE,true
BOSS19_P5_SESSION_ATTRIBUTION_V1,2026-09-03T23:50:00Z,MAIN,LONDON,POSITIVE,ENTRY_MONTH,2024-04,162,2454.02,155,2341.61,POSITIVE,true
BOSS19_P5_SESSION_ATTRIBUTION_V1,2026-09-03T23:50:00Z,MAIN,LONDON,POSITIVE,ENTRY_MONTH,2024-05,162,2454.02,159,2464.96,POSITIVE,true
BOSS19_P5_SESSION_ATTRIBUTION_V1,2026-09-03T23:50:00Z,MAIN,LONDON,POSITIVE,ENTRY_MONTH,2024-07,162,2454.02,160,2447.17,POSITIVE,true
BOSS19_P5_SESSION_ATTRIBUTION_V1,2026-09-03T23:50:00Z,MAIN,LONDON,POSITIVE,ENTRY_MONTH,2024-09,162,2454.02,151,2128.09,POSITIVE,true
BOSS19_P5_SESSION_ATTRIBUTION_V1,2026-09-03T23:50:00Z,MAIN,LONDON,POSITIVE,ENTRY_MONTH,2024-10,162,2454.02,157,2461.32,POSITIVE,true
BOSS19_P5_SESSION_ATTRIBUTION_V1,2026-09-03T23:50:00Z,MAIN,LONDON,POSITIVE,ENTRY_MONTH,2024-11,162,2454.02,159,2394.67,POSITIVE,true
BOSS19_P5_SESSION_ATTRIBUTION_V1,2026-09-03T23:50:00Z,MAIN,LONDON,POSITIVE,ENTRY_MONTH,2025-02,162,2454.02,158,2272.37,POSITIVE,true
BOSS19_P5_SESSION_ATTRIBUTION_V1,2026-09-03T23:50:00Z,MAIN,LONDON,POSITIVE,ENTRY_MONTH,2025-03,162,2454.02,159,2293.35,POSITIVE,true
BOSS19_P5_SESSION_ATTRIBUTION_V1,2026-09-03T23:50:00Z,MAIN,LONDON,POSITIVE,ENTRY_MONTH,2025-04,162,2454.02,155,2264.96,POSITIVE,true
BOSS19_P5_SESSION_ATTRIBUTION_V1,2026-09-03T23:50:00Z,MAIN,LONDON,POSITIVE,ENTRY_MONTH,2025-05,162,2454.02,160,2436.11,POSITIVE,true
BOSS19_P5_SESSION_ATTRIBUTION_V1,2026-09-03T23:50:00Z,MAIN,LONDON,POSITIVE,ENTRY_MONTH,2025-06,162,2454.02,154,2520.72,POSITIVE,true
BOSS19_P5_SESSION_ATTRIBUTION_V1,2026-09-03T23:50:00Z,MAIN,LONDON,POSITIVE,ENTRY_MONTH,2025-07,162,2454.02,158,2474.68,POSITIVE,true
BOSS19_P5_SESSION_ATTRIBUTION_V1,2026-09-03T23:50:00Z,MAIN,LONDON,POSITIVE,ENTRY_MONTH,2025-09,162,2454.02,156,2083.33,POSITIVE,true
BOSS19_P5_SESSION_ATTRIBUTION_V1,2026-09-03T23:50:00Z,MAIN,LONDON,POSITIVE,ENTRY_MONTH,2025-10,162,2454.02,157,1996.32,POSITIVE,true
BOSS19_P5_SESSION_ATTRIBUTION_V1,2026-09-03T23:50:00Z,MAIN,LONDON,POSITIVE,ENTRY_MONTH,2025-12,162,2454.02,161,2440.57,POSITIVE,true
BOSS19_P5_SESSION_ATTRIBUTION_V1,2026-09-03T23:50:00Z,MAIN,LONDON,POSITIVE,SYMBOL,AUDUSD,162,2454.02,157,2408.10,POSITIVE,true
BOSS19_P5_SESSION_ATTRIBUTION_V1,2026-09-03T23:50:00Z,MAIN,LONDON,POSITIVE,SYMBOL,BTCUSD,162,2454.02,134,2686.07,POSITIVE,true
BOSS19_P5_SESSION_ATTRIBUTION_V1,2026-09-03T23:50:00Z,MAIN,LONDON,POSITIVE,SYMBOL,EURUSD,162,2454.02,130,2169.99,POSITIVE,true
BOSS19_P5_SESSION_ATTRIBUTION_V1,2026-09-03T23:50:00Z,MAIN,LONDON,POSITIVE,SYMBOL,GBPUSD,162,2454.02,130,2261.87,POSITIVE,true
BOSS19_P5_SESSION_ATTRIBUTION_V1,2026-09-03T23:50:00Z,MAIN,LONDON,POSITIVE,SYMBOL,USDJPY,162,2454.02,136,2109.39,POSITIVE,true
BOSS19_P5_SESSION_ATTRIBUTION_V1,2026-09-03T23:50:00Z,MAIN,LONDON,POSITIVE,SYMBOL,XAUUSD,162,2454.02,123,634.68,POSITIVE,true
BOSS19_P5_SESSION_ATTRIBUTION_V1,2026-09-03T23:50:00Z,MAIN,LONDON,POSITIVE,SYMBOL_TF,AUDUSD|H4,162,2454.02,159,2448.45,POSITIVE,true
BOSS19_P5_SESSION_ATTRIBUTION_V1,2026-09-03T23:50:00Z,MAIN,LONDON,POSITIVE,SYMBOL_TF,AUDUSD|M15,162,2454.02,160,2413.67,POSITIVE,true
BOSS19_P5_SESSION_ATTRIBUTION_V1,2026-09-03T23:50:00Z,MAIN,LONDON,POSITIVE,SYMBOL_TF,BTCUSD|H1,162,2454.02,145,2097.78,POSITIVE,true
BOSS19_P5_SESSION_ATTRIBUTION_V1,2026-09-03T23:50:00Z,MAIN,LONDON,POSITIVE,SYMBOL_TF,BTCUSD|H4,162,2454.02,161,3175.45,POSITIVE,true
BOSS19_P5_SESSION_ATTRIBUTION_V1,2026-09-03T23:50:00Z,MAIN,LONDON,POSITIVE,SYMBOL_TF,BTCUSD|M15,162,2454.02,152,2320.88,POSITIVE,true
BOSS19_P5_SESSION_ATTRIBUTION_V1,2026-09-03T23:50:00Z,MAIN,LONDON,POSITIVE,SYMBOL_TF,EURUSD|H1,162,2454.02,154,2436.99,POSITIVE,true
BOSS19_P5_SESSION_ATTRIBUTION_V1,2026-09-03T23:50:00Z,MAIN,LONDON,POSITIVE,SYMBOL_TF,EURUSD|H4,162,2454.02,147,2316.75,POSITIVE,true
BOSS19_P5_SESSION_ATTRIBUTION_V1,2026-09-03T23:50:00Z,MAIN,LONDON,POSITIVE,SYMBOL_TF,EURUSD|M15,162,2454.02,153,2324.29,POSITIVE,true
BOSS19_P5_SESSION_ATTRIBUTION_V1,2026-09-03T23:50:00Z,MAIN,LONDON,POSITIVE,SYMBOL_TF,GBPUSD|H1,162,2454.02,154,2424.15,POSITIVE,true
BOSS19_P5_SESSION_ATTRIBUTION_V1,2026-09-03T23:50:00Z,MAIN,LONDON,POSITIVE,SYMBOL_TF,GBPUSD|H4,162,2454.02,152,2442.08,POSITIVE,true
BOSS19_P5_SESSION_ATTRIBUTION_V1,2026-09-03T23:50:00Z,MAIN,LONDON,POSITIVE,SYMBOL_TF,GBPUSD|M15,162,2454.02,148,2303.68,POSITIVE,true
BOSS19_P5_SESSION_ATTRIBUTION_V1,2026-09-03T23:50:00Z,MAIN,LONDON,POSITIVE,SYMBOL_TF,USDJPY|H1,162,2454.02,154,2376.01,POSITIVE,true
BOSS19_P5_SESSION_ATTRIBUTION_V1,2026-09-03T23:50:00Z,MAIN,LONDON,POSITIVE,SYMBOL_TF,USDJPY|H4,162,2454.02,151,2280.69,POSITIVE,true
BOSS19_P5_SESSION_ATTRIBUTION_V1,2026-09-03T23:50:00Z,MAIN,LONDON,POSITIVE,SYMBOL_TF,USDJPY|M15,162,2454.02,155,2360.73,POSITIVE,true
BOSS19_P5_SESSION_ATTRIBUTION_V1,2026-09-03T23:50:00Z,MAIN,LONDON,POSITIVE,SYMBOL_TF,XAUUSD|H1,162,2454.02,147,1755.81,POSITIVE,true
BOSS19_P5_SESSION_ATTRIBUTION_V1,2026-09-03T23:50:00Z,MAIN,LONDON,POSITIVE,SYMBOL_TF,XAUUSD|H4,162,2454.02,145,1678.77,POSITIVE,true
BOSS19_P5_SESSION_ATTRIBUTION_V1,2026-09-03T23:50:00Z,MAIN,LONDON,POSITIVE,SYMBOL_TF,XAUUSD|M15,162,2454.02,155,2108.14,POSITIVE,true
BOSS19_P5_SESSION_ATTRIBUTION_V1,2026-09-03T23:50:00Z,BWD,LONDON,POSITIVE,YEAR,2020,170,1617.26,66,-228.35,NEGATIVE,false
BOSS19_P5_SESSION_ATTRIBUTION_V1,2026-09-03T23:50:00Z,BWD,LONDON,POSITIVE,YEAR,2021,170,1617.26,143,1405.23,POSITIVE,true
BOSS19_P5_SESSION_ATTRIBUTION_V1,2026-09-03T23:50:00Z,BWD,LONDON,POSITIVE,YEAR,2022,170,1617.26,131,2057.64,POSITIVE,true
BOSS19_P5_SESSION_ATTRIBUTION_V1,2026-09-03T23:50:00Z,BWD,LONDON,POSITIVE,ENTRY_MONTH,2020-01,170,1617.26,145,1369.36,POSITIVE,true
BOSS19_P5_SESSION_ATTRIBUTION_V1,2026-09-03T23:50:00Z,BWD,LONDON,POSITIVE,ENTRY_MONTH,2020-02,170,1617.26,158,1106.13,POSITIVE,true
BOSS19_P5_SESSION_ATTRIBUTION_V1,2026-09-03T23:50:00Z,BWD,LONDON,POSITIVE,ENTRY_MONTH,2020-03,170,1617.26,159,1415.21,POSITIVE,true
BOSS19_P5_SESSION_ATTRIBUTION_V1,2026-09-03T23:50:00Z,BWD,LONDON,POSITIVE,ENTRY_MONTH,2020-04,170,1617.26,169,1609.54,POSITIVE,true
BOSS19_P5_SESSION_ATTRIBUTION_V1,2026-09-03T23:50:00Z,BWD,LONDON,POSITIVE,ENTRY_MONTH,2020-06,170,1617.26,165,1561.54,POSITIVE,true
BOSS19_P5_SESSION_ATTRIBUTION_V1,2026-09-03T23:50:00Z,BWD,LONDON,POSITIVE,ENTRY_MONTH,2020-07,170,1617.26,160,1326.70,POSITIVE,true
BOSS19_P5_SESSION_ATTRIBUTION_V1,2026-09-03T23:50:00Z,BWD,LONDON,POSITIVE,ENTRY_MONTH,2020-08,170,1617.26,158,1473.12,POSITIVE,true
BOSS19_P5_SESSION_ATTRIBUTION_V1,2026-09-03T23:50:00Z,BWD,LONDON,POSITIVE,ENTRY_MONTH,2020-09,170,1617.26,165,1524.15,POSITIVE,true
BOSS19_P5_SESSION_ATTRIBUTION_V1,2026-09-03T23:50:00Z,BWD,LONDON,POSITIVE,ENTRY_MONTH,2020-10,170,1617.26,168,1607.85,POSITIVE,true
BOSS19_P5_SESSION_ATTRIBUTION_V1,2026-09-03T23:50:00Z,BWD,LONDON,POSITIVE,ENTRY_MONTH,2020-11,170,1617.26,167,1580.69,POSITIVE,true
BOSS19_P5_SESSION_ATTRIBUTION_V1,2026-09-03T23:50:00Z,BWD,LONDON,POSITIVE,ENTRY_MONTH,2020-12,170,1617.26,152,1369.96,POSITIVE,true
BOSS19_P5_SESSION_ATTRIBUTION_V1,2026-09-03T23:50:00Z,BWD,LONDON,POSITIVE,ENTRY_MONTH,2021-01,170,1617.26,167,1609.91,POSITIVE,true
BOSS19_P5_SESSION_ATTRIBUTION_V1,2026-09-03T23:50:00Z,BWD,LONDON,POSITIVE,ENTRY_MONTH,2021-02,170,1617.26,163,1559.16,POSITIVE,true
BOSS19_P5_SESSION_ATTRIBUTION_V1,2026-09-03T23:50:00Z,BWD,LONDON,POSITIVE,ENTRY_MONTH,2021-03,170,1617.26,167,1587.31,POSITIVE,true
BOSS19_P5_SESSION_ATTRIBUTION_V1,2026-09-03T23:50:00Z,BWD,LONDON,POSITIVE,ENTRY_MONTH,2021-05,170,1617.26,168,1612.88,POSITIVE,true
BOSS19_P5_SESSION_ATTRIBUTION_V1,2026-09-03T23:50:00Z,BWD,LONDON,POSITIVE,ENTRY_MONTH,2021-07,170,1617.26,164,1553.35,POSITIVE,true
BOSS19_P5_SESSION_ATTRIBUTION_V1,2026-09-03T23:50:00Z,BWD,LONDON,POSITIVE,ENTRY_MONTH,2021-10,170,1617.26,167,1577.34,POSITIVE,true
BOSS19_P5_SESSION_ATTRIBUTION_V1,2026-09-03T23:50:00Z,BWD,LONDON,POSITIVE,ENTRY_MONTH,2021-11,170,1617.26,167,1608.84,POSITIVE,true
BOSS19_P5_SESSION_ATTRIBUTION_V1,2026-09-03T23:50:00Z,BWD,LONDON,POSITIVE,ENTRY_MONTH,2022-01,170,1617.26,168,1576.28,POSITIVE,true
BOSS19_P5_SESSION_ATTRIBUTION_V1,2026-09-03T23:50:00Z,BWD,LONDON,POSITIVE,ENTRY_MONTH,2022-02,170,1617.26,167,1476.86,POSITIVE,true
BOSS19_P5_SESSION_ATTRIBUTION_V1,2026-09-03T23:50:00Z,BWD,LONDON,POSITIVE,ENTRY_MONTH,2022-03,170,1617.26,155,1499.11,POSITIVE,true
BOSS19_P5_SESSION_ATTRIBUTION_V1,2026-09-03T23:50:00Z,BWD,LONDON,POSITIVE,ENTRY_MONTH,2022-04,170,1617.26,167,1706.95,POSITIVE,true
BOSS19_P5_SESSION_ATTRIBUTION_V1,2026-09-03T23:50:00Z,BWD,LONDON,POSITIVE,ENTRY_MONTH,2022-06,170,1617.26,165,1521.21,POSITIVE,true
BOSS19_P5_SESSION_ATTRIBUTION_V1,2026-09-03T23:50:00Z,BWD,LONDON,POSITIVE,ENTRY_MONTH,2022-07,170,1617.26,168,1569.97,POSITIVE,true
BOSS19_P5_SESSION_ATTRIBUTION_V1,2026-09-03T23:50:00Z,BWD,LONDON,POSITIVE,ENTRY_MONTH,2022-09,170,1617.26,168,1582.23,POSITIVE,true
BOSS19_P5_SESSION_ATTRIBUTION_V1,2026-09-03T23:50:00Z,BWD,LONDON,POSITIVE,ENTRY_MONTH,2022-10,170,1617.26,163,2445.85,POSITIVE,true
BOSS19_P5_SESSION_ATTRIBUTION_V1,2026-09-03T23:50:00Z,BWD,LONDON,POSITIVE,SYMBOL,AUDUSD,170,1617.26,138,1403.65,POSITIVE,true
BOSS19_P5_SESSION_ATTRIBUTION_V1,2026-09-03T23:50:00Z,BWD,LONDON,POSITIVE,SYMBOL,BTCUSD,170,1617.26,158,1536.02,POSITIVE,true
BOSS19_P5_SESSION_ATTRIBUTION_V1,2026-09-03T23:50:00Z,BWD,LONDON,POSITIVE,SYMBOL,EURUSD,170,1617.26,141,1361.35,POSITIVE,true
BOSS19_P5_SESSION_ATTRIBUTION_V1,2026-09-03T23:50:00Z,BWD,LONDON,POSITIVE,SYMBOL,GBPUSD,170,1617.26,150,1513.59,POSITIVE,true
BOSS19_P5_SESSION_ATTRIBUTION_V1,2026-09-03T23:50:00Z,BWD,LONDON,POSITIVE,SYMBOL,USDJPY,170,1617.26,119,1423.17,POSITIVE,true
BOSS19_P5_SESSION_ATTRIBUTION_V1,2026-09-03T23:50:00Z,BWD,LONDON,POSITIVE,SYMBOL,XAUUSD,170,1617.26,144,848.52,POSITIVE,true
BOSS19_P5_SESSION_ATTRIBUTION_V1,2026-09-03T23:50:00Z,BWD,LONDON,POSITIVE,SYMBOL_TF,AUDUSD|H1,170,1617.26,159,1668.96,POSITIVE,true
BOSS19_P5_SESSION_ATTRIBUTION_V1,2026-09-03T23:50:00Z,BWD,LONDON,POSITIVE,SYMBOL_TF,AUDUSD|H4,170,1617.26,156,1443.68,POSITIVE,true
BOSS19_P5_SESSION_ATTRIBUTION_V1,2026-09-03T23:50:00Z,BWD,LONDON,POSITIVE,SYMBOL_TF,AUDUSD|M15,170,1617.26,163,1525.53,POSITIVE,true
BOSS19_P5_SESSION_ATTRIBUTION_V1,2026-09-03T23:50:00Z,BWD,LONDON,POSITIVE,SYMBOL_TF,BTCUSD|H1,170,1617.26,169,1615.68,POSITIVE,true
BOSS19_P5_SESSION_ATTRIBUTION_V1,2026-09-03T23:50:00Z,BWD,LONDON,POSITIVE,SYMBOL_TF,BTCUSD|H4,170,1617.26,162,1550.86,POSITIVE,true
BOSS19_P5_SESSION_ATTRIBUTION_V1,2026-09-03T23:50:00Z,BWD,LONDON,POSITIVE,SYMBOL_TF,BTCUSD|M15,170,1617.26,167,1604.00,POSITIVE,true
BOSS19_P5_SESSION_ATTRIBUTION_V1,2026-09-03T23:50:00Z,BWD,LONDON,POSITIVE,SYMBOL_TF,EURUSD|H1,170,1617.26,161,1541.13,POSITIVE,true
BOSS19_P5_SESSION_ATTRIBUTION_V1,2026-09-03T23:50:00Z,BWD,LONDON,POSITIVE,SYMBOL_TF,EURUSD|H4,170,1617.26,159,1526.03,POSITIVE,true
BOSS19_P5_SESSION_ATTRIBUTION_V1,2026-09-03T23:50:00Z,BWD,LONDON,POSITIVE,SYMBOL_TF,EURUSD|M15,170,1617.26,161,1528.71,POSITIVE,true
BOSS19_P5_SESSION_ATTRIBUTION_V1,2026-09-03T23:50:00Z,BWD,LONDON,POSITIVE,SYMBOL_TF,GBPUSD|H1,170,1617.26,163,1519.19,POSITIVE,true
BOSS19_P5_SESSION_ATTRIBUTION_V1,2026-09-03T23:50:00Z,BWD,LONDON,POSITIVE,SYMBOL_TF,GBPUSD|H4,170,1617.26,162,1682.24,POSITIVE,true
BOSS19_P5_SESSION_ATTRIBUTION_V1,2026-09-03T23:50:00Z,BWD,LONDON,POSITIVE,SYMBOL_TF,GBPUSD|M15,170,1617.26,165,1546.68,POSITIVE,true
BOSS19_P5_SESSION_ATTRIBUTION_V1,2026-09-03T23:50:00Z,BWD,LONDON,POSITIVE,SYMBOL_TF,USDJPY|H1,170,1617.26,146,1674.51,POSITIVE,true
BOSS19_P5_SESSION_ATTRIBUTION_V1,2026-09-03T23:50:00Z,BWD,LONDON,POSITIVE,SYMBOL_TF,USDJPY|H4,170,1617.26,155,1647.99,POSITIVE,true
BOSS19_P5_SESSION_ATTRIBUTION_V1,2026-09-03T23:50:00Z,BWD,LONDON,POSITIVE,SYMBOL_TF,USDJPY|M15,170,1617.26,158,1335.19,POSITIVE,true
BOSS19_P5_SESSION_ATTRIBUTION_V1,2026-09-03T23:50:00Z,BWD,LONDON,POSITIVE,SYMBOL_TF,XAUUSD|H1,170,1617.26,162,1370.94,POSITIVE,true
BOSS19_P5_SESSION_ATTRIBUTION_V1,2026-09-03T23:50:00Z,BWD,LONDON,POSITIVE,SYMBOL_TF,XAUUSD|H4,170,1617.26,159,1306.86,POSITIVE,true
BOSS19_P5_SESSION_ATTRIBUTION_V1,2026-09-03T23:50:00Z,BWD,LONDON,POSITIVE,SYMBOL_TF,XAUUSD|M15,170,1617.26,163,1405.24,POSITIVE,true
BOSS19_P5_SESSION_ATTRIBUTION_V1,2026-09-03T23:50:00Z,MAIN,LONDON_NY_OVERLAP,MIXED_OR_ZERO,YEAR,2023,221,4146.82,126,3593.43,POSITIVE,false
BOSS19_P5_SESSION_ATTRIBUTION_V1,2026-09-03T23:50:00Z,MAIN,LONDON_NY_OVERLAP,MIXED_OR_ZERO,YEAR,2024,221,4146.82,139,2625.97,POSITIVE,false
BOSS19_P5_SESSION_ATTRIBUTION_V1,2026-09-03T23:50:00Z,MAIN,LONDON_NY_OVERLAP,MIXED_OR_ZERO,YEAR,2025,221,4146.82,177,2074.24,POSITIVE,false
BOSS19_P5_SESSION_ATTRIBUTION_V1,2026-09-03T23:50:00Z,MAIN,LONDON_NY_OVERLAP,MIXED_OR_ZERO,ENTRY_MONTH,2023-01,221,4146.82,201,3813.09,POSITIVE,false
BOSS19_P5_SESSION_ATTRIBUTION_V1,2026-09-03T23:50:00Z,MAIN,LONDON_NY_OVERLAP,MIXED_OR_ZERO,ENTRY_MONTH,2023-02,221,4146.82,210,4050.30,POSITIVE,false
BOSS19_P5_SESSION_ATTRIBUTION_V1,2026-09-03T23:50:00Z,MAIN,LONDON_NY_OVERLAP,MIXED_OR_ZERO,ENTRY_MONTH,2023-03,221,4146.82,213,4079.03,POSITIVE,false
BOSS19_P5_SESSION_ATTRIBUTION_V1,2026-09-03T23:50:00Z,MAIN,LONDON_NY_OVERLAP,MIXED_OR_ZERO,ENTRY_MONTH,2023-04,221,4146.82,212,4384.72,POSITIVE,false
BOSS19_P5_SESSION_ATTRIBUTION_V1,2026-09-03T23:50:00Z,MAIN,LONDON_NY_OVERLAP,MIXED_OR_ZERO,ENTRY_MONTH,2023-05,221,4146.82,208,4192.07,POSITIVE,false
BOSS19_P5_SESSION_ATTRIBUTION_V1,2026-09-03T23:50:00Z,MAIN,LONDON_NY_OVERLAP,MIXED_OR_ZERO,ENTRY_MONTH,2023-06,221,4146.82,207,3918.96,POSITIVE,false
BOSS19_P5_SESSION_ATTRIBUTION_V1,2026-09-03T23:50:00Z,MAIN,LONDON_NY_OVERLAP,MIXED_OR_ZERO,ENTRY_MONTH,2023-07,221,4146.82,211,4205.19,POSITIVE,false
BOSS19_P5_SESSION_ATTRIBUTION_V1,2026-09-03T23:50:00Z,MAIN,LONDON_NY_OVERLAP,MIXED_OR_ZERO,ENTRY_MONTH,2023-08,221,4146.82,220,4136.29,POSITIVE,false
BOSS19_P5_SESSION_ATTRIBUTION_V1,2026-09-03T23:50:00Z,MAIN,LONDON_NY_OVERLAP,MIXED_OR_ZERO,ENTRY_MONTH,2023-09,221,4146.82,217,4107.12,POSITIVE,false
BOSS19_P5_SESSION_ATTRIBUTION_V1,2026-09-03T23:50:00Z,MAIN,LONDON_NY_OVERLAP,MIXED_OR_ZERO,ENTRY_MONTH,2023-11,221,4146.82,217,4051.96,POSITIVE,false
BOSS19_P5_SESSION_ATTRIBUTION_V1,2026-09-03T23:50:00Z,MAIN,LONDON_NY_OVERLAP,MIXED_OR_ZERO,ENTRY_MONTH,2023-12,221,4146.82,220,4122.90,POSITIVE,false
BOSS19_P5_SESSION_ATTRIBUTION_V1,2026-09-03T23:50:00Z,MAIN,LONDON_NY_OVERLAP,MIXED_OR_ZERO,ENTRY_MONTH,2024-01,221,4146.82,220,4144.65,POSITIVE,false
BOSS19_P5_SESSION_ATTRIBUTION_V1,2026-09-03T23:50:00Z,MAIN,LONDON_NY_OVERLAP,MIXED_OR_ZERO,ENTRY_MONTH,2024-02,221,4146.82,215,4003.57,POSITIVE,false
BOSS19_P5_SESSION_ATTRIBUTION_V1,2026-09-03T23:50:00Z,MAIN,LONDON_NY_OVERLAP,MIXED_OR_ZERO,ENTRY_MONTH,2024-03,221,4146.82,213,3967.34,POSITIVE,false
BOSS19_P5_SESSION_ATTRIBUTION_V1,2026-09-03T23:50:00Z,MAIN,LONDON_NY_OVERLAP,MIXED_OR_ZERO,ENTRY_MONTH,2024-04,221,4146.82,193,4074.09,POSITIVE,false
BOSS19_P5_SESSION_ATTRIBUTION_V1,2026-09-03T23:50:00Z,MAIN,LONDON_NY_OVERLAP,MIXED_OR_ZERO,ENTRY_MONTH,2024-05,221,4146.82,217,4026.60,POSITIVE,false
BOSS19_P5_SESSION_ATTRIBUTION_V1,2026-09-03T23:50:00Z,MAIN,LONDON_NY_OVERLAP,MIXED_OR_ZERO,ENTRY_MONTH,2024-06,221,4146.82,219,4124.93,POSITIVE,false
BOSS19_P5_SESSION_ATTRIBUTION_V1,2026-09-03T23:50:00Z,MAIN,LONDON_NY_OVERLAP,MIXED_OR_ZERO,ENTRY_MONTH,2024-07,221,4146.82,220,4143.18,POSITIVE,false
BOSS19_P5_SESSION_ATTRIBUTION_V1,2026-09-03T23:50:00Z,MAIN,LONDON_NY_OVERLAP,MIXED_OR_ZERO,ENTRY_MONTH,2024-08,221,4146.82,211,4014.09,POSITIVE,false
BOSS19_P5_SESSION_ATTRIBUTION_V1,2026-09-03T23:50:00Z,MAIN,LONDON_NY_OVERLAP,MIXED_OR_ZERO,ENTRY_MONTH,2024-09,221,4146.82,212,3697.71,POSITIVE,false
BOSS19_P5_SESSION_ATTRIBUTION_V1,2026-09-03T23:50:00Z,MAIN,LONDON_NY_OVERLAP,MIXED_OR_ZERO,ENTRY_MONTH,2024-10,221,4146.82,216,4022.58,POSITIVE,false
BOSS19_P5_SESSION_ATTRIBUTION_V1,2026-09-03T23:50:00Z,MAIN,LONDON_NY_OVERLAP,MIXED_OR_ZERO,ENTRY_MONTH,2024-11,221,4146.82,216,3884.55,POSITIVE,false
BOSS19_P5_SESSION_ATTRIBUTION_V1,2026-09-03T23:50:00Z,MAIN,LONDON_NY_OVERLAP,MIXED_OR_ZERO,ENTRY_MONTH,2024-12,221,4146.82,218,4137.70,POSITIVE,false
BOSS19_P5_SESSION_ATTRIBUTION_V1,2026-09-03T23:50:00Z,MAIN,LONDON_NY_OVERLAP,MIXED_OR_ZERO,ENTRY_MONTH,2025-01,221,4146.82,218,4037.11,POSITIVE,false
BOSS19_P5_SESSION_ATTRIBUTION_V1,2026-09-03T23:50:00Z,MAIN,LONDON_NY_OVERLAP,MIXED_OR_ZERO,ENTRY_MONTH,2025-02,221,4146.82,214,3749.04,POSITIVE,false
BOSS19_P5_SESSION_ATTRIBUTION_V1,2026-09-03T23:50:00Z,MAIN,LONDON_NY_OVERLAP,MIXED_OR_ZERO,ENTRY_MONTH,2025-03,221,4146.82,220,4096.13,POSITIVE,false
BOSS19_P5_SESSION_ATTRIBUTION_V1,2026-09-03T23:50:00Z,MAIN,LONDON_NY_OVERLAP,MIXED_OR_ZERO,ENTRY_MONTH,2025-04,221,4146.82,218,3848.45,POSITIVE,false
BOSS19_P5_SESSION_ATTRIBUTION_V1,2026-09-03T23:50:00Z,MAIN,LONDON_NY_OVERLAP,MIXED_OR_ZERO,ENTRY_MONTH,2025-05,221,4146.82,219,4109.28,POSITIVE,false
BOSS19_P5_SESSION_ATTRIBUTION_V1,2026-09-03T23:50:00Z,MAIN,LONDON_NY_OVERLAP,MIXED_OR_ZERO,ENTRY_MONTH,2025-06,221,4146.82,213,4025.97,POSITIVE,false
BOSS19_P5_SESSION_ATTRIBUTION_V1,2026-09-03T23:50:00Z,MAIN,LONDON_NY_OVERLAP,MIXED_OR_ZERO,ENTRY_MONTH,2025-09,221,4146.82,211,3371.96,POSITIVE,false
BOSS19_P5_SESSION_ATTRIBUTION_V1,2026-09-03T23:50:00Z,MAIN,LONDON_NY_OVERLAP,MIXED_OR_ZERO,ENTRY_MONTH,2025-10,221,4146.82,212,3876.08,POSITIVE,false
BOSS19_P5_SESSION_ATTRIBUTION_V1,2026-09-03T23:50:00Z,MAIN,LONDON_NY_OVERLAP,MIXED_OR_ZERO,ENTRY_MONTH,2025-11,221,4146.82,220,4134.78,POSITIVE,false
BOSS19_P5_SESSION_ATTRIBUTION_V1,2026-09-03T23:50:00Z,MAIN,LONDON_NY_OVERLAP,MIXED_OR_ZERO,SYMBOL,BTCUSD,221,4146.82,188,3780.04,POSITIVE,false
BOSS19_P5_SESSION_ATTRIBUTION_V1,2026-09-03T23:50:00Z,MAIN,LONDON_NY_OVERLAP,MIXED_OR_ZERO,SYMBOL,EURUSD,221,4146.82,188,3946.30,POSITIVE,false
BOSS19_P5_SESSION_ATTRIBUTION_V1,2026-09-03T23:50:00Z,MAIN,LONDON_NY_OVERLAP,MIXED_OR_ZERO,SYMBOL,GBPUSD,221,4146.82,189,3712.57,POSITIVE,false
BOSS19_P5_SESSION_ATTRIBUTION_V1,2026-09-03T23:50:00Z,MAIN,LONDON_NY_OVERLAP,MIXED_OR_ZERO,SYMBOL,USDJPY,221,4146.82,173,3519.06,POSITIVE,false
BOSS19_P5_SESSION_ATTRIBUTION_V1,2026-09-03T23:50:00Z,MAIN,LONDON_NY_OVERLAP,MIXED_OR_ZERO,SYMBOL,XAUUSD,221,4146.82,146,1629.31,POSITIVE,false
BOSS19_P5_SESSION_ATTRIBUTION_V1,2026-09-03T23:50:00Z,MAIN,LONDON_NY_OVERLAP,MIXED_OR_ZERO,SYMBOL_TF,BTCUSD|H1,221,4146.82,202,3684.91,POSITIVE,false
BOSS19_P5_SESSION_ATTRIBUTION_V1,2026-09-03T23:50:00Z,MAIN,LONDON_NY_OVERLAP,MIXED_OR_ZERO,SYMBOL_TF,BTCUSD|M15,221,4146.82,207,4241.95,POSITIVE,false
BOSS19_P5_SESSION_ATTRIBUTION_V1,2026-09-03T23:50:00Z,MAIN,LONDON_NY_OVERLAP,MIXED_OR_ZERO,SYMBOL_TF,EURUSD|H1,221,4146.82,213,4081.63,POSITIVE,false
BOSS19_P5_SESSION_ATTRIBUTION_V1,2026-09-03T23:50:00Z,MAIN,LONDON_NY_OVERLAP,MIXED_OR_ZERO,SYMBOL_TF,EURUSD|H4,221,4146.82,200,4017.81,POSITIVE,false
BOSS19_P5_SESSION_ATTRIBUTION_V1,2026-09-03T23:50:00Z,MAIN,LONDON_NY_OVERLAP,MIXED_OR_ZERO,SYMBOL_TF,EURUSD|M15,221,4146.82,217,4140.50,POSITIVE,false
BOSS19_P5_SESSION_ATTRIBUTION_V1,2026-09-03T23:50:00Z,MAIN,LONDON_NY_OVERLAP,MIXED_OR_ZERO,SYMBOL_TF,GBPUSD|H1,221,4146.82,211,4002.73,POSITIVE,false
BOSS19_P5_SESSION_ATTRIBUTION_V1,2026-09-03T23:50:00Z,MAIN,LONDON_NY_OVERLAP,MIXED_OR_ZERO,SYMBOL_TF,GBPUSD|H4,221,4146.82,207,3965.92,POSITIVE,false
BOSS19_P5_SESSION_ATTRIBUTION_V1,2026-09-03T23:50:00Z,MAIN,LONDON_NY_OVERLAP,MIXED_OR_ZERO,SYMBOL_TF,GBPUSD|M15,221,4146.82,213,4037.56,POSITIVE,false
BOSS19_P5_SESSION_ATTRIBUTION_V1,2026-09-03T23:50:00Z,MAIN,LONDON_NY_OVERLAP,MIXED_OR_ZERO,SYMBOL_TF,USDJPY|H1,221,4146.82,204,3949.38,POSITIVE,false
BOSS19_P5_SESSION_ATTRIBUTION_V1,2026-09-03T23:50:00Z,MAIN,LONDON_NY_OVERLAP,MIXED_OR_ZERO,SYMBOL_TF,USDJPY|H4,221,4146.82,204,3891.09,POSITIVE,false
BOSS19_P5_SESSION_ATTRIBUTION_V1,2026-09-03T23:50:00Z,MAIN,LONDON_NY_OVERLAP,MIXED_OR_ZERO,SYMBOL_TF,USDJPY|M15,221,4146.82,207,3972.23,POSITIVE,false
BOSS19_P5_SESSION_ATTRIBUTION_V1,2026-09-03T23:50:00Z,MAIN,LONDON_NY_OVERLAP,MIXED_OR_ZERO,SYMBOL_TF,XAUUSD|H1,221,4146.82,199,3220.21,POSITIVE,false
BOSS19_P5_SESSION_ATTRIBUTION_V1,2026-09-03T23:50:00Z,MAIN,LONDON_NY_OVERLAP,MIXED_OR_ZERO,SYMBOL_TF,XAUUSD|H4,221,4146.82,189,3121.97,POSITIVE,false
BOSS19_P5_SESSION_ATTRIBUTION_V1,2026-09-03T23:50:00Z,MAIN,LONDON_NY_OVERLAP,MIXED_OR_ZERO,SYMBOL_TF,XAUUSD|M15,221,4146.82,200,3580.77,POSITIVE,false
BOSS19_P5_SESSION_ATTRIBUTION_V1,2026-09-03T23:50:00Z,BWD,LONDON_NY_OVERLAP,MIXED_OR_ZERO,YEAR,2020,208,-3461.82,101,-4815.42,NEGATIVE,false
BOSS19_P5_SESSION_ATTRIBUTION_V1,2026-09-03T23:50:00Z,BWD,LONDON_NY_OVERLAP,MIXED_OR_ZERO,YEAR,2021,208,-3461.82,164,-2138.84,NEGATIVE,false
BOSS19_P5_SESSION_ATTRIBUTION_V1,2026-09-03T23:50:00Z,BWD,LONDON_NY_OVERLAP,MIXED_OR_ZERO,YEAR,2022,208,-3461.82,151,30.62,POSITIVE,false
BOSS19_P5_SESSION_ATTRIBUTION_V1,2026-09-03T23:50:00Z,BWD,LONDON_NY_OVERLAP,MIXED_OR_ZERO,ENTRY_MONTH,2020-01,208,-3461.82,185,-3792.90,NEGATIVE,false
BOSS19_P5_SESSION_ATTRIBUTION_V1,2026-09-03T23:50:00Z,BWD,LONDON_NY_OVERLAP,MIXED_OR_ZERO,ENTRY_MONTH,2020-02,208,-3461.82,194,-3718.91,NEGATIVE,false
BOSS19_P5_SESSION_ATTRIBUTION_V1,2026-09-03T23:50:00Z,BWD,LONDON_NY_OVERLAP,MIXED_OR_ZERO,ENTRY_MONTH,2020-03,208,-3461.82,200,-3454.48,NEGATIVE,false
BOSS19_P5_SESSION_ATTRIBUTION_V1,2026-09-03T23:50:00Z,BWD,LONDON_NY_OVERLAP,MIXED_OR_ZERO,ENTRY_MONTH,2020-04,208,-3461.82,207,-3473.91,NEGATIVE,false
BOSS19_P5_SESSION_ATTRIBUTION_V1,2026-09-03T23:50:00Z,BWD,LONDON_NY_OVERLAP,MIXED_OR_ZERO,ENTRY_MONTH,2020-05,208,-3461.82,199,-3538.74,NEGATIVE,false
BOSS19_P5_SESSION_ATTRIBUTION_V1,2026-09-03T23:50:00Z,BWD,LONDON_NY_OVERLAP,MIXED_OR_ZERO,ENTRY_MONTH,2020-06,208,-3461.82,204,-3531.43,NEGATIVE,false
BOSS19_P5_SESSION_ATTRIBUTION_V1,2026-09-03T23:50:00Z,BWD,LONDON_NY_OVERLAP,MIXED_OR_ZERO,ENTRY_MONTH,2020-07,208,-3461.82,196,-3752.30,NEGATIVE,false
BOSS19_P5_SESSION_ATTRIBUTION_V1,2026-09-03T23:50:00Z,BWD,LONDON_NY_OVERLAP,MIXED_OR_ZERO,ENTRY_MONTH,2020-08,208,-3461.82,198,-3578.70,NEGATIVE,false
BOSS19_P5_SESSION_ATTRIBUTION_V1,2026-09-03T23:50:00Z,BWD,LONDON_NY_OVERLAP,MIXED_OR_ZERO,ENTRY_MONTH,2020-09,208,-3461.82,201,-3504.28,NEGATIVE,false
BOSS19_P5_SESSION_ATTRIBUTION_V1,2026-09-03T23:50:00Z,BWD,LONDON_NY_OVERLAP,MIXED_OR_ZERO,ENTRY_MONTH,2020-10,208,-3461.82,200,-3525.25,NEGATIVE,false
BOSS19_P5_SESSION_ATTRIBUTION_V1,2026-09-03T23:50:00Z,BWD,LONDON_NY_OVERLAP,MIXED_OR_ZERO,ENTRY_MONTH,2020-12,208,-3461.82,197,-3562.72,NEGATIVE,false
BOSS19_P5_SESSION_ATTRIBUTION_V1,2026-09-03T23:50:00Z,BWD,LONDON_NY_OVERLAP,MIXED_OR_ZERO,ENTRY_MONTH,2021-01,208,-3461.82,206,-3467.04,NEGATIVE,false
BOSS19_P5_SESSION_ATTRIBUTION_V1,2026-09-03T23:50:00Z,BWD,LONDON_NY_OVERLAP,MIXED_OR_ZERO,ENTRY_MONTH,2021-02,208,-3461.82,201,-3422.39,NEGATIVE,false
BOSS19_P5_SESSION_ATTRIBUTION_V1,2026-09-03T23:50:00Z,BWD,LONDON_NY_OVERLAP,MIXED_OR_ZERO,ENTRY_MONTH,2021-03,208,-3461.82,206,-3467.94,NEGATIVE,false
BOSS19_P5_SESSION_ATTRIBUTION_V1,2026-09-03T23:50:00Z,BWD,LONDON_NY_OVERLAP,MIXED_OR_ZERO,ENTRY_MONTH,2021-04,208,-3461.82,206,-3499.78,NEGATIVE,false
BOSS19_P5_SESSION_ATTRIBUTION_V1,2026-09-03T23:50:00Z,BWD,LONDON_NY_OVERLAP,MIXED_OR_ZERO,ENTRY_MONTH,2021-05,208,-3461.82,195,-2383.88,NEGATIVE,false
BOSS19_P5_SESSION_ATTRIBUTION_V1,2026-09-03T23:50:00Z,BWD,LONDON_NY_OVERLAP,MIXED_OR_ZERO,ENTRY_MONTH,2021-06,208,-3461.82,204,-3083.69,NEGATIVE,false
BOSS19_P5_SESSION_ATTRIBUTION_V1,2026-09-03T23:50:00Z,BWD,LONDON_NY_OVERLAP,MIXED_OR_ZERO,ENTRY_MONTH,2021-10,208,-3461.82,201,-3548.70,NEGATIVE,false
BOSS19_P5_SESSION_ATTRIBUTION_V1,2026-09-03T23:50:00Z,BWD,LONDON_NY_OVERLAP,MIXED_OR_ZERO,ENTRY_MONTH,2021-11,208,-3461.82,203,-3493.29,NEGATIVE,false
BOSS19_P5_SESSION_ATTRIBUTION_V1,2026-09-03T23:50:00Z,BWD,LONDON_NY_OVERLAP,MIXED_OR_ZERO,ENTRY_MONTH,2021-12,208,-3461.82,206,-3466.69,NEGATIVE,false
BOSS19_P5_SESSION_ATTRIBUTION_V1,2026-09-03T23:50:00Z,BWD,LONDON_NY_OVERLAP,MIXED_OR_ZERO,ENTRY_MONTH,2022-01,208,-3461.82,206,-3490.85,NEGATIVE,false
BOSS19_P5_SESSION_ATTRIBUTION_V1,2026-09-03T23:50:00Z,BWD,LONDON_NY_OVERLAP,MIXED_OR_ZERO,ENTRY_MONTH,2022-03,208,-3461.82,188,138.63,POSITIVE,false
BOSS19_P5_SESSION_ATTRIBUTION_V1,2026-09-03T23:50:00Z,BWD,LONDON_NY_OVERLAP,MIXED_OR_ZERO,ENTRY_MONTH,2022-04,208,-3461.82,204,-3549.46,NEGATIVE,false
BOSS19_P5_SESSION_ATTRIBUTION_V1,2026-09-03T23:50:00Z,BWD,LONDON_NY_OVERLAP,MIXED_OR_ZERO,ENTRY_MONTH,2022-06,208,-3461.82,204,-3554.97,NEGATIVE,false
BOSS19_P5_SESSION_ATTRIBUTION_V1,2026-09-03T23:50:00Z,BWD,LONDON_NY_OVERLAP,MIXED_OR_ZERO,ENTRY_MONTH,2022-07,208,-3461.82,205,-3527.34,NEGATIVE,false
BOSS19_P5_SESSION_ATTRIBUTION_V1,2026-09-03T23:50:00Z,BWD,LONDON_NY_OVERLAP,MIXED_OR_ZERO,ENTRY_MONTH,2022-09,208,-3461.82,199,-3614.74,NEGATIVE,false
BOSS19_P5_SESSION_ATTRIBUTION_V1,2026-09-03T23:50:00Z,BWD,LONDON_NY_OVERLAP,MIXED_OR_ZERO,ENTRY_MONTH,2022-10,208,-3461.82,200,-3115.52,NEGATIVE,false
BOSS19_P5_SESSION_ATTRIBUTION_V1,2026-09-03T23:50:00Z,BWD,LONDON_NY_OVERLAP,MIXED_OR_ZERO,ENTRY_MONTH,2022-11,208,-3461.82,203,-3475.49,NEGATIVE,false
BOSS19_P5_SESSION_ATTRIBUTION_V1,2026-09-03T23:50:00Z,BWD,LONDON_NY_OVERLAP,MIXED_OR_ZERO,ENTRY_MONTH,2022-12,208,-3461.82,206,-3474.20,NEGATIVE,false
BOSS19_P5_SESSION_ATTRIBUTION_V1,2026-09-03T23:50:00Z,BWD,LONDON_NY_OVERLAP,MIXED_OR_ZERO,SYMBOL,AUDUSD,208,-3461.82,197,-3616.61,NEGATIVE,false
BOSS19_P5_SESSION_ATTRIBUTION_V1,2026-09-03T23:50:00Z,BWD,LONDON_NY_OVERLAP,MIXED_OR_ZERO,SYMBOL,BTCUSD,208,-3461.82,182,-3495.67,NEGATIVE,false
BOSS19_P5_SESSION_ATTRIBUTION_V1,2026-09-03T23:50:00Z,BWD,LONDON_NY_OVERLAP,MIXED_OR_ZERO,SYMBOL,EURUSD,208,-3461.82,171,-2921.46,NEGATIVE,false
BOSS19_P5_SESSION_ATTRIBUTION_V1,2026-09-03T23:50:00Z,BWD,LONDON_NY_OVERLAP,MIXED_OR_ZERO,SYMBOL,GBPUSD,208,-3461.82,190,-2973.96,NEGATIVE,false
BOSS19_P5_SESSION_ATTRIBUTION_V1,2026-09-03T23:50:00Z,BWD,LONDON_NY_OVERLAP,MIXED_OR_ZERO,SYMBOL,USDJPY,208,-3461.82,151,-3873.85,NEGATIVE,false
BOSS19_P5_SESSION_ATTRIBUTION_V1,2026-09-03T23:50:00Z,BWD,LONDON_NY_OVERLAP,MIXED_OR_ZERO,SYMBOL,XAUUSD,208,-3461.82,149,-427.55,NEGATIVE,false
BOSS19_P5_SESSION_ATTRIBUTION_V1,2026-09-03T23:50:00Z,BWD,LONDON_NY_OVERLAP,MIXED_OR_ZERO,SYMBOL_TF,AUDUSD|H1,208,-3461.82,202,-3530.77,NEGATIVE,false
BOSS19_P5_SESSION_ATTRIBUTION_V1,2026-09-03T23:50:00Z,BWD,LONDON_NY_OVERLAP,MIXED_OR_ZERO,SYMBOL_TF,AUDUSD|H4,208,-3461.82,206,-3495.80,NEGATIVE,false
BOSS19_P5_SESSION_ATTRIBUTION_V1,2026-09-03T23:50:00Z,BWD,LONDON_NY_OVERLAP,MIXED_OR_ZERO,SYMBOL_TF,AUDUSD|M15,208,-3461.82,205,-3513.68,NEGATIVE,false
BOSS19_P5_SESSION_ATTRIBUTION_V1,2026-09-03T23:50:00Z,BWD,LONDON_NY_OVERLAP,MIXED_OR_ZERO,SYMBOL_TF,BTCUSD|H1,208,-3461.82,204,-3357.96,NEGATIVE,false
BOSS19_P5_SESSION_ATTRIBUTION_V1,2026-09-03T23:50:00Z,BWD,LONDON_NY_OVERLAP,MIXED_OR_ZERO,SYMBOL_TF,BTCUSD|H4,208,-3461.82,190,-3567.36,NEGATIVE,false
BOSS19_P5_SESSION_ATTRIBUTION_V1,2026-09-03T23:50:00Z,BWD,LONDON_NY_OVERLAP,MIXED_OR_ZERO,SYMBOL_TF,BTCUSD|M15,208,-3461.82,204,-3493.99,NEGATIVE,false
BOSS19_P5_SESSION_ATTRIBUTION_V1,2026-09-03T23:50:00Z,BWD,LONDON_NY_OVERLAP,MIXED_OR_ZERO,SYMBOL_TF,EURUSD|H1,208,-3461.82,195,-3158.95,NEGATIVE,false
BOSS19_P5_SESSION_ATTRIBUTION_V1,2026-09-03T23:50:00Z,BWD,LONDON_NY_OVERLAP,MIXED_OR_ZERO,SYMBOL_TF,EURUSD|H4,208,-3461.82,194,-3365.08,NEGATIVE,false
BOSS19_P5_SESSION_ATTRIBUTION_V1,2026-09-03T23:50:00Z,BWD,LONDON_NY_OVERLAP,MIXED_OR_ZERO,SYMBOL_TF,EURUSD|M15,208,-3461.82,198,-3321.07,NEGATIVE,false
BOSS19_P5_SESSION_ATTRIBUTION_V1,2026-09-03T23:50:00Z,BWD,LONDON_NY_OVERLAP,MIXED_OR_ZERO,SYMBOL_TF,GBPUSD|H1,208,-3461.82,202,-3271.44,NEGATIVE,false
BOSS19_P5_SESSION_ATTRIBUTION_V1,2026-09-03T23:50:00Z,BWD,LONDON_NY_OVERLAP,MIXED_OR_ZERO,SYMBOL_TF,GBPUSD|H4,208,-3461.82,197,-3149.42,NEGATIVE,false
BOSS19_P5_SESSION_ATTRIBUTION_V1,2026-09-03T23:50:00Z,BWD,LONDON_NY_OVERLAP,MIXED_OR_ZERO,SYMBOL_TF,GBPUSD|M15,208,-3461.82,207,-3476.74,NEGATIVE,false
BOSS19_P5_SESSION_ATTRIBUTION_V1,2026-09-03T23:50:00Z,BWD,LONDON_NY_OVERLAP,MIXED_OR_ZERO,SYMBOL_TF,USDJPY|H1,208,-3461.82,189,-3712.35,NEGATIVE,false
BOSS19_P5_SESSION_ATTRIBUTION_V1,2026-09-03T23:50:00Z,BWD,LONDON_NY_OVERLAP,MIXED_OR_ZERO,SYMBOL_TF,USDJPY|H4,208,-3461.82,190,-3494.00,NEGATIVE,false
BOSS19_P5_SESSION_ATTRIBUTION_V1,2026-09-03T23:50:00Z,BWD,LONDON_NY_OVERLAP,MIXED_OR_ZERO,SYMBOL_TF,USDJPY|M15,208,-3461.82,188,-3591.14,NEGATIVE,false
BOSS19_P5_SESSION_ATTRIBUTION_V1,2026-09-03T23:50:00Z,BWD,LONDON_NY_OVERLAP,MIXED_OR_ZERO,SYMBOL_TF,XAUUSD|H1,208,-3461.82,188,-1069.76,NEGATIVE,false
BOSS19_P5_SESSION_ATTRIBUTION_V1,2026-09-03T23:50:00Z,BWD,LONDON_NY_OVERLAP,MIXED_OR_ZERO,SYMBOL_TF,XAUUSD|H4,208,-3461.82,191,-3301.79,NEGATIVE,false
BOSS19_P5_SESSION_ATTRIBUTION_V1,2026-09-03T23:50:00Z,BWD,LONDON_NY_OVERLAP,MIXED_OR_ZERO,SYMBOL_TF,XAUUSD|M15,208,-3461.82,186,-2979.64,NEGATIVE,false
BOSS19_P5_SESSION_ATTRIBUTION_V1,2026-09-03T23:50:00Z,MAIN,NEW_YORK_ONLY,MIXED_OR_ZERO,YEAR,2023,169,4012.34,107,3068.84,POSITIVE,false
BOSS19_P5_SESSION_ATTRIBUTION_V1,2026-09-03T23:50:00Z,MAIN,NEW_YORK_ONLY,MIXED_OR_ZERO,YEAR,2024,169,4012.34,91,1726.22,POSITIVE,false
BOSS19_P5_SESSION_ATTRIBUTION_V1,2026-09-03T23:50:00Z,MAIN,NEW_YORK_ONLY,MIXED_OR_ZERO,YEAR,2025,169,4012.34,140,3229.62,POSITIVE,false
BOSS19_P5_SESSION_ATTRIBUTION_V1,2026-09-03T23:50:00Z,MAIN,NEW_YORK_ONLY,MIXED_OR_ZERO,ENTRY_MONTH,2023-01,169,4012.34,150,3894.04,POSITIVE,false
BOSS19_P5_SESSION_ATTRIBUTION_V1,2026-09-03T23:50:00Z,MAIN,NEW_YORK_ONLY,MIXED_OR_ZERO,ENTRY_MONTH,2023-02,169,4012.34,164,4010.05,POSITIVE,false
BOSS19_P5_SESSION_ATTRIBUTION_V1,2026-09-03T23:50:00Z,MAIN,NEW_YORK_ONLY,MIXED_OR_ZERO,ENTRY_MONTH,2023-03,169,4012.34,158,3678.47,POSITIVE,false
BOSS19_P5_SESSION_ATTRIBUTION_V1,2026-09-03T23:50:00Z,MAIN,NEW_YORK_ONLY,MIXED_OR_ZERO,ENTRY_MONTH,2023-05,169,4012.34,162,3825.50,POSITIVE,false
BOSS19_P5_SESSION_ATTRIBUTION_V1,2026-09-03T23:50:00Z,MAIN,NEW_YORK_ONLY,MIXED_OR_ZERO,ENTRY_MONTH,2023-06,169,4012.34,168,3990.71,POSITIVE,false
BOSS19_P5_SESSION_ATTRIBUTION_V1,2026-09-03T23:50:00Z,MAIN,NEW_YORK_ONLY,MIXED_OR_ZERO,ENTRY_MONTH,2023-07,169,4012.34,164,4079.03,POSITIVE,false
BOSS19_P5_SESSION_ATTRIBUTION_V1,2026-09-03T23:50:00Z,MAIN,NEW_YORK_ONLY,MIXED_OR_ZERO,ENTRY_MONTH,2023-09,169,4012.34,167,3980.28,POSITIVE,false
BOSS19_P5_SESSION_ATTRIBUTION_V1,2026-09-03T23:50:00Z,MAIN,NEW_YORK_ONLY,MIXED_OR_ZERO,ENTRY_MONTH,2023-10,169,4012.34,167,3971.50,POSITIVE,false
BOSS19_P5_SESSION_ATTRIBUTION_V1,2026-09-03T23:50:00Z,MAIN,NEW_YORK_ONLY,MIXED_OR_ZERO,ENTRY_MONTH,2023-11,169,4012.34,165,3914.04,POSITIVE,false
BOSS19_P5_SESSION_ATTRIBUTION_V1,2026-09-03T23:50:00Z,MAIN,NEW_YORK_ONLY,MIXED_OR_ZERO,ENTRY_MONTH,2023-12,169,4012.34,163,3836.28,POSITIVE,false
BOSS19_P5_SESSION_ATTRIBUTION_V1,2026-09-03T23:50:00Z,MAIN,NEW_YORK_ONLY,MIXED_OR_ZERO,ENTRY_MONTH,2024-01,169,4012.34,168,3994.42,POSITIVE,false
BOSS19_P5_SESSION_ATTRIBUTION_V1,2026-09-03T23:50:00Z,MAIN,NEW_YORK_ONLY,MIXED_OR_ZERO,ENTRY_MONTH,2024-02,169,4012.34,157,3700.41,POSITIVE,false
BOSS19_P5_SESSION_ATTRIBUTION_V1,2026-09-03T23:50:00Z,MAIN,NEW_YORK_ONLY,MIXED_OR_ZERO,ENTRY_MONTH,2024-03,169,4012.34,156,3575.23,POSITIVE,false
BOSS19_P5_SESSION_ATTRIBUTION_V1,2026-09-03T23:50:00Z,MAIN,NEW_YORK_ONLY,MIXED_OR_ZERO,ENTRY_MONTH,2024-04,169,4012.34,160,3737.30,POSITIVE,false
BOSS19_P5_SESSION_ATTRIBUTION_V1,2026-09-03T23:50:00Z,MAIN,NEW_YORK_ONLY,MIXED_OR_ZERO,ENTRY_MONTH,2024-05,169,4012.34,162,3936.58,POSITIVE,false
BOSS19_P5_SESSION_ATTRIBUTION_V1,2026-09-03T23:50:00Z,MAIN,NEW_YORK_ONLY,MIXED_OR_ZERO,ENTRY_MONTH,2024-06,169,4012.34,168,3996.01,POSITIVE,false
BOSS19_P5_SESSION_ATTRIBUTION_V1,2026-09-03T23:50:00Z,MAIN,NEW_YORK_ONLY,MIXED_OR_ZERO,ENTRY_MONTH,2024-07,169,4012.34,168,4009.36,POSITIVE,false
BOSS19_P5_SESSION_ATTRIBUTION_V1,2026-09-03T23:50:00Z,MAIN,NEW_YORK_ONLY,MIXED_OR_ZERO,ENTRY_MONTH,2024-08,169,4012.34,166,3990.73,POSITIVE,false
BOSS19_P5_SESSION_ATTRIBUTION_V1,2026-09-03T23:50:00Z,MAIN,NEW_YORK_ONLY,MIXED_OR_ZERO,ENTRY_MONTH,2024-09,169,4012.34,162,3758.86,POSITIVE,false
BOSS19_P5_SESSION_ATTRIBUTION_V1,2026-09-03T23:50:00Z,MAIN,NEW_YORK_ONLY,MIXED_OR_ZERO,ENTRY_MONTH,2024-10,169,4012.34,165,4034.16,POSITIVE,false
BOSS19_P5_SESSION_ATTRIBUTION_V1,2026-09-03T23:50:00Z,MAIN,NEW_YORK_ONLY,MIXED_OR_ZERO,ENTRY_MONTH,2024-11,169,4012.34,150,3115.32,POSITIVE,false
BOSS19_P5_SESSION_ATTRIBUTION_V1,2026-09-03T23:50:00Z,MAIN,NEW_YORK_ONLY,MIXED_OR_ZERO,ENTRY_MONTH,2024-12,169,4012.34,168,4013.58,POSITIVE,false
BOSS19_P5_SESSION_ATTRIBUTION_V1,2026-09-03T23:50:00Z,MAIN,NEW_YORK_ONLY,MIXED_OR_ZERO,ENTRY_MONTH,2025-03,169,4012.34,168,3950.66,POSITIVE,false
BOSS19_P5_SESSION_ATTRIBUTION_V1,2026-09-03T23:50:00Z,MAIN,NEW_YORK_ONLY,MIXED_OR_ZERO,ENTRY_MONTH,2025-04,169,4012.34,165,3739.58,POSITIVE,false
BOSS19_P5_SESSION_ATTRIBUTION_V1,2026-09-03T23:50:00Z,MAIN,NEW_YORK_ONLY,MIXED_OR_ZERO,ENTRY_MONTH,2025-05,169,4012.34,168,3994.88,POSITIVE,false
BOSS19_P5_SESSION_ATTRIBUTION_V1,2026-09-03T23:50:00Z,MAIN,NEW_YORK_ONLY,MIXED_OR_ZERO,ENTRY_MONTH,2025-06,169,4012.34,167,3982.51,POSITIVE,false
BOSS19_P5_SESSION_ATTRIBUTION_V1,2026-09-03T23:50:00Z,MAIN,NEW_YORK_ONLY,MIXED_OR_ZERO,ENTRY_MONTH,2025-09,169,4012.34,161,3607.47,POSITIVE,false
BOSS19_P5_SESSION_ATTRIBUTION_V1,2026-09-03T23:50:00Z,MAIN,NEW_YORK_ONLY,MIXED_OR_ZERO,ENTRY_MONTH,2025-10,169,4012.34,161,3922.82,POSITIVE,false
BOSS19_P5_SESSION_ATTRIBUTION_V1,2026-09-03T23:50:00Z,MAIN,NEW_YORK_ONLY,MIXED_OR_ZERO,ENTRY_MONTH,2025-11,169,4012.34,167,3899.58,POSITIVE,false
BOSS19_P5_SESSION_ATTRIBUTION_V1,2026-09-03T23:50:00Z,MAIN,NEW_YORK_ONLY,MIXED_OR_ZERO,ENTRY_MONTH,2025-12,169,4012.34,166,4218.50,POSITIVE,false
BOSS19_P5_SESSION_ATTRIBUTION_V1,2026-09-03T23:50:00Z,MAIN,NEW_YORK_ONLY,MIXED_OR_ZERO,SYMBOL,BTCUSD,169,4012.34,107,2667.13,POSITIVE,false
BOSS19_P5_SESSION_ATTRIBUTION_V1,2026-09-03T23:50:00Z,MAIN,NEW_YORK_ONLY,MIXED_OR_ZERO,SYMBOL,EURUSD,169,4012.34,149,3985.11,POSITIVE,false
BOSS19_P5_SESSION_ATTRIBUTION_V1,2026-09-03T23:50:00Z,MAIN,NEW_YORK_ONLY,MIXED_OR_ZERO,SYMBOL,GBPUSD,169,4012.34,162,3939.02,POSITIVE,false
BOSS19_P5_SESSION_ATTRIBUTION_V1,2026-09-03T23:50:00Z,MAIN,NEW_YORK_ONLY,MIXED_OR_ZERO,SYMBOL,USDJPY,169,4012.34,142,3684.25,POSITIVE,false
BOSS19_P5_SESSION_ATTRIBUTION_V1,2026-09-03T23:50:00Z,MAIN,NEW_YORK_ONLY,MIXED_OR_ZERO,SYMBOL,XAUUSD,169,4012.34,116,1773.85,POSITIVE,false
BOSS19_P5_SESSION_ATTRIBUTION_V1,2026-09-03T23:50:00Z,MAIN,NEW_YORK_ONLY,MIXED_OR_ZERO,SYMBOL_TF,BTCUSD|H1,169,4012.34,135,3064.19,POSITIVE,false
BOSS19_P5_SESSION_ATTRIBUTION_V1,2026-09-03T23:50:00Z,MAIN,NEW_YORK_ONLY,MIXED_OR_ZERO,SYMBOL_TF,BTCUSD|M15,169,4012.34,141,3615.28,POSITIVE,false
BOSS19_P5_SESSION_ATTRIBUTION_V1,2026-09-03T23:50:00Z,MAIN,NEW_YORK_ONLY,MIXED_OR_ZERO,SYMBOL_TF,EURUSD|H1,169,4012.34,164,3953.80,POSITIVE,false
BOSS19_P5_SESSION_ATTRIBUTION_V1,2026-09-03T23:50:00Z,MAIN,NEW_YORK_ONLY,MIXED_OR_ZERO,SYMBOL_TF,EURUSD|H4,169,4012.34,161,3944.57,POSITIVE,false
BOSS19_P5_SESSION_ATTRIBUTION_V1,2026-09-03T23:50:00Z,MAIN,NEW_YORK_ONLY,MIXED_OR_ZERO,SYMBOL_TF,EURUSD|M15,169,4012.34,162,4111.42,POSITIVE,false
BOSS19_P5_SESSION_ATTRIBUTION_V1,2026-09-03T23:50:00Z,MAIN,NEW_YORK_ONLY,MIXED_OR_ZERO,SYMBOL_TF,GBPUSD|H1,169,4012.34,167,3997.32,POSITIVE,false
BOSS19_P5_SESSION_ATTRIBUTION_V1,2026-09-03T23:50:00Z,MAIN,NEW_YORK_ONLY,MIXED_OR_ZERO,SYMBOL_TF,GBPUSD|H4,169,4012.34,165,3956.63,POSITIVE,false
BOSS19_P5_SESSION_ATTRIBUTION_V1,2026-09-03T23:50:00Z,MAIN,NEW_YORK_ONLY,MIXED_OR_ZERO,SYMBOL_TF,GBPUSD|M15,169,4012.34,168,4009.75,POSITIVE,false
BOSS19_P5_SESSION_ATTRIBUTION_V1,2026-09-03T23:50:00Z,MAIN,NEW_YORK_ONLY,MIXED_OR_ZERO,SYMBOL_TF,USDJPY|H1,169,4012.34,158,3945.88,POSITIVE,false
BOSS19_P5_SESSION_ATTRIBUTION_V1,2026-09-03T23:50:00Z,MAIN,NEW_YORK_ONLY,MIXED_OR_ZERO,SYMBOL_TF,USDJPY|H4,169,4012.34,157,3814.57,POSITIVE,false
BOSS19_P5_SESSION_ATTRIBUTION_V1,2026-09-03T23:50:00Z,MAIN,NEW_YORK_ONLY,MIXED_OR_ZERO,SYMBOL_TF,USDJPY|M15,169,4012.34,165,3948.48,POSITIVE,false
BOSS19_P5_SESSION_ATTRIBUTION_V1,2026-09-03T23:50:00Z,MAIN,NEW_YORK_ONLY,MIXED_OR_ZERO,SYMBOL_TF,XAUUSD|H1,169,4012.34,154,3263.80,POSITIVE,false
BOSS19_P5_SESSION_ATTRIBUTION_V1,2026-09-03T23:50:00Z,MAIN,NEW_YORK_ONLY,MIXED_OR_ZERO,SYMBOL_TF,XAUUSD|H4,169,4012.34,146,3070.07,POSITIVE,false
BOSS19_P5_SESSION_ATTRIBUTION_V1,2026-09-03T23:50:00Z,MAIN,NEW_YORK_ONLY,MIXED_OR_ZERO,SYMBOL_TF,XAUUSD|M15,169,4012.34,154,3464.66,POSITIVE,false
BOSS19_P5_SESSION_ATTRIBUTION_V1,2026-09-03T23:50:00Z,BWD,NEW_YORK_ONLY,MIXED_OR_ZERO,YEAR,2020,82,-807.47,34,-1338.82,NEGATIVE,false
BOSS19_P5_SESSION_ATTRIBUTION_V1,2026-09-03T23:50:00Z,BWD,NEW_YORK_ONLY,MIXED_OR_ZERO,YEAR,2021,82,-807.47,71,-329.05,NEGATIVE,false
BOSS19_P5_SESSION_ATTRIBUTION_V1,2026-09-03T23:50:00Z,BWD,NEW_YORK_ONLY,MIXED_OR_ZERO,YEAR,2022,82,-807.47,59,52.93,POSITIVE,false
BOSS19_P5_SESSION_ATTRIBUTION_V1,2026-09-03T23:50:00Z,BWD,NEW_YORK_ONLY,MIXED_OR_ZERO,ENTRY_MONTH,2020-01,82,-807.47,72,-867.16,NEGATIVE,false
BOSS19_P5_SESSION_ATTRIBUTION_V1,2026-09-03T23:50:00Z,BWD,NEW_YORK_ONLY,MIXED_OR_ZERO,ENTRY_MONTH,2020-02,82,-807.47,77,-835.80,NEGATIVE,false
BOSS19_P5_SESSION_ATTRIBUTION_V1,2026-09-03T23:50:00Z,BWD,NEW_YORK_ONLY,MIXED_OR_ZERO,ENTRY_MONTH,2020-03,82,-807.47,79,-920.17,NEGATIVE,false
BOSS19_P5_SESSION_ATTRIBUTION_V1,2026-09-03T23:50:00Z,BWD,NEW_YORK_ONLY,MIXED_OR_ZERO,ENTRY_MONTH,2020-06,82,-807.47,79,-857.10,NEGATIVE,false
BOSS19_P5_SESSION_ATTRIBUTION_V1,2026-09-03T23:50:00Z,BWD,NEW_YORK_ONLY,MIXED_OR_ZERO,ENTRY_MONTH,2020-07,82,-807.47,69,-945.20,NEGATIVE,false
BOSS19_P5_SESSION_ATTRIBUTION_V1,2026-09-03T23:50:00Z,BWD,NEW_YORK_ONLY,MIXED_OR_ZERO,ENTRY_MONTH,2020-08,82,-807.47,75,-893.39,NEGATIVE,false
BOSS19_P5_SESSION_ATTRIBUTION_V1,2026-09-03T23:50:00Z,BWD,NEW_YORK_ONLY,MIXED_OR_ZERO,ENTRY_MONTH,2020-09,82,-807.47,81,-823.34,NEGATIVE,false
BOSS19_P5_SESSION_ATTRIBUTION_V1,2026-09-03T23:50:00Z,BWD,NEW_YORK_ONLY,MIXED_OR_ZERO,ENTRY_MONTH,2020-10,82,-807.47,81,-768.52,NEGATIVE,false
BOSS19_P5_SESSION_ATTRIBUTION_V1,2026-09-03T23:50:00Z,BWD,NEW_YORK_ONLY,MIXED_OR_ZERO,ENTRY_MONTH,2020-11,82,-807.47,80,-828.23,NEGATIVE,false
BOSS19_P5_SESSION_ATTRIBUTION_V1,2026-09-03T23:50:00Z,BWD,NEW_YORK_ONLY,MIXED_OR_ZERO,ENTRY_MONTH,2020-12,82,-807.47,79,-867.14,NEGATIVE,false
BOSS19_P5_SESSION_ATTRIBUTION_V1,2026-09-03T23:50:00Z,BWD,NEW_YORK_ONLY,MIXED_OR_ZERO,ENTRY_MONTH,2021-01,82,-807.47,79,-838.57,NEGATIVE,false
BOSS19_P5_SESSION_ATTRIBUTION_V1,2026-09-03T23:50:00Z,BWD,NEW_YORK_ONLY,MIXED_OR_ZERO,ENTRY_MONTH,2021-02,82,-807.47,78,-632.06,NEGATIVE,false
BOSS19_P5_SESSION_ATTRIBUTION_V1,2026-09-03T23:50:00Z,BWD,NEW_YORK_ONLY,MIXED_OR_ZERO,ENTRY_MONTH,2021-05,82,-807.47,80,-456.23,NEGATIVE,false
BOSS19_P5_SESSION_ATTRIBUTION_V1,2026-09-03T23:50:00Z,BWD,NEW_YORK_ONLY,MIXED_OR_ZERO,ENTRY_MONTH,2021-10,82,-807.47,81,-822.46,NEGATIVE,false
BOSS19_P5_SESSION_ATTRIBUTION_V1,2026-09-03T23:50:00Z,BWD,NEW_YORK_ONLY,MIXED_OR_ZERO,ENTRY_MONTH,2021-12,82,-807.47,81,-809.61,NEGATIVE,false
BOSS19_P5_SESSION_ATTRIBUTION_V1,2026-09-03T23:50:00Z,BWD,NEW_YORK_ONLY,MIXED_OR_ZERO,ENTRY_MONTH,2022-03,82,-807.47,68,178.42,POSITIVE,false
BOSS19_P5_SESSION_ATTRIBUTION_V1,2026-09-03T23:50:00Z,BWD,NEW_YORK_ONLY,MIXED_OR_ZERO,ENTRY_MONTH,2022-04,82,-807.47,79,-828.80,NEGATIVE,false
BOSS19_P5_SESSION_ATTRIBUTION_V1,2026-09-03T23:50:00Z,BWD,NEW_YORK_ONLY,MIXED_OR_ZERO,ENTRY_MONTH,2022-06,82,-807.47,80,-846.48,NEGATIVE,false
BOSS19_P5_SESSION_ATTRIBUTION_V1,2026-09-03T23:50:00Z,BWD,NEW_YORK_ONLY,MIXED_OR_ZERO,ENTRY_MONTH,2022-09,82,-807.47,81,-824.33,NEGATIVE,false
BOSS19_P5_SESSION_ATTRIBUTION_V1,2026-09-03T23:50:00Z,BWD,NEW_YORK_ONLY,MIXED_OR_ZERO,ENTRY_MONTH,2022-10,82,-807.47,80,-845.90,NEGATIVE,false
BOSS19_P5_SESSION_ATTRIBUTION_V1,2026-09-03T23:50:00Z,BWD,NEW_YORK_ONLY,MIXED_OR_ZERO,ENTRY_MONTH,2022-11,82,-807.47,81,-817.33,NEGATIVE,false
BOSS19_P5_SESSION_ATTRIBUTION_V1,2026-09-03T23:50:00Z,BWD,NEW_YORK_ONLY,MIXED_OR_ZERO,SYMBOL,AUDUSD,82,-807.47,70,-731.05,NEGATIVE,false
BOSS19_P5_SESSION_ATTRIBUTION_V1,2026-09-03T23:50:00Z,BWD,NEW_YORK_ONLY,MIXED_OR_ZERO,SYMBOL,BTCUSD,82,-807.47,67,-848.09,NEGATIVE,false
BOSS19_P5_SESSION_ATTRIBUTION_V1,2026-09-03T23:50:00Z,BWD,NEW_YORK_ONLY,MIXED_OR_ZERO,SYMBOL,EURUSD,82,-807.47,70,-975.28,NEGATIVE,false
BOSS19_P5_SESSION_ATTRIBUTION_V1,2026-09-03T23:50:00Z,BWD,NEW_YORK_ONLY,MIXED_OR_ZERO,SYMBOL,GBPUSD,82,-807.47,79,-843.60,NEGATIVE,false
BOSS19_P5_SESSION_ATTRIBUTION_V1,2026-09-03T23:50:00Z,BWD,NEW_YORK_ONLY,MIXED_OR_ZERO,SYMBOL,USDJPY,82,-807.47,56,-1178.99,NEGATIVE,false
BOSS19_P5_SESSION_ATTRIBUTION_V1,2026-09-03T23:50:00Z,BWD,NEW_YORK_ONLY,MIXED_OR_ZERO,SYMBOL,XAUUSD,82,-807.47,68,539.66,POSITIVE,false
BOSS19_P5_SESSION_ATTRIBUTION_V1,2026-09-03T23:50:00Z,BWD,NEW_YORK_ONLY,MIXED_OR_ZERO,SYMBOL_TF,AUDUSD|H1,82,-807.47,78,-847.18,NEGATIVE,false
BOSS19_P5_SESSION_ATTRIBUTION_V1,2026-09-03T23:50:00Z,BWD,NEW_YORK_ONLY,MIXED_OR_ZERO,SYMBOL_TF,AUDUSD|H4,82,-807.47,78,-630.50,NEGATIVE,false
BOSS19_P5_SESSION_ATTRIBUTION_V1,2026-09-03T23:50:00Z,BWD,NEW_YORK_ONLY,MIXED_OR_ZERO,SYMBOL_TF,AUDUSD|M15,82,-807.47,78,-868.31,NEGATIVE,false
BOSS19_P5_SESSION_ATTRIBUTION_V1,2026-09-03T23:50:00Z,BWD,NEW_YORK_ONLY,MIXED_OR_ZERO,SYMBOL_TF,BTCUSD|H1,82,-807.47,81,-809.73,NEGATIVE,false
BOSS19_P5_SESSION_ATTRIBUTION_V1,2026-09-03T23:50:00Z,BWD,NEW_YORK_ONLY,MIXED_OR_ZERO,SYMBOL_TF,BTCUSD|H4,82,-807.47,76,-850.60,NEGATIVE,false
BOSS19_P5_SESSION_ATTRIBUTION_V1,2026-09-03T23:50:00Z,BWD,NEW_YORK_ONLY,MIXED_OR_ZERO,SYMBOL_TF,BTCUSD|M15,82,-807.47,74,-802.70,NEGATIVE,false
BOSS19_P5_SESSION_ATTRIBUTION_V1,2026-09-03T23:50:00Z,BWD,NEW_YORK_ONLY,MIXED_OR_ZERO,SYMBOL_TF,EURUSD|H1,82,-807.47,79,-860.90,NEGATIVE,false
BOSS19_P5_SESSION_ATTRIBUTION_V1,2026-09-03T23:50:00Z,BWD,NEW_YORK_ONLY,MIXED_OR_ZERO,SYMBOL_TF,EURUSD|H4,82,-807.47,76,-883.91,NEGATIVE,false
BOSS19_P5_SESSION_ATTRIBUTION_V1,2026-09-03T23:50:00Z,BWD,NEW_YORK_ONLY,MIXED_OR_ZERO,SYMBOL_TF,EURUSD|M15,82,-807.47,79,-845.41,NEGATIVE,false
BOSS19_P5_SESSION_ATTRIBUTION_V1,2026-09-03T23:50:00Z,BWD,NEW_YORK_ONLY,MIXED_OR_ZERO,SYMBOL_TF,GBPUSD|H4,82,-807.47,81,-809.61,NEGATIVE,false
BOSS19_P5_SESSION_ATTRIBUTION_V1,2026-09-03T23:50:00Z,BWD,NEW_YORK_ONLY,MIXED_OR_ZERO,SYMBOL_TF,GBPUSD|M15,82,-807.47,80,-841.46,NEGATIVE,false
BOSS19_P5_SESSION_ATTRIBUTION_V1,2026-09-03T23:50:00Z,BWD,NEW_YORK_ONLY,MIXED_OR_ZERO,SYMBOL_TF,USDJPY|H1,82,-807.47,75,-903.69,NEGATIVE,false
BOSS19_P5_SESSION_ATTRIBUTION_V1,2026-09-03T23:50:00Z,BWD,NEW_YORK_ONLY,MIXED_OR_ZERO,SYMBOL_TF,USDJPY|H4,82,-807.47,71,-986.73,NEGATIVE,false
BOSS19_P5_SESSION_ATTRIBUTION_V1,2026-09-03T23:50:00Z,BWD,NEW_YORK_ONLY,MIXED_OR_ZERO,SYMBOL_TF,USDJPY|M15,82,-807.47,74,-903.51,NEGATIVE,false
BOSS19_P5_SESSION_ATTRIBUTION_V1,2026-09-03T23:50:00Z,BWD,NEW_YORK_ONLY,MIXED_OR_ZERO,SYMBOL_TF,XAUUSD|H1,82,-807.47,79,-499.67,NEGATIVE,false
BOSS19_P5_SESSION_ATTRIBUTION_V1,2026-09-03T23:50:00Z,BWD,NEW_YORK_ONLY,MIXED_OR_ZERO,SYMBOL_TF,XAUUSD|H4,82,-807.47,77,-378.85,NEGATIVE,false
BOSS19_P5_SESSION_ATTRIBUTION_V1,2026-09-03T23:50:00Z,BWD,NEW_YORK_ONLY,MIXED_OR_ZERO,SYMBOL_TF,XAUUSD|M15,82,-807.47,76,-196.76,NEGATIVE,false
