window,index,time,pnl,equity,dd_pct
MAIN,1,2023-01-05 16:13:20,1.50,10001.50,0.000000
MAIN,2,2023-01-05 16:31:40,1.51,10003.01,0.000000
MAIN,3,2023-01-05 16:45:40,1.80,10004.81,0.000000
MAIN,4,2023-01-05 17:08:40,1.34,10006.15,0.000000
MAIN,5,2023-01-05 20:03:40,1.16,10007.31,0.000000
MAIN,6,2023-01-11 17:00:40,1.56,10008.87,0.000000
MAIN,7,2023-01-13 07:45:40,0.55,10009.42,0.000000
MAIN,8,2023-01-18 05:48:20,1.01,10010.43,0.000000
MAIN,9,2023-01-18 08:15:40,0.96,10011.39,0.000000
MAIN,10,2023-01-23 08:51:20,0.67,10012.06,0.000000
MAIN,11,2023-01-23 09:30:40,0.69,10012.75,0.000000
MAIN,12,2023-01-23 10:29:40,0.92,10013.67,0.000000
MAIN,13,2023-01-23 16:48:40,1.34,10015.01,0.000000
MAIN,14,2023-01-24 17:26:20,1.77,10016.78,0.000000
MAIN,15,2023-01-25 08:22:40,1.16,10017.94,0.000000
MAIN,16,2023-01-26 18:06:40,2.13,10020.07,0.000000
MAIN,17,2023-01-27 06:30:40,1.34,10021.41,0.000000
MAIN,18,2023-01-27 07:05:40,0.91,10022.32,0.000000
MAIN,19,2023-01-30 10:39:20,0.87,10023.19,0.000000
MAIN,20,2023-01-31 15:55:40,1.15,10024.34,0.000000
MAIN,21,2023-02-02 16:04:40,1.66,10026.00,0.000000
MAIN,22,2023-02-03 16:19:40,-62.96,9963.04,0.627967
MAIN,23,2023-02-03 16:33:40,3.36,9966.40,0.594454
MAIN,24,2023-02-08 09:58:40,-1.48,9964.92,0.609216
MAIN,25,2023-02-09 19:52:40,2.57,9967.49,0.583583
MAIN,26,2023-02-10 01:01:40,0.09,9967.58,0.582685
MAIN,27,2023-02-10 07:42:40,0.67,9968.25,0.576002
MAIN,28,2023-02-14 16:46:40,2.40,9970.65,0.552065
MAIN,29,2023-02-15 08:18:40,0.66,9971.31,0.545482
MAIN,30,2023-02-20 09:29:40,-3.44,9967.87,0.579793
MAIN,31,2023-02-21 10:56:40,1.52,9969.39,0.564632
MAIN,32,2023-02-23 03:51:40,-1.85,9967.54,0.583084
MAIN,33,2023-02-23 15:51:40,0.96,9968.50,0.573509
MAIN,34,2023-02-24 10:19:40,0.82,9969.32,0.565330
MAIN,35,2023-02-24 16:17:40,1.17,9970.49,0.553660
MAIN,36,2023-02-24 16:30:40,1.11,9971.60,0.542589
MAIN,37,2023-02-24 16:48:40,2.12,9973.72,0.521444
MAIN,38,2023-02-28 10:25:40,0.95,9974.67,0.511969
MAIN,39,2023-03-02 03:45:40,0.50,9975.17,0.506982
MAIN,40,2023-03-07 20:11:40,-24.58,9950.59,0.752144
MAIN,41,2023-03-08 13:21:20,-0.22,9950.37,0.754339
MAIN,42,2023-03-15 09:33:40,0.50,9950.87,0.749352
MAIN,43,2023-03-15 12:41:40,1.46,9952.33,0.734790
MAIN,44,2023-03-21 10:00:40,0.77,9953.10,0.727110
MAIN,45,2023-03-21 11:16:40,1.35,9954.45,0.713645
MAIN,46,2023-03-21 12:04:40,1.31,9955.76,0.700578
MAIN,47,2023-03-21 16:15:40,1.11,9956.87,0.689507
MAIN,48,2023-03-22 21:00:40,1.28,9958.15,0.676740
MAIN,49,2023-03-28 15:21:20,0.27,9958.42,0.674047
MAIN,50,2023-03-29 10:42:40,1.01,9959.43,0.663974
MAIN,51,2023-03-30 04:16:40,0.68,9960.11,0.657191
MAIN,52,2023-03-30 04:51:40,0.69,9960.80,0.650309
MAIN,53,2023-03-31 21:04:40,1.72,9962.52,0.633154
MAIN,54,2023-04-03 01:25:40,0.89,9963.41,0.624277
MAIN,55,2023-04-03 11:52:40,2.08,9965.49,0.603531
MAIN,56,2023-04-06 04:28:40,0.60,9966.09,0.597546
MAIN,57,2023-04-06 08:34:40,0.57,9966.66,0.591861
MAIN,58,2023-04-06 16:17:20,1.01,9967.67,0.581787
MAIN,59,2023-04-06 16:47:40,1.41,9969.08,0.567724
MAIN,60,2023-04-06 17:00:40,1.70,9970.78,0.550768
MAIN,61,2023-04-10 01:15:40,1.53,9972.31,0.535508
MAIN,62,2023-04-10 01:32:40,1.21,9973.52,0.523439
MAIN,63,2023-04-10 04:08:40,1.21,9974.73,0.511370
MAIN,64,2023-04-10 11:17:20,0.81,9975.54,0.503291
MAIN,65,2023-04-10 16:00:40,1.58,9977.12,0.487532
MAIN,66,2023-04-10 17:17:40,2.73,9979.85,0.460303
MAIN,67,2023-04-10 18:00:40,2.49,9982.34,0.435468
MAIN,68,2023-04-14 11:33:40,0.92,9983.26,0.426292
MAIN,69,2023-04-14 15:57:40,2.45,9985.71,0.401855
MAIN,70,2023-04-14 16:21:40,1.60,9987.31,0.385897
MAIN,71,2023-05-02 19:09:40,-10.64,9976.67,0.492021
MAIN,72,2023-05-05 11:02:20,0.98,9977.65,0.482246
MAIN,73,2023-05-05 11:18:40,0.82,9978.47,0.474067
MAIN,74,2023-05-10 15:31:40,1.67,9980.14,0.457411
MAIN,75,2023-05-11 10:27:40,0.95,9981.09,0.447935
MAIN,76,2023-05-11 12:03:20,1.39,9982.48,0.434071
MAIN,77,2023-05-11 17:01:40,3.19,9985.67,0.402254
MAIN,78,2023-05-12 13:13:40,1.29,9986.96,0.389388
MAIN,79,2023-05-16 15:42:40,2.83,9989.79,0.361161
MAIN,80,2023-05-16 18:17:40,2.59,9992.38,0.335328
MAIN,81,2023-06-22 18:26:40,-113.02,9879.36,1.462597
MAIN,82,2023-06-23 06:08:40,0.46,9879.82,1.458009
MAIN,83,2023-06-27 14:42:40,0.77,9880.59,1.450329
MAIN,84,2023-06-27 17:24:40,1.41,9882.00,1.436266
MAIN,85,2023-06-27 19:27:40,1.45,9883.45,1.421803
MAIN,86,2023-06-28 09:47:40,0.73,9884.18,1.414522
MAIN,87,2023-06-28 11:51:40,0.88,9885.06,1.405745
MAIN,88,2023-06-29 06:22:40,0.60,9885.66,1.399761
MAIN,89,2023-06-29 16:05:20,1.49,9887.15,1.384899
MAIN,90,2023-06-29 16:20:20,1.03,9888.18,1.374626
MAIN,91,2023-06-29 16:32:40,2.33,9890.51,1.351386
MAIN,92,2023-06-29 16:48:40,2.30,9892.81,1.328446
MAIN,93,2023-06-30 12:04:40,0.70,9893.51,1.321464
MAIN,94,2023-07-03 11:21:40,0.90,9894.41,1.312488
MAIN,95,2023-07-05 22:16:40,0.85,9895.26,1.304010
MAIN,96,2023-07-06 16:00:40,4.07,9899.33,1.263415
MAIN,97,2023-07-06 16:15:40,1.78,9901.11,1.245661
MAIN,98,2023-07-10 08:32:40,0.48,9901.59,1.240874
MAIN,99,2023-07-10 08:46:20,0.55,9902.14,1.235388
MAIN,100,2023-07-10 09:16:20,0.48,9902.62,1.230600
MAIN,101,2023-07-10 16:17:40,0.84,9903.46,1.222222
MAIN,102,2023-07-14 11:04:40,0.67,9904.13,1.215540
MAIN,103,2023-07-17 02:33:20,0.48,9904.61,1.210752
MAIN,104,2023-07-17 16:19:40,1.80,9906.41,1.192799
MAIN,105,2023-07-17 16:50:40,1.97,9908.38,1.173150
MAIN,106,2023-07-20 15:47:40,1.13,9909.51,1.161879
MAIN,107,2023-07-21 11:02:40,0.80,9910.31,1.153900
MAIN,108,2023-07-21 11:32:40,1.00,9911.31,1.143926
MAIN,109,2023-07-21 12:23:40,1.04,9912.35,1.133553
MAIN,110,2023-07-24 21:22:20,0.70,9913.05,1.126571
MAIN,111,2023-07-24 22:33:40,0.71,9913.76,1.119489
MAIN,112,2023-07-24 23:15:40,0.52,9914.28,1.114303
MAIN,113,2023-07-25 14:42:40,1.03,9915.31,1.104030
MAIN,114,2023-07-31 15:39:40,-0.91,9914.40,1.113106
MAIN,115,2023-08-01 06:18:20,0.41,9914.81,1.109017
MAIN,116,2023-08-01 09:27:40,0.54,9915.35,1.103631
MAIN,117,2023-08-03 15:25:40,-30.91,9884.44,1.411929
MAIN,118,2023-08-04 15:30:40,9.75,9894.19,1.314682
MAIN,119,2023-08-08 05:04:40,0.50,9894.69,1.309695
MAIN,120,2023-08-08 15:20:40,0.95,9895.64,1.300219
MAIN,121,2023-08-08 15:47:40,1.13,9896.77,1.288949
MAIN,122,2023-08-08 16:04:20,0.94,9897.71,1.279573
MAIN,123,2023-08-09 17:05:20,0.83,9898.54,1.271295
MAIN,124,2023-08-10 04:34:40,-2.07,9896.47,1.291941
MAIN,125,2023-08-14 15:35:40,0.80,9897.27,1.283962
MAIN,126,2023-08-14 17:10:00,0.93,9898.20,1.274686
MAIN,127,2023-08-16 20:59:20,1.09,9899.29,1.263814
MAIN,128,2023-08-16 21:20:40,0.78,9900.07,1.256034
MAIN,129,2023-08-17 09:59:40,-1.71,9898.36,1.273090
MAIN,130,2023-08-17 19:05:40,0.99,9899.35,1.263216
MAIN,131,2023-08-17 19:26:40,0.92,9900.27,1.254039
MAIN,132,2023-08-17 22:18:20,0.74,9901.01,1.246659
MAIN,133,2023-08-21 05:10:40,0.97,9901.98,1.236984
MAIN,134,2023-08-22 17:17:40,1.02,9903.00,1.226810
MAIN,135,2023-08-24 17:11:40,1.17,9904.17,1.215141
MAIN,136,2023-08-25 07:10:40,0.93,9905.10,1.205865
MAIN,137,2023-08-29 16:42:40,1.07,9906.17,1.195192
MAIN,138,2023-09-01 17:44:40,1.60,9907.77,1.179234
MAIN,139,2023-09-04 13:08:40,0.53,9908.30,1.173948
MAIN,140,2023-09-04 16:47:20,0.51,9908.81,1.168861
MAIN,141,2023-09-04 18:01:40,0.47,9909.28,1.164173
MAIN,142,2023-09-05 05:08:00,0.30,9909.58,1.161181
MAIN,143,2023-09-05 11:55:40,0.50,9910.08,1.156194
MAIN,144,2023-09-05 13:19:40,0.63,9910.71,1.149910
MAIN,145,2023-09-05 13:37:40,0.53,9911.24,1.144624
MAIN,146,2023-09-05 14:15:20,0.61,9911.85,1.138540
MAIN,147,2023-09-05 14:40:40,0.59,9912.44,1.132655
MAIN,148,2023-09-05 15:43:00,0.69,9913.13,1.125773
MAIN,149,2023-09-06 10:37:40,0.78,9913.91,1.117993
MAIN,150,2023-09-06 10:51:20,0.49,9914.40,1.113106
MAIN,151,2023-09-06 11:07:40,0.72,9915.12,1.105925
MAIN,152,2023-09-06 11:49:40,0.71,9915.83,1.098843
MAIN,153,2023-09-08 16:02:40,0.68,9916.51,1.092061
MAIN,154,2023-09-12 09:37:40,0.37,9916.88,1.088370
MAIN,155,2023-09-15 07:47:40,-3.52,9913.36,1.123479
MAIN,156,2023-09-19 08:51:40,0.29,9913.65,1.120586
MAIN,157,2023-09-20 04:15:40,0.27,9913.92,1.117893
MAIN,158,2023-09-27 19:13:40,-59.00,9854.92,1.706363
MAIN,159,2023-09-28 15:34:40,-1.70,9853.22,1.723319
MAIN,160,2023-09-28 22:25:40,0.74,9853.96,1.715939
MAIN,161,2023-09-29 17:30:40,1.67,9855.63,1.699282
MAIN,162,2023-10-09 21:56:40,-5.67,9849.96,1.755835
MAIN,163,2023-10-10 11:35:40,0.89,9850.85,1.746958
MAIN,164,2023-10-12 20:20:40,0.99,9851.84,1.737084
MAIN,165,2023-10-16 12:39:40,0.99,9852.83,1.727209
MAIN,166,2023-10-17 04:45:40,1.01,9853.84,1.717135
MAIN,167,2023-10-17 05:36:40,0.79,9854.63,1.709256
MAIN,168,2023-10-23 04:39:40,1.52,9856.15,1.694095
MAIN,169,2023-10-24 18:55:40,1.45,9857.60,1.679633
MAIN,170,2023-10-26 16:38:40,2.25,9859.85,1.657191
MAIN,171,2023-10-26 17:36:40,1.69,9861.54,1.640335
MAIN,172,2023-10-27 14:00:40,0.97,9862.51,1.630660
MAIN,173,2023-10-27 14:41:40,0.94,9863.45,1.621285
MAIN,174,2023-10-30 10:11:40,0.81,9864.26,1.613206
MAIN,175,2023-10-30 12:20:40,1.14,9865.40,1.601835
MAIN,176,2023-10-31 07:46:40,0.87,9866.27,1.593158
MAIN,177,2023-10-31 22:16:20,1.21,9867.48,1.581089
MAIN,178,2023-11-01 04:06:40,0.65,9868.13,1.574606
MAIN,179,2023-11-01 05:04:40,1.02,9869.15,1.564432
MAIN,180,2023-11-01 05:32:40,0.61,9869.76,1.558348
MAIN,181,2023-11-01 07:04:00,0.61,9870.37,1.552264
MAIN,182,2023-11-01 07:27:40,0.69,9871.06,1.545382
MAIN,183,2023-11-01 07:36:40,1.21,9872.27,1.533313
MAIN,184,2023-11-01 21:45:40,2.05,9874.32,1.512867
MAIN,185,2023-11-06 05:31:00,0.74,9875.06,1.505486
MAIN,186,2023-11-06 05:46:40,0.75,9875.81,1.498005
MAIN,187,2023-11-06 18:01:40,1.20,9877.01,1.486036
MAIN,188,2023-11-06 21:45:20,0.57,9877.58,1.480351
MAIN,189,2023-11-06 23:04:40,0.46,9878.04,1.475763
MAIN,190,2023-11-07 01:19:00,0.48,9878.52,1.470975
MAIN,191,2023-11-08 17:23:40,-21.37,9857.15,1.684121
MAIN,192,2023-11-08 17:30:40,0.97,9858.12,1.674446
MAIN,193,2023-11-08 17:46:40,1.59,9859.71,1.658588
MAIN,194,2023-11-08 23:55:20,0.52,9860.23,1.653401
MAIN,195,2023-11-09 10:32:20,0.58,9860.81,1.647616
MAIN,196,2023-11-14 15:30:40,5.45,9866.26,1.593258
MAIN,197,2023-11-15 15:47:40,1.60,9867.86,1.577299
MAIN,198,2023-11-15 16:38:40,1.26,9869.12,1.564732
MAIN,199,2023-11-15 17:50:40,1.61,9870.73,1.548673
MAIN,200,2023-11-17 17:01:40,1.71,9872.44,1.531618
MAIN,201,2023-11-20 02:34:40,0.63,9873.07,1.525334
MAIN,202,2023-11-20 18:11:40,1.36,9874.43,1.511769
MAIN,203,2023-11-22 17:36:40,1.58,9876.01,1.496010
MAIN,204,2023-11-29 11:46:40,0.99,9877.00,1.486136
MAIN,205,2023-12-04 09:45:40,2.25,9879.25,1.463694
MAIN,206,2023-12-04 10:41:40,3.72,9882.97,1.426591
MAIN,207,2023-12-08 19:16:40,-67.91,9815.06,2.103930
MAIN,208,2023-12-08 20:19:20,1.42,9816.48,2.089767
MAIN,209,2023-12-08 20:37:40,1.52,9818.00,2.074606
MAIN,210,2023-12-08 21:22:40,1.31,9819.31,2.061540
MAIN,211,2023-12-11 05:10:40,0.77,9820.08,2.053860
MAIN,212,2023-12-11 07:27:40,0.71,9820.79,2.046778
MAIN,213,2023-12-11 10:04:40,1.22,9822.01,2.034610
MAIN,214,2023-12-12 02:35:40,1.95,9823.96,2.015161
MAIN,215,2023-12-13 08:30:40,0.58,9824.54,2.009376
MAIN,216,2023-12-15 15:49:40,2.10,9826.64,1.988430
MAIN,217,2023-12-15 20:37:40,1.42,9828.06,1.974267
MAIN,218,2023-12-18 03:12:40,0.17,9828.23,1.972571
MAIN,219,2023-12-20 14:06:40,0.78,9829.01,1.964792
MAIN,220,2023-12-20 14:32:40,0.77,9829.78,1.957112
MAIN,221,2023-12-26 16:02:40,0.67,9830.45,1.950429
MAIN,222,2023-12-26 16:55:20,0.99,9831.44,1.940555
MAIN,223,2023-12-28 10:36:20,0.90,9832.34,1.931578
MAIN,224,2023-12-28 15:33:40,1.01,9833.35,1.921504
MAIN,225,2023-12-28 22:00:40,1.20,9834.55,1.909535
MAIN,226,2023-12-28 22:26:40,0.89,9835.44,1.900658
MAIN,227,2023-12-29 02:19:40,-0.21,9835.23,1.902753
MAIN,228,2023-12-29 12:34:40,0.70,9835.93,1.895771
MAIN,229,2023-12-29 12:46:20,0.88,9836.81,1.886994
MAIN,230,2023-12-29 16:00:40,1.20,9838.01,1.875025
MAIN,231,2024-01-03 11:45:40,1.20,9839.21,1.863056
MAIN,232,2024-01-03 12:30:40,0.91,9840.12,1.853980
MAIN,233,2024-01-05 17:00:40,-0.50,9839.62,1.858967
MAIN,234,2024-01-09 12:34:40,0.12,9839.74,1.857770
MAIN,235,2024-01-10 08:15:40,0.61,9840.35,1.851686
MAIN,236,2024-01-10 20:54:40,0.82,9841.17,1.843507
MAIN,237,2024-01-11 21:11:40,1.34,9842.51,1.830142
MAIN,238,2024-01-16 10:50:40,0.70,9843.21,1.823160
MAIN,239,2024-01-16 15:43:40,1.54,9844.75,1.807800
MAIN,240,2024-01-17 08:42:40,0.79,9845.54,1.799920
MAIN,241,2024-01-17 17:09:40,1.37,9846.91,1.786256
MAIN,242,2024-01-18 08:23:40,-1.74,9845.17,1.803611
MAIN,243,2024-01-22 07:34:40,0.56,9845.73,1.798025
MAIN,244,2024-01-22 07:49:40,0.68,9846.41,1.791243
MAIN,245,2024-01-22 08:01:40,0.63,9847.04,1.784959
MAIN,246,2024-01-22 08:19:40,0.92,9847.96,1.775783
MAIN,247,2024-01-25 15:38:40,0.04,9848.00,1.775384
MAIN,248,2024-02-01 15:34:40,1.60,9849.60,1.759425
MAIN,249,2024-02-02 23:56:20,0.74,9850.34,1.752045
MAIN,250,2024-02-05 13:20:40,0.71,9851.05,1.744963
MAIN,251,2024-02-05 15:30:40,0.90,9851.95,1.735986
MAIN,252,2024-02-05 16:31:40,1.82,9853.77,1.717834
MAIN,253,2024-02-05 16:45:40,3.57,9857.34,1.682226
MAIN,254,2024-02-08 10:48:40,0.69,9858.03,1.675344
MAIN,255,2024-02-08 15:17:40,1.20,9859.23,1.663375
MAIN,256,2024-02-08 16:16:40,1.10,9860.33,1.652404
MAIN,257,2024-02-09 15:24:40,0.52,9860.85,1.647217
MAIN,258,2024-02-09 15:30:40,1.05,9861.90,1.636744
MAIN,259,2024-02-09 18:16:40,1.31,9863.21,1.623678
MAIN,260,2024-02-09 19:06:40,1.68,9864.89,1.606922
MAIN,261,2024-02-16 19:49:40,-1.70,9863.19,1.623878
MAIN,262,2024-02-19 18:24:40,0.54,9863.73,1.618492
MAIN,263,2024-02-22 16:45:40,2.65,9866.38,1.592061
MAIN,264,2024-02-23 08:45:40,0.42,9866.80,1.587872
MAIN,265,2024-02-23 12:13:40,0.83,9867.63,1.579593
MAIN,266,2024-02-26 17:40:40,1.25,9868.88,1.567125
MAIN,267,2024-02-28 11:00:40,0.39,9869.27,1.563236
MAIN,268,2024-02-28 12:43:40,0.49,9869.76,1.558348
MAIN,269,2024-02-29 15:20:40,0.85,9870.61,1.549870
MAIN,270,2024-03-01 11:06:40,1.31,9871.92,1.536804
MAIN,271,2024-03-12 08:45:40,0.65,9872.57,1.530321
MAIN,272,2024-03-12 15:32:40,2.79,9875.36,1.502494
MAIN,273,2024-03-12 16:47:40,2.41,9877.77,1.478456
MAIN,274,2024-03-12 17:17:40,3.63,9881.40,1.442250
MAIN,275,2024-03-14 10:25:40,0.79,9882.19,1.434371
MAIN,276,2024-03-14 10:31:40,0.52,9882.71,1.429184
MAIN,277,2024-03-14 16:01:40,1.49,9884.20,1.414323
MAIN,278,2024-03-14 17:30:40,2.20,9886.40,1.392380
MAIN,279,2024-03-14 20:10:40,1.60,9888.00,1.376421
MAIN,280,2024-03-15 15:53:40,1.30,9889.30,1.363455
MAIN,281,2024-03-18 09:51:40,1.00,9890.30,1.353481
MAIN,282,2024-03-19 09:16:40,0.85,9891.15,1.345003
MAIN,283,2024-03-19 09:37:40,1.18,9892.33,1.333234
MAIN,284,2024-03-19 12:15:40,1.10,9893.43,1.322262
MAIN,285,2024-03-20 15:47:00,0.70,9894.13,1.315280
MAIN,286,2024-03-26 12:41:40,1.17,9895.30,1.303611
MAIN,287,2024-04-01 18:29:40,2.70,9898.00,1.276681
MAIN,288,2024-04-03 11:16:40,1.46,9899.46,1.262118
MAIN,289,2024-04-03 11:37:40,1.49,9900.95,1.247257
MAIN,290,2024-04-04 15:21:20,1.78,9902.73,1.229503
MAIN,291,2024-04-04 15:30:40,2.74,9905.47,1.202174
MAIN,292,2024-04-04 15:45:40,2.13,9907.60,1.180930
MAIN,293,2024-04-05 06:28:20,1.50,9909.10,1.165968
MAIN,294,2024-04-10 15:46:40,3.67,9912.77,1.129364
MAIN,295,2024-04-10 17:08:20,2.64,9915.41,1.103032
MAIN,296,2024-04-11 12:05:40,2.01,9917.42,1.082984
MAIN,297,2024-04-15 21:53:40,2.36,9919.78,1.059445
MAIN,298,2024-04-16 09:47:00,1.38,9921.16,1.045681
MAIN,299,2024-04-16 11:04:40,1.88,9923.04,1.026930
MAIN,300,2024-04-17 09:24:40,2.30,9925.34,1.003990
MAIN,301,2024-04-17 19:52:40,2.39,9927.73,0.980152
MAIN,302,2024-04-23 04:37:20,-54.95,9872.78,1.528227
MAIN,303,2024-04-23 04:45:40,1.70,9874.48,1.511271
MAIN,304,2024-04-23 05:00:40,2.12,9876.60,1.490126
MAIN,305,2024-04-24 12:33:40,1.42,9878.02,1.475962
MAIN,306,2024-04-25 06:15:40,3.01,9881.03,1.445941
MAIN,307,2024-04-29 04:26:40,1.60,9882.63,1.429982
MAIN,308,2024-04-29 04:50:40,1.82,9884.45,1.411829
MAIN,309,2024-05-01 21:50:40,1.29,9885.74,1.398963
MAIN,310,2024-05-02 21:10:20,1.85,9887.59,1.380511
MAIN,311,2024-05-07 11:20:40,1.47,9889.06,1.365849
MAIN,312,2024-05-08 05:02:40,1.00,9890.06,1.355875
MAIN,313,2024-05-08 11:02:40,1.06,9891.12,1.345302
MAIN,314,2024-05-08 11:45:40,2.22,9893.34,1.323160
MAIN,315,2024-05-13 08:46:20,0.65,9893.99,1.316677
MAIN,316,2024-05-13 09:01:40,0.72,9894.71,1.309495
MAIN,317,2024-05-13 09:17:40,1.31,9896.02,1.296429
MAIN,318,2024-05-13 10:10:20,0.82,9896.84,1.288251
MAIN,319,2024-05-13 10:18:40,0.94,9897.78,1.278875
MAIN,320,2024-05-13 10:47:40,1.43,9899.21,1.264612
MAIN,321,2024-05-13 11:32:40,1.12,9900.33,1.253441
MAIN,322,2024-05-13 14:36:40,1.98,9902.31,1.233692
MAIN,323,2024-05-16 16:48:40,1.77,9904.08,1.216038
MAIN,324,2024-05-20 15:30:40,2.16,9906.24,1.194494
MAIN,325,2024-05-20 15:47:40,2.38,9908.62,1.170756
MAIN,326,2024-05-20 16:00:40,2.39,9911.01,1.146918
MAIN,327,2024-05-21 05:46:20,2.00,9913.01,1.126970
MAIN,328,2024-05-21 06:01:40,1.62,9914.63,1.110812
MAIN,329,2024-05-21 06:44:20,1.80,9916.43,1.092859
MAIN,330,2024-05-21 06:54:40,1.83,9918.26,1.074606
MAIN,331,2024-06-07 19:05:40,-104.55,9813.71,2.117395
MAIN,332,2024-06-10 14:55:40,2.97,9816.68,2.087772
MAIN,333,2024-06-11 05:21:40,1.49,9818.17,2.072910
MAIN,334,2024-06-17 10:30:20,1.25,9819.42,2.060443
MAIN,335,2024-06-18 11:20:20,0.89,9820.31,2.051566
MAIN,336,2024-06-18 11:42:40,0.91,9821.22,2.042490
MAIN,337,2024-06-18 12:08:40,0.84,9822.06,2.034111
MAIN,338,2024-06-18 13:01:20,0.85,9822.91,2.025633
MAIN,339,2024-06-18 14:27:40,0.87,9823.78,2.016956
MAIN,340,2024-07-03 15:30:40,-6.63,9817.15,2.083084
MAIN,341,2024-07-08 10:03:40,0.87,9818.02,2.074407
MAIN,342,2024-07-08 13:31:40,0.99,9819.01,2.064532
MAIN,343,2024-07-09 04:12:40,-0.34,9818.67,2.067923
MAIN,344,2024-07-12 10:05:40,1.33,9820.00,2.054658
MAIN,345,2024-07-12 10:15:40,0.74,9820.74,2.047277
MAIN,346,2024-07-12 10:30:40,1.08,9821.82,2.036505
MAIN,347,2024-07-12 15:46:40,2.02,9823.84,2.016357
MAIN,348,2024-07-22 15:33:40,-62.18,9761.66,2.636545
MAIN,349,2024-07-22 17:41:40,1.99,9763.65,2.616697
MAIN,350,2024-07-23 09:01:20,1.03,9764.68,2.606423
MAIN,351,2024-07-23 09:38:40,1.13,9765.81,2.595153
MAIN,352,2024-07-30 20:02:00,-1.20,9764.61,2.607121
MAIN,353,2024-08-01 13:19:40,1.21,9765.82,2.595053
MAIN,354,2024-08-02 18:00:40,3.93,9769.75,2.555855
MAIN,355,2024-08-02 18:16:20,4.32,9774.07,2.512767
MAIN,356,2024-08-05 22:35:40,3.22,9777.29,2.480650
MAIN,357,2024-08-06 09:20:40,1.33,9778.62,2.467385
MAIN,358,2024-08-06 16:00:40,1.82,9780.44,2.449232
MAIN,359,2024-08-06 16:19:40,2.08,9782.52,2.428486
MAIN,360,2024-08-06 19:01:40,2.88,9785.40,2.399761
MAIN,361,2024-08-07 03:25:40,1.04,9786.44,2.389388
MAIN,362,2024-08-14 16:31:40,1.99,9788.43,2.369539
MAIN,363,2024-08-14 21:47:20,1.33,9789.76,2.356274
MAIN,364,2024-08-15 16:19:40,2.55,9792.31,2.330840
MAIN,365,2024-08-19 13:49:20,1.20,9793.51,2.318871
MAIN,366,2024-08-19 14:14:40,1.23,9794.74,2.306603
MAIN,367,2024-08-19 14:47:40,1.23,9795.97,2.294335
MAIN,368,2024-08-21 16:45:40,1.70,9797.67,2.277379
MAIN,369,2024-08-22 06:00:40,1.30,9798.97,2.264413
MAIN,370,2024-08-22 07:40:40,1.21,9800.18,2.252344
MAIN,371,2024-08-22 16:45:40,2.70,9802.88,2.225414
MAIN,372,2024-08-23 03:15:40,-0.18,9802.70,2.227209
MAIN,373,2024-08-27 04:18:20,0.71,9803.41,2.220128
MAIN,374,2024-08-27 05:22:40,0.90,9804.31,2.211151
MAIN,375,2024-08-27 05:35:20,0.91,9805.22,2.202075
MAIN,376,2024-08-27 05:49:40,0.91,9806.13,2.192998
MAIN,377,2024-08-28 05:44:40,0.84,9806.97,2.184620
MAIN,378,2024-08-28 06:24:40,0.91,9807.88,2.175544
MAIN,379,2024-08-29 03:16:40,1.33,9809.21,2.162278
MAIN,380,2024-08-29 15:45:40,1.66,9810.87,2.145721
MAIN,381,2024-08-30 19:15:40,2.90,9813.77,2.116796
MAIN,382,2024-08-30 19:49:20,2.36,9816.13,2.093258
MAIN,383,2024-08-30 20:54:40,2.23,9818.36,2.071015
MAIN,384,2024-09-02 06:48:40,1.29,9819.65,2.058149
MAIN,385,2024-09-03 04:16:40,0.70,9820.35,2.051167
MAIN,386,2024-09-03 04:49:40,1.44,9821.79,2.036804
MAIN,387,2024-09-03 17:00:20,3.18,9824.97,2.005087
MAIN,388,2024-09-03 17:34:40,3.43,9828.40,1.970876
MAIN,389,2024-09-04 13:47:40,1.69,9830.09,1.954020
MAIN,390,2024-09-06 20:10:40,3.10,9833.19,1.923100
MAIN,391,2024-09-09 08:45:40,0.79,9833.98,1.915220
MAIN,392,2024-09-09 09:00:40,1.21,9835.19,1.903152
MAIN,393,2024-09-09 09:32:40,1.48,9836.67,1.888390
MAIN,394,2024-09-11 15:45:20,1.66,9838.33,1.871833
MAIN,395,2024-09-11 16:00:40,2.28,9840.61,1.849092
MAIN,396,2024-09-11 16:17:40,1.90,9842.51,1.830142
MAIN,397,2024-09-11 16:46:40,1.80,9844.31,1.812188
MAIN,398,2024-09-11 17:18:40,3.13,9847.44,1.780969
MAIN,399,2024-09-17 13:54:40,1.30,9848.74,1.768003
MAIN,400,2024-09-23 11:06:40,1.20,9849.94,1.756034
MAIN,401,2024-09-27 08:46:40,1.19,9851.13,1.744165
MAIN,402,2024-09-27 18:00:40,2.33,9853.46,1.720926
MAIN,403,2024-09-27 18:15:40,2.32,9855.78,1.697786
MAIN,404,2024-09-30 13:46:40,1.93,9857.71,1.678536
MAIN,405,2024-09-30 14:06:40,2.19,9859.90,1.656693
MAIN,406,2024-09-30 14:31:20,1.40,9861.30,1.642729
MAIN,407,2024-09-30 15:46:40,2.01,9863.31,1.622681
MAIN,408,2024-10-02 09:46:40,1.39,9864.70,1.608817
MAIN,409,2024-10-03 10:47:40,1.01,9865.71,1.598743
MAIN,410,2024-10-03 11:05:40,1.79,9867.50,1.580890
MAIN,411,2024-10-03 11:37:40,1.21,9868.71,1.568821
MAIN,412,2024-10-03 12:33:40,1.41,9870.12,1.554758
MAIN,413,2024-10-04 15:45:40,1.90,9872.02,1.535807
MAIN,414,2024-10-04 16:02:40,3.16,9875.18,1.504289
MAIN,415,2024-10-07 09:11:40,1.41,9876.59,1.490225
MAIN,416,2024-10-07 16:00:40,2.10,9878.69,1.469280
MAIN,417,2024-10-10 22:07:40,-1.05,9877.64,1.479753
MAIN,418,2024-10-15 08:38:40,0.99,9878.63,1.469878
MAIN,419,2024-10-23 04:45:40,0.70,9879.33,1.462896
MAIN,420,2024-10-23 05:01:40,1.18,9880.51,1.451127
MAIN,421,2024-10-23 05:30:40,0.91,9881.42,1.442051
MAIN,422,2024-10-23 15:33:40,2.17,9883.59,1.420407
MAIN,423,2024-10-23 15:59:20,1.20,9884.79,1.408438
MAIN,424,2024-10-25 20:54:40,-1.24,9883.55,1.420806
MAIN,425,2024-11-06 13:56:20,-74.19,9809.36,2.160782
MAIN,426,2024-11-06 14:00:40,4.32,9813.68,2.117694
MAIN,427,2024-11-07 15:45:40,-0.33,9813.35,2.120985
MAIN,428,2024-11-08 08:45:40,1.30,9814.65,2.108019
MAIN,429,2024-11-08 09:53:20,1.30,9815.95,2.095053
MAIN,430,2024-11-11 03:30:40,1.89,9817.84,2.076202
MAIN,431,2024-11-11 16:32:20,-52.29,9765.55,2.597746
MAIN,432,2024-11-11 16:46:40,3.71,9769.26,2.560742
MAIN,433,2024-11-11 17:02:20,2.50,9771.76,2.535807
MAIN,434,2024-11-11 22:04:40,1.24,9773.00,2.523439
MAIN,435,2024-11-12 07:45:40,1.12,9774.12,2.512268
MAIN,436,2024-11-12 08:14:20,1.22,9775.34,2.500100
MAIN,437,2024-11-12 08:30:40,1.64,9776.98,2.483742
MAIN,438,2024-11-12 08:48:40,1.80,9778.78,2.465789
MAIN,439,2024-11-12 10:11:40,2.32,9781.10,2.442649
MAIN,440,2024-11-12 11:55:40,2.20,9783.30,2.420706
MAIN,441,2024-11-12 12:12:40,2.17,9785.47,2.399062
MAIN,442,2024-11-12 12:45:40,2.71,9788.18,2.372033
MAIN,443,2024-11-18 03:22:40,-0.47,9787.71,2.376721
MAIN,444,2024-11-20 14:42:40,1.40,9789.11,2.362757
MAIN,445,2024-11-25 05:35:40,3.45,9792.56,2.328346
MAIN,446,2024-11-25 05:48:40,3.85,9796.41,2.289946
MAIN,447,2024-11-25 06:02:40,2.93,9799.34,2.260722
MAIN,448,2024-11-25 06:37:40,3.49,9802.83,2.225913
MAIN,449,2024-11-25 11:18:20,1.80,9804.63,2.207959
MAIN,450,2024-11-29 04:22:40,-3.58,9801.05,2.243666
MAIN,451,2024-12-02 01:51:40,1.36,9802.41,2.230102
MAIN,452,2024-12-02 02:01:40,1.41,9803.82,2.216038
MAIN,453,2024-12-02 15:24:40,2.29,9806.11,2.193198
MAIN,454,2024-12-04 15:15:40,2.54,9808.65,2.167864
MAIN,455,2024-12-05 17:32:40,1.99,9810.64,2.148015
MAIN,456,2024-12-05 17:50:40,3.98,9814.62,2.108318
MAIN,457,2024-12-05 19:17:20,2.19,9816.81,2.086475
MAIN,458,2024-12-05 20:39:40,1.98,9818.79,2.066727
MAIN,459,2024-12-06 03:16:40,1.80,9820.59,2.048773
MAIN,460,2024-12-06 03:30:40,2.30,9822.89,2.025833
MAIN,461,2024-12-06 04:02:40,1.70,9824.59,2.008877
MAIN,462,2024-12-11 07:45:40,4.72,9829.31,1.961799
MAIN,463,2024-12-11 08:02:40,3.01,9832.32,1.931777
MAIN,464,2024-12-12 05:16:20,1.77,9834.09,1.914123
MAIN,465,2024-12-12 16:00:40,2.24,9836.33,1.891781
MAIN,466,2024-12-13 03:18:40,0.05,9836.38,1.891283
MAIN,467,2024-12-13 11:00:40,1.72,9838.10,1.874127
MAIN,468,2024-12-18 21:57:40,-71.07,9767.03,2.582984
MAIN,469,2024-12-18 22:00:40,2.41,9769.44,2.558947
MAIN,470,2024-12-19 03:35:40,-0.16,9769.28,2.560543
MAIN,471,2024-12-19 15:22:40,2.55,9771.83,2.535109
MAIN,472,2024-12-19 15:40:40,1.71,9773.54,2.518053
MAIN,473,2024-12-19 15:46:40,2.10,9775.64,2.497108
MAIN,474,2024-12-19 16:07:40,2.10,9777.74,2.476162
MAIN,475,2024-12-19 16:38:40,1.87,9779.61,2.457510
MAIN,476,2024-12-19 20:37:40,1.51,9781.12,2.442450
MAIN,477,2024-12-24 06:50:40,-0.07,9781.05,2.443148
MAIN,478,2024-12-27 21:48:40,1.08,9782.13,2.432376
MAIN,479,2024-12-30 11:29:40,0.89,9783.02,2.423499
MAIN,480,2025-01-03 15:45:40,2.00,9785.02,2.403551
MAIN,481,2025-01-06 11:21:40,1.09,9786.11,2.392679
MAIN,482,2025-01-14 23:20:40,0.97,9787.08,2.383004
MAIN,483,2025-01-17 11:30:40,0.96,9788.04,2.373429
MAIN,484,2025-01-17 13:59:40,1.92,9789.96,2.354279
MAIN,485,2025-01-20 01:30:40,3.22,9793.18,2.322162
MAIN,486,2025-01-20 03:19:20,1.67,9794.85,2.305506
MAIN,487,2025-01-23 06:02:40,0.65,9795.50,2.299023
MAIN,488,2025-01-23 11:52:40,1.55,9797.05,2.283563
MAIN,489,2025-01-23 15:46:40,2.31,9799.36,2.260523
MAIN,490,2025-01-27 11:12:40,1.25,9800.61,2.248055
MAIN,491,2025-01-27 17:20:40,2.80,9803.41,2.220128
MAIN,492,2025-01-27 17:48:20,2.10,9805.51,2.199182
MAIN,493,2025-01-27 22:34:20,1.05,9806.56,2.188709
MAIN,494,2025-01-29 17:31:40,1.42,9807.98,2.174546
MAIN,495,2025-01-29 21:31:40,2.00,9809.98,2.154598
MAIN,496,2025-02-03 03:36:20,2.02,9812.00,2.134450
MAIN,497,2025-02-03 08:15:20,1.41,9813.41,2.120387
MAIN,498,2025-02-06 09:02:40,1.53,9814.94,2.105127
MAIN,499,2025-02-06 10:38:40,1.51,9816.45,2.090066
MAIN,500,2025-02-06 17:15:40,2.51,9818.96,2.065031
MAIN,501,2025-02-11 15:32:20,1.92,9820.88,2.045881
MAIN,502,2025-02-14 15:45:40,3.16,9824.04,2.014363
MAIN,503,2025-02-14 17:40:40,3.78,9827.82,1.976661
MAIN,504,2025-02-18 05:02:40,-0.55,9827.27,1.982146
MAIN,505,2025-02-20 16:35:40,2.60,9829.87,1.956214
MAIN,506,2025-02-21 10:34:40,2.02,9831.89,1.936066
MAIN,507,2025-02-24 03:28:40,1.65,9833.54,1.919609
MAIN,508,2025-02-25 07:41:40,1.27,9834.81,1.906942
MAIN,509,2025-02-25 08:54:40,1.48,9836.29,1.892180
MAIN,510,2025-02-25 10:04:20,1.43,9837.72,1.877917
MAIN,511,2025-02-25 14:50:40,2.95,9840.67,1.848494
MAIN,512,2025-02-25 21:44:40,2.73,9843.40,1.821265
MAIN,513,2025-02-26 16:45:40,1.97,9845.37,1.801616
MAIN,514,2025-02-28 16:42:40,-63.37,9782.00,2.433672
MAIN,515,2025-02-28 16:46:40,2.53,9784.53,2.408438
MAIN,516,2025-02-28 17:01:40,2.63,9787.16,2.382206
MAIN,517,2025-02-28 17:20:40,2.22,9789.38,2.360064
MAIN,518,2025-03-05 15:45:40,3.89,9793.27,2.321265
MAIN,519,2025-03-05 16:02:40,3.62,9796.89,2.285159
MAIN,520,2025-03-06 15:16:40,1.90,9798.79,2.266208
MAIN,521,2025-03-07 02:17:40,3.32,9802.11,2.233094
MAIN,522,2025-03-10 12:05:40,4.21,9806.32,2.191103
MAIN,523,2025-03-10 21:47:40,2.15,9808.47,2.169659
MAIN,524,2025-03-20 15:13:40,1.60,9810.07,2.153700
MAIN,525,2025-03-21 05:03:40,1.09,9811.16,2.142829
MAIN,526,2025-03-21 14:49:40,2.21,9813.37,2.120786
MAIN,527,2025-03-21 18:06:40,2.49,9815.86,2.095951
MAIN,528,2025-03-24 17:50:40,2.17,9818.03,2.074307
MAIN,529,2025-03-24 18:31:20,2.01,9820.04,2.054259
MAIN,530,2025-03-24 21:31:40,1.92,9821.96,2.035109
MAIN,531,2025-04-01 19:02:40,3.11,9825.07,2.004089
MAIN,532,2025-04-01 19:38:40,2.77,9827.84,1.976461
MAIN,533,2025-04-01 19:48:40,2.60,9830.44,1.950529
MAIN,534,2025-04-01 20:15:40,2.61,9833.05,1.924496
MAIN,535,2025-04-03 13:45:40,3.94,9836.99,1.885198
MAIN,536,2025-04-03 14:10:40,3.58,9840.57,1.849491
MAIN,537,2025-04-03 17:07:40,5.86,9846.43,1.791043
MAIN,538,2025-04-04 12:01:40,2.62,9849.05,1.764911
MAIN,539,2025-04-04 17:23:40,7.05,9856.10,1.694594
MAIN,540,2025-04-07 20:29:40,-90.81,9765.29,2.600339
MAIN,541,2025-04-07 20:37:40,5.53,9770.82,2.545183
MAIN,542,2025-04-08 20:16:40,2.89,9773.71,2.516357
MAIN,543,2025-04-08 20:35:40,3.48,9777.19,2.481648
MAIN,544,2025-04-17 18:06:40,6.76,9783.95,2.414223
MAIN,545,2025-04-22 16:45:40,6.00,9789.95,2.354379
MAIN,546,2025-04-22 19:58:40,7.52,9797.47,2.279374
MAIN,547,2025-04-23 02:10:20,5.73,9803.20,2.222222
MAIN,548,2025-04-23 10:01:40,4.22,9807.42,2.180132
MAIN,549,2025-04-23 17:20:40,5.09,9812.51,2.129364
MAIN,550,2025-04-25 07:24:40,3.09,9815.60,2.098544
MAIN,551,2025-04-25 10:17:40,4.64,9820.24,2.052264
MAIN,552,2025-04-25 16:42:40,3.22,9823.46,2.020148
MAIN,553,2025-04-29 06:25:40,4.00,9827.46,1.980251
MAIN,554,2025-04-29 06:31:40,2.96,9830.42,1.950728
MAIN,555,2025-04-29 08:01:20,3.20,9833.62,1.918811
MAIN,556,2025-04-29 08:31:40,3.03,9836.65,1.888590
MAIN,557,2025-04-30 11:15:40,5.10,9841.75,1.837722
MAIN,558,2025-04-30 15:21:40,4.71,9846.46,1.790744
MAIN,559,2025-05-01 01:22:20,2.56,9849.02,1.765210
MAIN,560,2025-05-01 01:30:40,2.49,9851.51,1.740375
MAIN,561,2025-05-01 01:45:40,2.65,9854.16,1.713944
MAIN,562,2025-05-01 02:00:40,4.08,9858.24,1.673250
MAIN,563,2025-05-02 09:20:40,0.89,9859.13,1.664373
MAIN,564,2025-05-08 09:01:40,3.68,9862.81,1.627668
MAIN,565,2025-05-08 10:45:40,3.82,9866.63,1.589567
MAIN,566,2025-05-08 19:16:40,5.87,9872.50,1.531019
MAIN,567,2025-05-08 19:49:20,4.24,9876.74,1.488729
MAIN,568,2025-05-09 01:05:40,1.58,9878.32,1.472970
MAIN,569,2025-05-09 05:15:40,3.59,9881.91,1.437163
MAIN,570,2025-05-09 05:31:40,7.13,9889.04,1.366048
MAIN,571,2025-05-12 02:29:40,3.87,9892.91,1.327449
MAIN,572,2025-05-12 03:00:40,3.89,9896.80,1.288650
MAIN,573,2025-05-12 03:51:20,4.82,9901.62,1.240575
MAIN,574,2025-05-12 04:22:40,4.73,9906.35,1.193397
MAIN,575,2025-05-12 04:31:40,5.66,9912.01,1.136944
MAIN,576,2025-05-12 10:16:40,2.80,9914.81,1.109017
MAIN,577,2025-05-12 10:32:40,3.38,9918.19,1.075304
MAIN,578,2025-05-12 10:54:40,4.40,9922.59,1.031418
MAIN,579,2025-05-12 11:00:40,4.94,9927.53,0.982146
MAIN,580,2025-05-12 11:34:40,3.96,9931.49,0.942649
MAIN,581,2025-05-12 12:21:40,5.07,9936.56,0.892081
MAIN,582,2025-05-12 14:55:40,2.73,9939.29,0.864851
MAIN,583,2025-05-13 17:04:40,3.09,9942.38,0.834032
MAIN,584,2025-05-14 06:41:40,2.50,9944.88,0.809096
MAIN,585,2025-05-14 08:50:20,2.44,9947.32,0.784760
MAIN,586,2025-05-14 15:22:40,2.18,9949.50,0.763016
MAIN,587,2025-05-14 15:32:40,3.63,9953.13,0.726810
MAIN,588,2025-05-15 17:10:40,1.78,9954.91,0.709056
MAIN,589,2025-05-16 15:38:40,5.73,9960.64,0.651905
MAIN,590,2025-05-20 06:05:40,2.54,9963.18,0.626571
MAIN,591,2025-05-23 08:14:40,1.91,9965.09,0.607520
MAIN,592,2025-05-27 08:52:40,1.58,9966.67,0.591761
MAIN,593,2025-05-27 09:00:40,1.81,9968.48,0.573708
MAIN,594,2025-05-27 09:22:40,2.55,9971.03,0.548274
MAIN,595,2025-05-28 11:14:40,2.42,9973.45,0.524137
MAIN,596,2025-05-29 05:48:40,5.07,9978.52,0.473569
MAIN,597,2025-05-30 08:55:40,2.48,9981.00,0.448833
MAIN,598,2025-05-30 17:05:40,2.87,9983.87,0.420207
MAIN,599,2025-06-03 17:17:40,3.21,9987.08,0.388191
MAIN,600,2025-06-06 03:03:20,0.56,9987.64,0.382605
MAIN,601,2025-06-10 16:29:40,1.10,9988.74,0.371634
MAIN,602,2025-06-12 10:48:40,3.05,9991.79,0.341213
MAIN,603,2025-06-16 08:49:40,1.86,9993.65,0.322661
MAIN,604,2025-06-16 13:56:40,1.97,9995.62,0.303012
MAIN,605,2025-06-16 17:00:40,3.16,9998.78,0.271494
MAIN,606,2025-06-16 22:34:40,1.72,10000.50,0.254339
MAIN,607,2025-06-16 23:37:40,1.55,10002.05,0.238879
MAIN,608,2025-06-16 23:57:40,1.43,10003.48,0.224616
MAIN,609,2025-06-18 22:32:40,4.18,10007.66,0.182924
MAIN,610,2025-06-19 09:52:20,2.04,10009.70,0.162577
MAIN,611,2025-06-20 06:16:40,2.23,10011.93,0.140335
MAIN,612,2025-06-24 01:15:40,3.07,10015.00,0.109715
MAIN,613,2025-06-24 01:30:40,3.01,10018.01,0.079693
MAIN,614,2025-06-24 01:49:40,2.18,10020.19,0.057949
MAIN,615,2025-06-24 02:00:20,1.90,10022.09,0.038999
MAIN,616,2025-06-24 06:34:40,2.12,10024.21,0.017854
MAIN,617,2025-06-26 02:51:40,-2.31,10021.90,0.040894
MAIN,618,2025-06-26 17:43:40,4.06,10025.96,0.000399
MAIN,619,2025-06-27 03:54:40,2.55,10028.51,0.000000
MAIN,620,2025-06-30 22:18:40,1.10,10029.61,0.000000
MAIN,621,2025-07-03 15:45:40,3.21,10032.82,0.000000
MAIN,622,2025-07-07 04:17:40,2.72,10035.54,0.000000
MAIN,623,2025-07-07 04:31:40,1.89,10037.43,0.000000
MAIN,624,2025-07-07 06:09:40,2.89,10040.32,0.000000
MAIN,625,2025-07-07 07:52:40,1.98,10042.30,0.000000
MAIN,626,2025-07-08 20:25:40,3.54,10045.84,0.000000
MAIN,627,2025-07-09 06:05:40,1.77,10047.61,0.000000
MAIN,628,2025-07-14 16:04:40,2.47,10050.08,0.000000
MAIN,629,2025-07-14 17:49:40,2.16,10052.24,0.000000
MAIN,630,2025-07-14 18:04:40,2.50,10054.74,0.000000
MAIN,631,2025-07-15 17:25:40,2.24,10056.98,0.000000
MAIN,632,2025-07-16 07:30:40,0.40,10057.38,0.000000
MAIN,633,2025-07-16 17:25:20,1.86,10059.24,0.000000
MAIN,634,2025-07-16 17:48:40,2.63,10061.87,0.000000
MAIN,635,2025-07-17 09:46:40,1.93,10063.80,0.000000
MAIN,636,2025-07-17 15:46:40,1.98,10065.78,0.000000
MAIN,637,2025-07-17 16:01:40,1.80,10067.58,0.000000
MAIN,638,2025-07-23 16:42:40,1.67,10069.25,0.000000
MAIN,639,2025-07-28 16:53:40,-94.04,9975.21,0.933933
MAIN,640,2025-07-28 17:00:40,4.80,9980.01,0.886263
MAIN,641,2025-07-28 17:22:20,2.18,9982.19,0.864613
MAIN,642,2025-07-28 17:46:40,2.87,9985.06,0.836110
MAIN,643,2025-07-28 18:10:40,2.87,9987.93,0.807607
MAIN,644,2025-07-30 16:00:40,1.86,9989.79,0.789135
MAIN,645,2025-07-30 16:17:40,2.75,9992.54,0.761824
MAIN,646,2025-07-30 16:34:40,2.42,9994.96,0.737791
MAIN,647,2025-07-30 16:47:40,2.84,9997.80,0.709586
MAIN,648,2025-07-30 17:09:40,3.46,10001.26,0.675224
MAIN,649,2025-07-31 10:45:40,-0.71,10000.55,0.682275
MAIN,650,2025-08-05 08:20:40,2.16,10002.71,0.660824
MAIN,651,2025-08-05 13:03:40,1.84,10004.55,0.642550
MAIN,652,2025-08-05 15:25:40,2.84,10007.39,0.614346
MAIN,653,2025-08-06 08:47:40,1.15,10008.54,0.602925
MAIN,654,2025-08-06 13:15:40,1.87,10010.41,0.584353
MAIN,655,2025-08-11 04:18:20,1.91,10012.32,0.565385
MAIN,656,2025-08-11 04:49:40,2.01,10014.33,0.545423
MAIN,657,2025-08-11 09:30:40,1.61,10015.94,0.529434
MAIN,658,2025-08-11 09:49:40,1.90,10017.84,0.510564
MAIN,659,2025-08-13 17:03:40,0.90,10018.74,0.501626
MAIN,660,2025-08-14 11:23:40,1.70,10020.44,0.484743
MAIN,661,2025-08-14 17:16:40,2.56,10023.00,0.459319
MAIN,662,2025-08-18 03:05:40,0.88,10023.88,0.450580
MAIN,663,2025-08-18 18:22:20,1.44,10025.32,0.436279
MAIN,664,2025-08-18 18:49:40,1.84,10027.16,0.418005
MAIN,665,2025-08-18 19:39:40,1.35,10028.51,0.404598
MAIN,666,2025-08-18 19:54:20,1.41,10029.92,0.390595
MAIN,667,2025-08-19 16:15:40,1.53,10031.45,0.375400
MAIN,668,2025-08-19 19:16:40,1.93,10033.38,0.356233
MAIN,669,2025-08-20 07:43:20,0.32,10033.70,0.353055
MAIN,670,2025-08-21 09:30:40,0.77,10034.47,0.345408
MAIN,671,2025-08-21 13:45:40,1.11,10035.58,0.334384
MAIN,672,2025-08-21 14:21:40,1.85,10037.43,0.316012
MAIN,673,2025-08-22 08:45:40,1.27,10038.70,0.303399
MAIN,674,2025-08-22 09:56:40,1.10,10039.80,0.292475
MAIN,675,2025-08-26 03:07:40,2.21,10042.01,0.270527
MAIN,676,2025-08-27 09:16:40,0.95,10042.96,0.261092
MAIN,677,2025-09-04 05:24:40,2.90,10045.86,0.232291
MAIN,678,2025-09-04 09:31:40,3.03,10048.89,0.202200
MAIN,679,2025-09-09 23:05:40,1.23,10050.12,0.189984
MAIN,680,2025-09-10 01:04:40,1.36,10051.48,0.176478
MAIN,681,2025-09-11 09:03:40,2.52,10054.00,0.151451
MAIN,682,2025-09-11 12:34:20,1.95,10055.95,0.132085
MAIN,683,2025-09-15 03:00:40,1.27,10057.22,0.119473
MAIN,684,2025-09-15 05:00:40,1.58,10058.80,0.103781
MAIN,685,2025-09-17 04:46:40,1.37,10060.17,0.090176
MAIN,686,2025-09-17 09:46:40,1.26,10061.43,0.077662
MAIN,687,2025-09-17 10:33:40,1.71,10063.14,0.060680
MAIN,688,2025-09-17 11:30:20,1.72,10064.86,0.043598
MAIN,689,2025-09-18 02:13:20,0.97,10065.83,0.033965
MAIN,690,2025-09-18 09:16:40,2.24,10068.07,0.011719
MAIN,691,2025-09-18 10:06:40,3.33,10071.40,0.000000
MAIN,692,2025-09-18 16:46:40,4.48,10075.88,0.000000
MAIN,693,2025-09-24 18:02:40,2.62,10078.50,0.000000
MAIN,694,2025-09-25 03:08:40,-0.88,10077.62,0.008731
MAIN,695,2025-09-30 16:47:40,5.02,10082.64,0.000000
MAIN,696,2025-10-02 18:00:40,5.96,10088.60,0.000000
MAIN,697,2025-10-02 19:17:40,4.85,10093.45,0.000000
MAIN,698,2025-10-03 06:43:40,2.02,10095.47,0.000000
MAIN,699,2025-10-09 02:30:40,3.85,10099.32,0.000000
MAIN,700,2025-10-09 02:55:20,3.09,10102.41,0.000000
MAIN,701,2025-10-09 03:05:40,3.96,10106.37,0.000000
MAIN,702,2025-10-09 22:14:40,5.24,10111.61,0.000000
MAIN,703,2025-10-10 07:15:40,4.16,10115.77,0.000000
MAIN,704,2025-10-17 15:00:40,5.69,10121.46,0.000000
MAIN,705,2025-10-17 17:15:40,13.49,10134.95,0.000000
MAIN,706,2025-10-17 20:23:40,8.31,10143.26,0.000000
MAIN,707,2025-10-17 20:38:40,9.73,10152.99,0.000000
MAIN,708,2025-10-21 15:46:40,-90.00,10062.99,0.886438
MAIN,709,2025-10-21 16:37:40,13.88,10076.87,0.749730
MAIN,710,2025-10-21 17:39:20,-90.00,9986.87,1.636168
MAIN,711,2025-10-21 17:48:20,11.96,9998.83,1.518370
MAIN,712,2025-10-21 18:11:40,11.67,10010.50,1.403429
MAIN,713,2025-10-21 18:42:40,13.14,10023.64,1.274009
MAIN,714,2025-10-21 19:53:40,11.83,10035.47,1.157492
MAIN,715,2025-10-21 21:02:40,8.64,10044.11,1.072393
MAIN,716,2025-10-22 03:15:20,9.37,10053.48,0.980105
MAIN,717,2025-10-22 03:34:40,22.99,10076.47,0.753670
MAIN,718,2025-10-22 14:20:40,9.87,10086.34,0.656457
MAIN,719,2025-10-22 14:37:20,10.04,10096.38,0.557570
MAIN,720,2025-10-22 14:49:20,10.87,10107.25,0.450508
MAIN,721,2025-10-24 09:15:40,3.49,10110.74,0.416134
MAIN,722,2025-10-24 15:30:40,18.25,10128.99,0.236384
MAIN,723,2025-10-27 03:08:40,4.67,10133.66,0.190387
MAIN,724,2025-10-27 12:00:40,6.64,10140.30,0.124988
MAIN,725,2025-10-27 12:17:40,4.15,10144.45,0.084113
MAIN,726,2025-10-27 12:31:40,3.83,10148.28,0.046390
MAIN,727,2025-10-27 13:05:20,5.27,10153.55,0.000000
MAIN,728,2025-10-27 13:36:40,5.80,10159.35,0.000000
MAIN,729,2025-10-27 14:46:40,4.91,10164.26,0.000000
MAIN,730,2025-10-27 15:01:40,5.65,10169.91,0.000000
MAIN,731,2025-10-27 21:05:40,4.17,10174.08,0.000000
MAIN,732,2025-10-28 10:14:20,4.55,10178.63,0.000000
MAIN,733,2025-10-28 16:52:40,4.54,10183.17,0.000000
MAIN,734,2025-10-29 21:45:40,7.60,10190.77,0.000000
MAIN,735,2025-10-29 22:45:40,7.90,10198.67,0.000000
MAIN,736,2025-10-31 19:21:40,4.95,10203.62,0.000000
MAIN,737,2025-11-03 02:23:40,4.12,10207.74,0.000000
MAIN,738,2025-11-04 16:30:20,4.43,10212.17,0.000000
MAIN,739,2025-11-04 16:45:40,5.80,10217.97,0.000000
MAIN,740,2025-11-06 19:33:40,3.60,10221.57,0.000000
MAIN,741,2025-11-11 17:39:40,6.08,10227.65,0.000000
MAIN,742,2025-11-11 17:50:40,3.85,10231.50,0.000000
MAIN,743,2025-11-11 18:02:40,3.23,10234.73,0.000000
MAIN,744,2025-11-12 06:30:40,2.91,10237.64,0.000000
MAIN,745,2025-11-12 06:48:40,2.58,10240.22,0.000000
MAIN,746,2025-11-12 08:05:40,3.12,10243.34,0.000000
MAIN,747,2025-11-13 16:45:40,5.20,10248.54,0.000000
MAIN,748,2025-11-13 20:50:40,5.61,10254.15,0.000000
MAIN,749,2025-11-13 21:34:40,5.17,10259.32,0.000000
MAIN,750,2025-11-14 13:30:40,3.31,10262.63,0.000000
MAIN,751,2025-11-14 14:04:40,4.49,10267.12,0.000000
MAIN,752,2025-11-14 16:33:40,-90.00,10177.12,0.876585
MAIN,753,2025-11-14 16:53:40,10.38,10187.50,0.775485
MAIN,754,2025-11-17 08:00:40,3.18,10190.68,0.744513
MAIN,755,2025-11-17 08:18:40,4.53,10195.21,0.700391
MAIN,756,2025-11-17 21:47:20,3.84,10199.05,0.662990
MAIN,757,2025-11-17 22:04:40,3.74,10202.79,0.626563
MAIN,758,2025-11-17 22:16:40,4.23,10207.02,0.585364
MAIN,759,2025-11-20 04:31:40,4.68,10211.70,0.539781
MAIN,760,2025-11-27 05:06:40,2.06,10213.76,0.519717
MAIN,761,2025-11-28 10:31:40,3.37,10217.13,0.486894
MAIN,762,2025-11-28 10:47:20,2.78,10219.91,0.459817
MAIN,763,2025-12-02 03:15:40,2.54,10222.45,0.435078
MAIN,764,2025-12-02 13:32:40,3.05,10225.50,0.405372
MAIN,765,2025-12-02 18:02:40,4.25,10229.75,0.363977
MAIN,766,2025-12-04 08:02:40,2.82,10232.57,0.336511
MAIN,767,2025-12-04 08:18:40,2.40,10234.97,0.313136
MAIN,768,2025-12-08 17:17:40,5.41,10240.38,0.260443
MAIN,769,2025-12-09 08:15:40,2.16,10242.54,0.239405
MAIN,770,2025-12-10 13:54:20,1.52,10244.06,0.224600
MAIN,771,2025-12-15 17:30:40,4.90,10248.96,0.176875
MAIN,772,2025-12-15 20:34:40,5.45,10254.41,0.123793
MAIN,773,2025-12-16 05:17:40,4.38,10258.79,0.081133
MAIN,774,2025-12-23 16:45:40,4.16,10262.95,0.040615
MAIN,775,2025-12-23 17:00:40,4.43,10267.38,0.000000
MAIN,776,2025-12-23 17:38:40,4.48,10271.86,0.000000
MAIN,777,2025-12-24 17:52:40,4.88,10276.74,0.000000
MAIN,778,2025-12-29 02:33:40,5.93,10282.67,0.000000
MAIN,779,2025-12-29 02:45:40,7.98,10290.65,0.000000
MAIN,780,2025-12-29 16:06:40,-90.00,10200.65,0.874580
MAIN,781,2025-12-29 16:15:40,6.74,10207.39,0.809084
MAIN,782,2025-12-30 14:11:40,2.53,10209.92,0.784499
MAIN,783,2025-12-30 23:02:40,3.60,10213.52,0.749515
BWD,1,2020-01-06 17:33:40,1.03,10001.03,0.000000
BWD,2,2020-01-06 17:46:40,1.75,10002.78,0.000000
BWD,3,2020-01-06 18:53:40,1.38,10004.16,0.000000
BWD,4,2020-01-07 04:34:40,0.67,10004.83,0.000000
BWD,5,2020-01-08 15:45:40,1.27,10006.10,0.000000
BWD,6,2020-01-08 18:46:40,2.71,10008.81,0.000000
BWD,7,2020-01-08 22:37:40,0.87,10009.68,0.000000
BWD,8,2020-01-09 08:30:40,0.75,10010.43,0.000000
BWD,9,2020-01-09 08:45:40,1.74,10012.17,0.000000
BWD,10,2020-01-09 09:00:40,1.16,10013.33,0.000000
BWD,11,2020-01-13 10:46:40,0.70,10014.03,0.000000
BWD,12,2020-01-13 12:39:40,1.27,10015.30,0.000000
BWD,13,2020-01-14 13:10:40,0.53,10015.83,0.000000
BWD,14,2020-01-16 08:02:40,0.35,10016.18,0.000000
BWD,15,2020-01-21 10:00:40,0.66,10016.84,0.000000
BWD,16,2020-01-21 10:19:40,0.54,10017.38,0.000000
BWD,17,2020-01-21 10:33:40,0.63,10018.01,0.000000
BWD,18,2020-01-21 18:00:40,1.11,10019.12,0.000000
BWD,19,2020-01-22 05:26:40,0.56,10019.68,0.000000
BWD,20,2020-01-28 10:00:40,0.81,10020.49,0.000000
BWD,21,2020-01-28 14:17:40,0.62,10021.11,0.000000
BWD,22,2020-01-28 15:37:40,0.61,10021.72,0.000000
BWD,23,2020-01-28 18:04:40,1.56,10023.28,0.000000
BWD,24,2020-01-31 01:05:40,0.28,10023.56,0.000000
BWD,25,2020-02-03 09:32:40,0.51,10024.07,0.000000
BWD,26,2020-02-03 09:46:40,0.66,10024.73,0.000000
BWD,27,2020-02-04 08:10:40,0.46,10025.19,0.000000
BWD,28,2020-02-04 09:21:40,0.58,10025.77,0.000000
BWD,29,2020-02-04 10:31:20,0.94,10026.71,0.000000
BWD,30,2020-02-04 12:30:40,1.11,10027.82,0.000000
BWD,31,2020-02-04 15:18:40,0.60,10028.42,0.000000
BWD,32,2020-02-04 15:32:40,0.60,10029.02,0.000000
BWD,33,2020-02-04 15:45:40,0.75,10029.77,0.000000
BWD,34,2020-02-04 16:23:40,0.86,10030.63,0.000000
BWD,35,2020-02-05 09:13:40,-0.26,10030.37,0.002592
BWD,36,2020-02-05 12:22:40,0.86,10031.23,0.000000
BWD,37,2020-02-07 08:34:40,0.74,10031.97,0.000000
BWD,38,2020-02-11 09:34:40,0.30,10032.27,0.000000
BWD,39,2020-02-11 18:31:40,1.04,10033.31,0.000000
BWD,40,2020-02-12 07:49:20,0.40,10033.71,0.000000
BWD,41,2020-02-12 10:48:40,0.49,10034.20,0.000000
BWD,42,2020-02-12 11:02:40,0.55,10034.75,0.000000
BWD,43,2020-02-17 10:36:40,0.75,10035.50,0.000000
BWD,44,2020-02-24 21:33:20,1.45,10036.95,0.000000
BWD,45,2020-02-24 22:01:40,2.18,10039.13,0.000000
BWD,46,2020-02-25 02:15:40,1.94,10041.07,0.000000
BWD,47,2020-02-25 08:30:40,2.42,10043.49,0.000000
BWD,48,2020-02-25 08:49:40,1.78,10045.27,0.000000
BWD,49,2020-02-25 09:00:40,1.43,10046.70,0.000000
BWD,50,2020-02-25 09:23:40,2.24,10048.94,0.000000
BWD,51,2020-02-25 23:00:40,2.57,10051.51,0.000000
BWD,52,2020-02-26 18:10:40,2.19,10053.70,0.000000
BWD,53,2020-02-28 17:17:40,2.67,10056.37,0.000000
BWD,54,2020-03-02 11:16:40,0.53,10056.90,0.000000
BWD,55,2020-03-06 17:31:40,3.43,10060.33,0.000000
BWD,56,2020-03-09 08:11:40,4.53,10064.86,0.000000
BWD,57,2020-03-10 08:17:40,1.17,10066.03,0.000000
BWD,58,2020-03-10 08:30:40,1.05,10067.08,0.000000
BWD,59,2020-03-10 09:40:40,1.64,10068.72,0.000000
BWD,60,2020-03-11 18:16:40,2.12,10070.84,0.000000
BWD,61,2020-03-13 18:49:40,-90.81,9980.03,0.901712
BWD,62,2020-03-16 01:05:00,15.58,9995.61,0.747008
BWD,63,2020-03-16 18:16:40,5.31,10000.92,0.694282
BWD,64,2020-03-17 13:02:40,4.65,10005.57,0.648109
BWD,65,2020-03-17 14:01:40,2.81,10008.38,0.620206
BWD,66,2020-03-18 09:15:40,1.43,10009.81,0.606007
BWD,67,2020-03-18 09:32:40,1.94,10011.75,0.586744
BWD,68,2020-03-18 09:52:40,1.84,10013.59,0.568473
BWD,69,2020-03-18 11:04:40,5.37,10018.96,0.515151
BWD,70,2020-03-18 12:04:40,3.66,10022.62,0.478808
BWD,71,2020-03-18 12:23:40,6.34,10028.96,0.415854
BWD,72,2020-03-18 12:41:40,3.93,10032.89,0.376831
BWD,73,2020-03-18 13:00:40,6.63,10039.52,0.310997
BWD,74,2020-03-18 20:42:40,5.73,10045.25,0.254100
BWD,75,2020-03-19 06:32:20,2.85,10048.10,0.225800
BWD,76,2020-03-31 15:30:40,1.60,10049.70,0.209913
BWD,77,2020-03-31 20:22:40,2.48,10052.18,0.185287
BWD,78,2020-03-31 20:34:40,2.29,10054.47,0.162549
BWD,79,2020-03-31 21:41:40,2.30,10056.77,0.139710
BWD,80,2020-04-01 07:26:40,0.60,10057.37,0.133752
BWD,81,2020-04-01 16:30:40,2.14,10059.51,0.112503
BWD,82,2020-04-01 16:51:40,3.85,10063.36,0.074274
BWD,83,2020-04-15 10:00:40,1.42,10064.78,0.060174
BWD,84,2020-04-15 10:38:40,1.28,10066.06,0.047464
BWD,85,2020-04-17 09:38:40,2.17,10068.23,0.025916
BWD,86,2020-04-17 13:55:40,2.03,10070.26,0.005759
BWD,87,2020-04-20 02:00:40,1.27,10071.53,0.000000
BWD,88,2020-04-21 13:00:40,1.98,10073.51,0.000000
BWD,89,2020-04-21 13:32:40,2.43,10075.94,0.000000
BWD,90,2020-04-21 16:43:40,3.56,10079.50,0.000000
BWD,91,2020-04-24 19:05:40,1.96,10081.46,0.000000
BWD,92,2020-04-27 10:01:40,1.26,10082.72,0.000000
BWD,93,2020-04-28 12:19:40,2.72,10085.44,0.000000
BWD,94,2020-04-30 15:46:40,1.61,10087.05,0.000000
BWD,95,2020-04-30 19:02:20,2.41,10089.46,0.000000
BWD,96,2020-05-01 18:09:40,1.20,10090.66,0.000000
BWD,97,2020-05-05 10:16:40,1.27,10091.93,0.000000
BWD,98,2020-05-06 16:28:40,1.42,10093.35,0.000000
BWD,99,2020-05-07 09:50:20,0.81,10094.16,0.000000
BWD,100,2020-05-08 16:17:40,1.25,10095.41,0.000000
BWD,101,2020-05-11 13:43:40,1.44,10096.85,0.000000
BWD,102,2020-05-18 16:01:40,1.35,10098.20,0.000000
BWD,103,2020-05-18 16:19:40,2.21,10100.41,0.000000
BWD,104,2020-05-19 17:40:40,0.79,10101.20,0.000000
BWD,105,2020-05-21 06:08:40,0.69,10101.89,0.000000
BWD,106,2020-05-21 09:18:40,1.42,10103.31,0.000000
BWD,107,2020-05-21 17:58:40,1.83,10105.14,0.000000
BWD,108,2020-05-21 18:03:40,1.69,10106.83,0.000000
BWD,109,2020-05-21 18:50:40,1.91,10108.74,0.000000
BWD,110,2020-05-25 09:02:40,1.49,10110.23,0.000000
BWD,111,2020-05-26 13:38:40,0.88,10111.11,0.000000
BWD,112,2020-05-26 18:31:40,1.63,10112.74,0.000000
BWD,113,2020-05-27 07:48:40,0.85,10113.59,0.000000
BWD,114,2020-05-27 15:15:40,1.64,10115.23,0.000000
BWD,115,2020-05-27 16:30:40,1.10,10116.33,0.000000
BWD,116,2020-05-28 21:05:40,1.07,10117.40,0.000000
BWD,117,2020-06-01 14:37:40,1.89,10119.29,0.000000
BWD,118,2020-06-10 22:30:40,-4.74,10114.55,0.046841
BWD,119,2020-06-15 09:03:20,0.96,10115.51,0.037354
BWD,120,2020-06-15 09:29:40,1.13,10116.64,0.026188
BWD,121,2020-06-15 09:31:40,1.07,10117.71,0.015614
BWD,122,2020-06-15 09:51:40,0.84,10118.55,0.007313
BWD,123,2020-06-15 10:31:40,1.44,10119.99,0.000000
BWD,124,2020-06-15 14:58:40,1.42,10121.41,0.000000
BWD,125,2020-06-15 15:45:40,1.21,10122.62,0.000000
BWD,126,2020-06-15 16:04:20,1.64,10124.26,0.000000
BWD,127,2020-06-15 16:45:40,2.17,10126.43,0.000000
BWD,128,2020-06-17 11:46:20,0.83,10127.26,0.000000
BWD,129,2020-06-17 16:00:40,2.20,10129.46,0.000000
BWD,130,2020-06-26 16:30:40,1.38,10130.84,0.000000
BWD,131,2020-06-26 16:50:40,1.33,10132.17,0.000000
BWD,132,2020-06-26 17:06:40,1.12,10133.29,0.000000
BWD,133,2020-06-26 17:21:40,1.94,10135.23,0.000000
BWD,134,2020-06-30 15:00:40,1.19,10136.42,0.000000
BWD,135,2020-07-01 17:01:40,2.43,10138.85,0.000000
BWD,136,2020-07-01 19:22:40,2.11,10140.96,0.000000
BWD,137,2020-07-02 16:00:40,1.03,10141.99,0.000000
BWD,138,2020-07-07 15:20:40,0.80,10142.79,0.000000
BWD,139,2020-07-09 18:54:40,2.12,10144.91,0.000000
BWD,140,2020-07-09 20:49:40,1.36,10146.27,0.000000
BWD,141,2020-07-10 09:01:40,1.35,10147.62,0.000000
BWD,142,2020-07-10 09:18:20,0.53,10148.15,0.000000
BWD,143,2020-07-10 10:17:40,0.53,10148.68,0.000000
BWD,144,2020-07-14 04:00:20,0.64,10149.32,0.000000
BWD,145,2020-07-14 04:17:40,0.42,10149.74,0.000000
BWD,146,2020-07-16 20:29:40,0.98,10150.72,0.000000
BWD,147,2020-07-16 20:46:40,1.15,10151.87,0.000000
BWD,148,2020-07-17 01:02:40,-0.21,10151.66,0.002069
BWD,149,2020-07-28 10:46:20,2.28,10153.94,0.000000
BWD,150,2020-07-28 11:04:40,3.55,10157.49,0.000000
BWD,151,2020-07-29 17:15:40,4.67,10162.16,0.000000
BWD,152,2020-07-30 10:37:40,1.73,10163.89,0.000000
BWD,153,2020-08-07 17:52:40,3.46,10167.35,0.000000
BWD,154,2020-08-07 21:10:40,3.18,10170.53,0.000000
BWD,155,2020-08-11 08:50:20,1.40,10171.93,0.000000
BWD,156,2020-08-11 09:00:40,1.38,10173.31,0.000000
BWD,157,2020-08-11 10:26:40,2.61,10175.92,0.000000
BWD,158,2020-08-11 23:18:40,-90.00,10085.92,0.884441
BWD,159,2020-08-11 23:44:40,3.42,10089.34,0.850832
BWD,160,2020-08-12 05:32:40,4.53,10093.87,0.806315
BWD,161,2020-08-12 07:32:40,4.55,10098.42,0.761602
BWD,162,2020-08-12 23:00:40,2.44,10100.86,0.737624
BWD,163,2020-08-14 20:01:40,2.06,10102.92,0.717380
BWD,164,2020-08-18 17:33:40,3.95,10106.87,0.678563
BWD,165,2020-08-19 08:45:40,1.20,10108.07,0.666770
BWD,166,2020-08-19 18:00:40,3.32,10111.39,0.634144
BWD,167,2020-08-19 18:36:40,4.56,10115.95,0.589332
BWD,168,2020-08-20 06:21:40,-0.25,10115.70,0.591789
BWD,169,2020-08-21 15:02:40,1.83,10117.53,0.573806
BWD,170,2020-08-21 15:18:40,2.21,10119.74,0.552088
BWD,171,2020-08-26 10:35:40,1.27,10121.01,0.539607
BWD,172,2020-08-26 15:59:40,2.20,10123.21,0.517988
BWD,173,2020-08-31 10:55:40,1.40,10124.61,0.504230
BWD,174,2020-08-31 11:00:40,1.29,10125.90,0.491553
BWD,175,2020-08-31 11:59:40,1.41,10127.31,0.477696
BWD,176,2020-09-01 17:53:40,1.90,10129.21,0.459025
BWD,177,2020-09-03 04:49:20,-1.43,10127.78,0.473078
BWD,178,2020-09-03 09:00:40,1.34,10129.12,0.459909
BWD,179,2020-09-03 09:57:20,1.22,10130.34,0.447920
BWD,180,2020-09-04 16:16:40,2.13,10132.47,0.426988
BWD,181,2020-09-08 12:52:40,1.58,10134.05,0.411462
BWD,182,2020-09-08 13:15:40,1.35,10135.40,0.398195
BWD,183,2020-09-08 13:43:40,1.82,10137.22,0.380310
BWD,184,2020-09-15 17:36:40,1.66,10138.88,0.363997
BWD,185,2020-09-15 17:49:20,1.96,10140.84,0.344735
BWD,186,2020-09-17 05:00:40,1.01,10141.85,0.334810
BWD,187,2020-09-17 05:17:40,1.08,10142.93,0.324197
BWD,188,2020-09-17 05:30:40,1.15,10144.08,0.312896
BWD,189,2020-09-17 14:52:40,1.19,10145.27,0.301201
BWD,190,2020-09-18 15:36:40,1.30,10146.57,0.288426
BWD,191,2020-09-21 11:46:40,1.30,10147.87,0.275651
BWD,192,2020-09-23 09:09:40,-59.50,10088.37,0.860364
BWD,193,2020-09-23 09:24:40,2.92,10091.29,0.831669
BWD,194,2020-09-23 09:31:40,1.96,10093.25,0.812408
BWD,195,2020-09-23 09:51:40,1.89,10095.14,0.793835
BWD,196,2020-09-23 17:31:40,2.97,10098.11,0.764648
BWD,197,2020-09-23 18:02:40,2.24,10100.35,0.742636
BWD,198,2020-09-23 19:10:40,2.14,10102.49,0.721606
BWD,199,2020-09-23 21:12:40,2.71,10105.20,0.694974
BWD,200,2020-09-25 13:30:40,1.77,10106.97,0.677580
BWD,201,2020-09-25 14:01:40,2.74,10109.71,0.650654
BWD,202,2020-09-30 06:15:40,1.41,10111.12,0.636797
BWD,203,2020-09-30 09:17:40,1.73,10112.85,0.619797
BWD,204,2020-10-02 08:16:40,2.84,10115.69,0.591888
BWD,205,2020-10-06 19:01:40,1.72,10117.41,0.574985
BWD,206,2020-10-07 10:03:20,0.12,10117.53,0.573806
BWD,207,2020-10-12 12:41:40,0.92,10118.45,0.564765
BWD,208,2020-10-13 08:38:40,0.76,10119.21,0.557296
BWD,209,2020-10-14 16:50:40,0.30,10119.51,0.554348
BWD,210,2020-10-20 05:12:40,1.24,10120.75,0.542162
BWD,211,2020-10-22 09:31:40,0.70,10121.45,0.535283
BWD,212,2020-10-22 15:17:40,2.64,10124.09,0.509340
BWD,213,2020-10-22 15:41:40,1.31,10125.40,0.496466
BWD,214,2020-10-22 15:51:40,1.40,10126.80,0.482708
BWD,215,2020-10-22 16:02:20,1.36,10128.16,0.469343
BWD,216,2020-10-22 16:17:40,1.16,10129.32,0.457944
BWD,217,2020-10-22 16:30:40,1.23,10130.55,0.445856
BWD,218,2020-10-22 16:48:40,1.70,10132.25,0.429150
BWD,219,2020-10-22 17:07:40,1.46,10133.71,0.414803
BWD,220,2020-10-22 20:56:40,2.66,10136.37,0.388663
BWD,221,2020-10-23 17:31:40,1.40,10137.77,0.374905
BWD,222,2020-10-23 18:03:40,1.38,10139.15,0.361343
BWD,223,2020-10-26 02:00:40,0.86,10140.01,0.352892
BWD,224,2020-10-27 14:10:40,0.88,10140.89,0.344244
BWD,225,2020-10-29 15:26:40,-37.96,10102.93,0.717282
BWD,226,2020-10-29 15:31:40,1.28,10104.21,0.704703
BWD,227,2020-10-29 16:32:40,2.48,10106.69,0.680332
BWD,228,2020-11-04 04:46:40,4.40,10111.09,0.637092
BWD,229,2020-11-09 15:45:40,-65.34,10045.75,1.279196
BWD,230,2020-11-09 16:02:20,5.25,10051.00,1.227604
BWD,231,2020-11-09 16:26:40,7.25,10058.25,1.156357
BWD,232,2020-11-10 05:43:40,0.80,10059.05,1.148496
BWD,233,2020-11-10 13:01:40,1.76,10060.81,1.131200
BWD,234,2020-11-11 16:33:40,2.43,10063.24,1.107320
BWD,235,2020-11-16 14:02:40,1.29,10064.53,1.094643
BWD,236,2020-11-16 14:16:40,2.60,10067.13,1.069093
BWD,237,2020-11-16 14:35:40,1.73,10068.86,1.052092
BWD,238,2020-11-16 14:48:40,1.71,10070.57,1.035287
BWD,239,2020-11-17 22:45:40,2.08,10072.65,1.014847
BWD,240,2020-11-18 14:19:40,1.53,10074.18,0.999811
BWD,241,2020-11-19 09:34:40,0.93,10075.11,0.990672
BWD,242,2020-11-19 10:15:40,1.14,10076.25,0.979469
BWD,243,2020-11-19 11:06:40,1.02,10077.27,0.969446
BWD,244,2020-11-23 14:01:40,1.56,10078.83,0.954115
BWD,245,2020-12-03 10:00:40,-8.24,10070.59,1.035091
BWD,246,2020-12-07 11:06:40,1.28,10071.87,1.022512
BWD,247,2020-12-07 11:23:40,1.42,10073.29,1.008557
BWD,248,2020-12-09 08:23:40,0.86,10074.15,1.000106
BWD,249,2020-12-09 17:01:40,3.01,10077.16,0.970526
BWD,250,2020-12-09 17:33:40,2.22,10079.38,0.948710
BWD,251,2020-12-09 22:53:40,2.16,10081.54,0.927484
BWD,252,2020-12-10 11:15:40,1.25,10082.79,0.915200
BWD,253,2020-12-11 13:33:40,1.29,10084.08,0.902523
BWD,254,2020-12-14 11:25:40,0.90,10084.98,0.893678
BWD,255,2020-12-14 12:30:40,1.49,10086.47,0.879036
BWD,256,2020-12-21 12:15:40,3.29,10089.76,0.846705
BWD,257,2020-12-21 12:36:40,2.71,10092.47,0.820073
BWD,258,2020-12-21 13:01:40,3.86,10096.33,0.782141
BWD,259,2020-12-22 09:02:20,1.02,10097.35,0.772117
BWD,260,2020-12-22 09:15:40,1.08,10098.43,0.761504
BWD,261,2020-12-22 09:31:40,1.41,10099.84,0.747647
BWD,262,2020-12-22 18:06:40,2.36,10102.20,0.724455
BWD,263,2020-12-28 14:23:40,1.64,10103.84,0.708339
BWD,264,2021-01-06 14:45:40,6.30,10110.14,0.646428
BWD,265,2021-01-07 08:38:40,-1.02,10109.12,0.656452
BWD,266,2021-01-08 10:15:40,1.84,10110.96,0.638370
BWD,267,2021-01-08 10:33:40,2.25,10113.21,0.616259
BWD,268,2021-01-08 13:45:00,1.57,10114.78,0.600830
BWD,269,2021-01-08 15:19:20,1.54,10116.32,0.585696
BWD,270,2021-01-08 15:45:40,2.41,10118.73,0.562013
BWD,271,2021-01-20 17:18:40,-5.84,10112.89,0.619403
BWD,272,2021-01-21 16:07:40,1.41,10114.30,0.605547
BWD,273,2021-01-22 05:01:40,1.04,10115.34,0.595327
BWD,274,2021-01-22 05:25:40,0.86,10116.20,0.586876
BWD,275,2021-01-22 08:35:40,0.65,10116.85,0.580488
BWD,276,2021-01-22 17:57:20,1.59,10118.44,0.564863
BWD,277,2021-01-25 18:16:40,2.69,10121.13,0.538428
BWD,278,2021-01-26 09:46:40,0.95,10122.08,0.529092
BWD,279,2021-01-27 13:53:40,1.95,10124.03,0.509929
BWD,280,2021-01-27 14:17:40,1.56,10125.59,0.494599
BWD,281,2021-01-29 23:01:40,1.94,10127.53,0.475534
BWD,282,2021-02-02 09:30:40,1.06,10128.59,0.465118
BWD,283,2021-02-02 15:32:40,1.87,10130.46,0.446741
BWD,284,2021-02-02 15:54:40,1.89,10132.35,0.428168
BWD,285,2021-02-04 16:13:40,-31.76,10100.59,0.740277
BWD,286,2021-02-04 16:15:40,1.45,10102.04,0.726028
BWD,287,2021-02-05 01:01:00,-0.16,10101.88,0.727600
BWD,288,2021-02-17 17:58:40,-61.89,10039.99,1.335801
BWD,289,2021-02-17 18:18:40,2.54,10042.53,1.310840
BWD,290,2021-02-19 02:58:40,0.92,10043.45,1.301799
BWD,291,2021-02-19 03:15:40,1.56,10045.01,1.286468
BWD,292,2021-02-19 03:36:40,1.75,10046.76,1.269271
BWD,293,2021-02-24 18:38:40,2.18,10048.94,1.247848
BWD,294,2021-02-25 16:19:40,2.13,10051.07,1.226916
BWD,295,2021-02-26 08:07:40,1.23,10052.30,1.214829
BWD,296,2021-02-26 09:46:40,1.71,10054.01,1.198024
BWD,297,2021-03-01 01:05:40,0.36,10054.37,1.194487
BWD,298,2021-03-01 15:36:40,1.47,10055.84,1.180041
BWD,299,2021-03-02 12:41:40,0.97,10056.81,1.170508
BWD,300,2021-03-03 11:16:40,1.15,10057.96,1.159207
BWD,301,2021-03-03 15:15:40,1.96,10059.92,1.139946
BWD,302,2021-03-03 15:34:40,1.46,10061.38,1.125598
BWD,303,2021-03-03 15:47:40,1.52,10062.90,1.110661
BWD,304,2021-03-03 16:03:40,1.97,10064.87,1.091302
BWD,305,2021-03-03 16:18:40,1.45,10066.32,1.077052
BWD,306,2021-03-03 16:45:40,2.38,10068.70,1.053664
BWD,307,2021-03-03 17:00:20,3.28,10071.98,1.021431
BWD,308,2021-03-03 17:20:40,2.87,10074.85,0.993227
BWD,309,2021-03-03 17:46:40,3.46,10078.31,0.959225
BWD,310,2021-03-04 20:03:40,3.72,10082.03,0.922668
BWD,311,2021-03-04 20:28:40,2.14,10084.17,0.901638
BWD,312,2021-03-04 23:31:40,1.61,10085.78,0.885817
BWD,313,2021-03-08 09:59:40,0.96,10086.74,0.876383
BWD,314,2021-03-09 09:50:40,-0.09,10086.65,0.877267
BWD,315,2021-03-11 16:45:40,2.11,10088.76,0.856532
BWD,316,2021-03-12 08:20:40,0.79,10089.55,0.848768
BWD,317,2021-03-12 18:41:40,2.45,10092.00,0.824692
BWD,318,2021-03-16 10:35:40,0.74,10092.74,0.817420
BWD,319,2021-03-17 14:33:40,0.78,10093.52,0.809755
BWD,320,2021-03-18 10:45:40,1.75,10095.27,0.792557
BWD,321,2021-03-18 11:57:40,1.12,10096.39,0.781551
BWD,322,2021-03-18 12:16:40,1.50,10097.89,0.766810
BWD,323,2021-03-18 13:35:20,1.40,10099.29,0.753052
BWD,324,2021-03-18 19:13:40,2.13,10101.42,0.732121
BWD,325,2021-03-22 10:17:40,1.17,10102.59,0.720623
BWD,326,2021-03-22 11:12:40,1.01,10103.60,0.710697
BWD,327,2021-03-23 05:40:40,0.56,10104.16,0.705194
BWD,328,2021-03-24 05:03:20,-0.26,10103.90,0.707749
BWD,329,2021-03-25 15:46:40,1.14,10105.04,0.696546
BWD,330,2021-03-29 19:03:40,1.87,10106.91,0.678170
BWD,331,2021-03-30 06:20:20,0.74,10107.65,0.670898
BWD,332,2021-03-30 11:06:40,1.44,10109.09,0.656747
BWD,333,2021-03-31 16:51:40,0.25,10109.34,0.654290
BWD,334,2021-04-07 05:02:40,0.67,10110.01,0.647706
BWD,335,2021-04-07 05:17:40,0.58,10110.59,0.642006
BWD,336,2021-04-07 05:31:40,0.71,10111.30,0.635029
BWD,337,2021-04-07 06:13:40,0.91,10112.21,0.626086
BWD,338,2021-04-09 09:51:40,0.79,10113.00,0.618322
BWD,339,2021-04-09 10:24:40,0.77,10113.77,0.610756
BWD,340,2021-04-09 10:56:40,0.74,10114.51,0.603484
BWD,341,2021-04-09 11:34:40,1.26,10115.77,0.591101
BWD,342,2021-04-09 15:33:40,1.54,10117.31,0.575968
BWD,343,2021-04-09 15:58:40,0.85,10118.16,0.567615
BWD,344,2021-04-09 16:45:40,1.15,10119.31,0.556313
BWD,345,2021-04-12 05:24:40,0.76,10120.07,0.548845
BWD,346,2021-04-12 17:11:40,1.44,10121.51,0.534694
BWD,347,2021-04-12 17:16:40,1.16,10122.67,0.523294
BWD,348,2021-04-12 17:47:40,1.50,10124.17,0.508554
BWD,349,2021-04-12 21:31:40,0.84,10125.01,0.500299
BWD,350,2021-04-12 21:47:40,0.98,10125.99,0.490668
BWD,351,2021-04-13 08:57:40,0.59,10126.58,0.484870
BWD,352,2021-04-13 10:00:40,0.98,10127.56,0.475240
BWD,353,2021-04-14 17:32:40,1.71,10129.27,0.458435
BWD,354,2021-04-19 16:54:20,1.20,10130.47,0.446643
BWD,355,2021-04-23 17:56:40,1.46,10131.93,0.432295
BWD,356,2021-04-23 18:06:20,1.42,10133.35,0.418341
BWD,357,2021-04-26 15:40:40,1.70,10135.05,0.401634
BWD,358,2021-04-27 05:01:40,1.18,10136.23,0.390038
BWD,359,2021-04-28 03:15:20,0.36,10136.59,0.386501
BWD,360,2021-04-28 16:59:40,1.27,10137.86,0.374020
BWD,361,2021-04-29 10:21:40,1.42,10139.28,0.360066
BWD,362,2021-04-29 14:04:40,0.86,10140.14,0.351614
BWD,363,2021-04-29 17:00:40,1.98,10142.12,0.332157
BWD,364,2021-05-04 08:57:40,0.46,10142.58,0.327636
BWD,365,2021-05-11 16:00:40,0.97,10143.55,0.318104
BWD,366,2021-05-11 16:51:40,1.50,10145.05,0.303363
BWD,367,2021-05-12 08:16:40,0.63,10145.68,0.297172
BWD,368,2021-05-13 01:25:40,-1.50,10144.18,0.311913
BWD,369,2021-05-19 12:31:40,1.19,10145.37,0.300219
BWD,370,2021-05-19 15:07:40,1.43,10146.80,0.286166
BWD,371,2021-05-24 12:15:40,0.73,10147.53,0.278992
BWD,372,2021-05-25 03:41:40,0.68,10148.21,0.272310
BWD,373,2021-05-25 04:33:40,1.14,10149.35,0.261107
BWD,374,2021-05-25 04:49:40,0.82,10150.17,0.253048
BWD,375,2021-05-25 05:20:40,0.81,10150.98,0.245088
BWD,376,2021-05-28 11:04:40,0.74,10151.72,0.237816
BWD,377,2021-05-28 15:16:40,0.89,10152.61,0.229070
BWD,378,2021-06-01 17:27:40,1.37,10153.98,0.215607
BWD,379,2021-06-01 18:06:40,1.47,10155.45,0.201161
BWD,380,2021-06-03 08:56:40,0.47,10155.92,0.196542
BWD,381,2021-06-03 09:17:40,0.56,10156.48,0.191039
BWD,382,2021-06-03 16:33:40,-24.61,10131.87,0.432885
BWD,383,2021-06-03 17:05:40,2.66,10134.53,0.406745
BWD,384,2021-06-03 17:35:40,1.81,10136.34,0.388957
BWD,385,2021-06-03 21:15:00,0.68,10137.02,0.382275
BWD,386,2021-06-04 05:00:40,1.18,10138.20,0.370679
BWD,387,2021-06-04 05:30:40,1.33,10139.53,0.357609
BWD,388,2021-06-07 05:16:40,0.54,10140.07,0.352302
BWD,389,2021-06-08 11:20:40,0.96,10141.03,0.342868
BWD,390,2021-06-09 10:15:40,0.73,10141.76,0.335694
BWD,391,2021-06-09 12:16:40,0.99,10142.75,0.325966
BWD,392,2021-06-10 11:04:40,1.22,10143.97,0.313977
BWD,393,2021-06-11 11:33:20,0.69,10144.66,0.307196
BWD,394,2021-06-11 12:35:40,1.03,10145.69,0.297074
BWD,395,2021-06-14 15:09:40,-41.44,10104.25,0.704310
BWD,396,2021-06-14 15:24:40,1.05,10105.30,0.693991
BWD,397,2021-06-14 15:32:40,1.07,10106.37,0.683476
BWD,398,2021-06-14 16:04:40,1.46,10107.83,0.669129
BWD,399,2021-06-14 16:18:40,1.44,10109.27,0.654978
BWD,400,2021-06-14 16:33:40,1.23,10110.50,0.642890
BWD,401,2021-06-15 04:45:40,0.66,10111.16,0.636404
BWD,402,2021-06-15 21:01:40,0.82,10111.98,0.628346
BWD,403,2021-06-16 21:22:40,1.20,10113.18,0.616554
BWD,404,2021-06-16 21:31:40,1.81,10114.99,0.598766
BWD,405,2021-06-16 21:54:40,2.46,10117.45,0.574592
BWD,406,2021-06-16 22:01:40,2.15,10119.60,0.553463
BWD,407,2021-06-16 22:20:40,1.75,10121.35,0.536266
BWD,408,2021-08-09 01:47:40,-133.66,9987.69,1.849759
BWD,409,2021-08-09 02:02:40,6.23,9993.92,1.788536
BWD,410,2021-08-09 02:28:40,3.78,9997.70,1.751390
BWD,411,2021-08-09 02:31:40,6.11,10003.81,1.691346
BWD,412,2021-08-10 13:37:00,0.78,10004.59,1.683681
BWD,413,2021-08-10 17:01:40,1.26,10005.85,1.671299
BWD,414,2021-08-10 17:15:40,2.54,10008.39,1.646338
BWD,415,2021-08-17 17:20:40,1.40,10009.79,1.632580
BWD,416,2021-08-18 14:31:40,0.89,10010.68,1.623834
BWD,417,2021-08-18 18:30:40,1.17,10011.85,1.612336
BWD,418,2021-08-19 06:16:40,0.94,10012.79,1.603098
BWD,419,2021-08-19 06:34:40,0.84,10013.63,1.594844
BWD,420,2021-08-23 02:31:20,0.39,10014.02,1.591011
BWD,421,2021-08-25 03:45:20,0.52,10014.54,1.585901
BWD,422,2021-08-25 04:00:40,0.60,10015.14,1.580005
BWD,423,2021-08-25 04:24:40,0.51,10015.65,1.574993
BWD,424,2021-08-25 04:34:40,0.62,10016.27,1.568900
BWD,425,2021-08-25 05:38:20,0.63,10016.90,1.562709
BWD,426,2021-08-25 18:06:40,1.56,10018.46,1.547379
BWD,427,2021-08-26 10:29:40,0.48,10018.94,1.542661
BWD,428,2021-08-30 21:49:40,0.44,10019.38,1.538338
BWD,429,2021-08-31 16:16:40,1.22,10020.60,1.526348
BWD,430,2021-09-07 17:04:40,-20.39,10000.21,1.726723
BWD,431,2021-09-08 10:34:40,-0.22,9999.99,1.728885
BWD,432,2021-09-08 17:22:20,1.52,10001.51,1.713948
BWD,433,2021-09-08 17:40:40,2.39,10003.90,1.690461
BWD,434,2021-09-08 17:58:40,1.87,10005.77,1.672085
BWD,435,2021-09-10 14:03:40,0.94,10006.71,1.662847
BWD,436,2021-09-14 04:16:40,0.52,10007.23,1.657737
BWD,437,2021-09-15 18:37:20,1.46,10008.69,1.643389
BWD,438,2021-09-16 15:35:40,-23.89,9984.80,1.878159
BWD,439,2021-09-17 09:15:40,-0.41,9984.39,1.882189
BWD,440,2021-09-17 16:48:40,3.26,9987.65,1.850152
BWD,441,2021-09-17 17:00:40,2.73,9990.38,1.823324
BWD,442,2021-09-17 17:32:40,1.49,9991.87,1.808682
BWD,443,2021-09-20 05:38:40,0.74,9992.61,1.801410
BWD,444,2021-09-23 04:19:40,0.81,9993.42,1.793450
BWD,445,2021-09-27 04:52:40,-0.93,9992.49,1.802589
BWD,446,2021-09-27 13:36:40,0.84,9993.33,1.794334
BWD,447,2021-09-28 09:30:40,0.58,9993.91,1.788634
BWD,448,2021-09-28 09:47:40,0.68,9994.59,1.781952
BWD,449,2021-09-28 10:00:40,0.69,9995.28,1.775171
BWD,450,2021-09-28 10:17:40,1.19,9996.47,1.763477
BWD,451,2021-09-28 13:16:40,1.42,9997.89,1.749522
BWD,452,2021-09-28 15:21:00,0.94,9998.83,1.740285
BWD,453,2021-09-28 15:59:40,1.40,10000.23,1.726527
BWD,454,2021-09-28 16:01:40,2.38,10002.61,1.703138
BWD,455,2021-09-29 18:06:40,1.30,10003.91,1.690363
BWD,456,2021-09-30 01:51:40,-1.58,10002.33,1.705890
BWD,457,2021-10-04 15:37:40,0.96,10003.29,1.696456
BWD,458,2021-10-05 20:43:40,1.10,10004.39,1.685646
BWD,459,2021-10-06 08:06:40,0.59,10004.98,1.679848
BWD,460,2021-10-07 05:51:40,0.46,10005.44,1.675328
BWD,461,2021-10-07 06:20:40,0.43,10005.87,1.671102
BWD,462,2021-10-07 16:16:40,0.97,10006.84,1.661570
BWD,463,2021-10-15 09:02:40,0.53,10007.37,1.656361
BWD,464,2021-10-15 09:35:40,0.40,10007.77,1.652430
BWD,465,2021-10-15 10:00:20,0.66,10008.43,1.645945
BWD,466,2021-10-15 10:16:20,0.60,10009.03,1.640048
BWD,467,2021-10-15 15:52:40,-22.94,9986.09,1.865482
BWD,468,2021-10-15 16:01:40,1.46,9987.55,1.851135
BWD,469,2021-10-15 16:18:40,1.82,9989.37,1.833249
BWD,470,2021-10-15 16:44:40,1.61,9990.98,1.817428
BWD,471,2021-10-15 16:45:40,1.46,9992.44,1.803080
BWD,472,2021-10-15 19:45:40,1.35,9993.79,1.789814
BWD,473,2021-10-18 01:49:40,0.53,9994.32,1.784605
BWD,474,2021-10-18 09:18:40,0.74,9995.06,1.777333
BWD,475,2021-10-21 14:31:40,2.04,9997.10,1.757286
BWD,476,2021-10-26 15:30:40,1.18,9998.28,1.745690
BWD,477,2021-10-26 15:47:40,1.58,9999.86,1.730163
BWD,478,2021-10-26 16:48:40,1.40,10001.26,1.716405
BWD,479,2021-10-26 19:06:40,1.55,10002.81,1.701173
BWD,480,2021-10-27 05:18:40,0.52,10003.33,1.696063
BWD,481,2021-10-29 08:19:40,0.53,10003.86,1.690854
BWD,482,2021-10-29 15:22:00,0.83,10004.69,1.682698
BWD,483,2021-10-29 15:30:40,1.60,10006.29,1.666975
BWD,484,2021-10-29 15:45:40,2.26,10008.55,1.644765
BWD,485,2021-10-29 16:09:40,2.71,10011.26,1.618134
BWD,486,2021-10-29 16:18:40,1.70,10012.96,1.601428
BWD,487,2021-10-29 17:09:40,2.92,10015.88,1.572732
BWD,488,2021-10-29 20:09:40,1.34,10017.22,1.559564
BWD,489,2021-11-03 03:32:40,0.86,10018.08,1.551113
BWD,490,2021-11-03 15:46:40,1.10,10019.18,1.540303
BWD,491,2021-11-03 16:01:40,0.87,10020.05,1.531753
BWD,492,2021-11-03 16:16:40,1.10,10021.15,1.520944
BWD,493,2021-11-03 16:34:40,1.22,10022.37,1.508954
BWD,494,2021-11-03 21:00:40,2.75,10025.12,1.481930
BWD,495,2021-11-12 06:50:40,0.49,10025.61,1.477115
BWD,496,2021-11-12 10:32:40,0.75,10026.36,1.469744
BWD,497,2021-11-12 11:20:40,0.85,10027.21,1.461391
BWD,498,2021-11-12 14:07:40,1.02,10028.23,1.451368
BWD,499,2021-11-16 18:51:40,1.70,10029.93,1.434661
BWD,500,2021-11-17 03:20:40,-0.25,10029.68,1.437118
BWD,501,2021-11-19 11:26:40,2.63,10032.31,1.411273
BWD,502,2021-11-19 19:45:40,1.65,10033.96,1.395058
BWD,503,2021-11-22 01:31:20,0.64,10034.60,1.388769
BWD,504,2021-11-22 12:45:40,0.91,10035.51,1.379826
BWD,505,2021-12-02 16:55:40,-74.23,9961.28,2.109293
BWD,506,2021-12-02 17:02:40,3.79,9965.07,2.072049
BWD,507,2021-12-07 15:52:40,0.93,9966.00,2.062909
BWD,508,2021-12-08 16:46:40,2.71,9968.71,2.036278
BWD,509,2021-12-09 14:34:40,1.52,9970.23,2.021341
BWD,510,2021-12-10 08:39:40,0.67,9970.90,2.014756
BWD,511,2021-12-10 11:40:20,0.68,9971.58,2.008074
BWD,512,2021-12-14 10:40:40,0.68,9972.26,2.001392
BWD,513,2021-12-14 15:30:40,1.57,9973.83,1.985963
BWD,514,2021-12-14 16:55:40,2.05,9975.88,1.965817
BWD,515,2021-12-15 21:04:40,1.13,9977.01,1.954713
BWD,516,2021-12-17 23:00:40,0.70,9977.71,1.947834
BWD,517,2021-12-21 17:46:40,1.09,9978.80,1.937122
BWD,518,2021-12-21 18:17:40,1.24,9980.04,1.924937
BWD,519,2021-12-21 18:42:40,0.99,9981.03,1.915208
BWD,520,2021-12-27 11:47:40,0.59,9981.62,1.909410
BWD,521,2021-12-29 10:17:40,0.65,9982.27,1.903022
BWD,522,2021-12-29 10:36:20,0.42,9982.69,1.898895
BWD,523,2021-12-29 18:03:40,1.65,9984.34,1.882680
BWD,524,2021-12-30 10:10:40,0.43,9984.77,1.878454
BWD,525,2022-01-04 17:43:20,0.48,9985.25,1.873737
BWD,526,2022-01-11 18:10:40,-3.70,9981.55,1.910098
BWD,527,2022-01-13 11:16:40,0.76,9982.31,1.902629
BWD,528,2022-01-13 18:49:40,1.59,9983.90,1.887004
BWD,529,2022-01-18 06:02:40,0.75,9984.65,1.879633
BWD,530,2022-01-18 13:10:40,0.90,9985.55,1.870789
BWD,531,2022-01-21 12:05:40,1.42,9986.97,1.856835
BWD,532,2022-01-26 10:00:40,0.52,9987.49,1.851724
BWD,533,2022-01-26 16:31:40,2.01,9989.50,1.831972
BWD,534,2022-01-26 16:45:40,1.79,9991.29,1.814381
BWD,535,2022-01-26 21:00:40,0.81,9992.10,1.806421
BWD,536,2022-01-26 21:51:40,2.45,9994.55,1.782345
BWD,537,2022-01-27 01:35:40,-0.75,9993.80,1.789715
BWD,538,2022-01-27 08:10:40,0.56,9994.36,1.784212
BWD,539,2022-01-27 09:04:40,0.74,9995.10,1.776940
BWD,540,2022-01-27 16:35:40,1.82,9996.92,1.759055
BWD,541,2022-01-27 19:05:40,2.15,9999.07,1.737926
BWD,542,2022-01-31 13:54:40,0.34,9999.41,1.734585
BWD,543,2022-02-03 17:14:40,2.49,10001.90,1.710116
BWD,544,2022-02-04 15:46:40,1.50,10003.40,1.695375
BWD,545,2022-02-04 16:04:40,1.12,10004.52,1.684369
BWD,546,2022-02-08 09:47:40,0.45,10004.97,1.679946
BWD,547,2022-02-10 10:48:40,0.60,10005.57,1.674050
BWD,548,2022-02-10 16:32:40,1.37,10006.94,1.660587
BWD,549,2022-02-10 23:44:40,0.88,10007.82,1.651939
BWD,550,2022-02-15 10:15:40,1.16,10008.98,1.640540
BWD,551,2022-02-15 10:31:40,1.36,10010.34,1.627175
BWD,552,2022-02-16 18:35:40,0.63,10010.97,1.620984
BWD,553,2022-02-18 04:30:40,1.19,10012.16,1.609289
BWD,554,2022-02-21 09:02:40,0.97,10013.13,1.599757
BWD,555,2022-02-22 11:00:40,1.69,10014.82,1.583149
BWD,556,2022-02-22 13:35:40,1.82,10016.64,1.565264
BWD,557,2022-02-22 14:03:20,1.33,10017.97,1.552194
BWD,558,2022-02-23 07:38:40,0.53,10018.50,1.546985
BWD,559,2022-02-24 17:31:40,4.18,10022.68,1.505908
BWD,560,2022-02-24 21:15:40,2.16,10024.84,1.484681
BWD,561,2022-02-24 21:32:20,2.51,10027.35,1.460015
BWD,562,2022-02-24 21:48:40,3.85,10031.20,1.422181
BWD,563,2022-02-24 22:25:40,2.68,10033.88,1.395844
BWD,564,2022-02-24 22:58:40,3.39,10037.27,1.362530
BWD,565,2022-02-25 13:46:40,2.10,10039.37,1.341893
BWD,566,2022-02-25 16:14:40,2.59,10041.96,1.316441
BWD,567,2022-02-28 19:30:40,2.87,10044.83,1.288237
BWD,568,2022-03-02 12:30:40,4.36,10049.19,1.245391
BWD,569,2022-03-07 15:56:40,7.24,10056.43,1.174243
BWD,570,2022-03-09 11:31:40,3.72,10060.15,1.137686
BWD,571,2022-03-09 11:46:40,2.68,10062.83,1.111349
BWD,572,2022-03-09 14:40:40,3.33,10066.16,1.078625
BWD,573,2022-03-09 18:12:40,3.94,10070.10,1.039906
BWD,574,2022-03-10 05:47:40,1.68,10071.78,1.023396
BWD,575,2022-03-11 07:48:40,1.78,10073.56,1.005904
BWD,576,2022-03-11 08:06:40,1.68,10075.24,0.989395
BWD,577,2022-03-11 13:48:40,4.50,10079.74,0.945173
BWD,578,2022-03-11 14:19:40,2.61,10082.35,0.919524
BWD,579,2022-03-11 14:56:20,2.43,10084.78,0.895644
BWD,580,2022-03-14 14:45:40,2.50,10087.28,0.871076
BWD,581,2022-03-15 04:31:40,1.45,10088.73,0.856827
BWD,582,2022-03-15 05:01:40,1.21,10089.94,0.844936
BWD,583,2022-03-17 06:19:40,-1.72,10088.22,0.861839
BWD,584,2022-03-18 06:31:40,1.28,10089.50,0.849260
BWD,585,2022-03-18 23:08:40,1.13,10090.63,0.838155
BWD,586,2022-03-18 23:45:40,1.26,10091.89,0.825773
BWD,587,2022-03-22 11:16:40,1.77,10093.66,0.808379
BWD,588,2022-03-22 12:45:40,1.06,10094.72,0.797962
BWD,589,2022-03-22 17:21:40,1.45,10096.17,0.783713
BWD,590,2022-03-22 17:35:20,1.58,10097.75,0.768186
BWD,591,2022-03-22 17:46:40,1.89,10099.64,0.749613
BWD,592,2022-03-22 18:40:40,1.94,10101.58,0.730548
BWD,593,2022-03-25 10:40:40,0.83,10102.41,0.722392
BWD,594,2022-03-28 05:00:40,0.89,10103.30,0.713646
BWD,595,2022-03-28 07:49:40,0.97,10104.27,0.704113
BWD,596,2022-03-28 15:19:40,2.07,10106.34,0.683771
BWD,597,2022-03-28 23:24:40,1.41,10107.75,0.669915
BWD,598,2022-03-29 21:07:40,1.41,10109.16,0.656059
BWD,599,2022-03-31 08:59:40,1.68,10110.84,0.639549
BWD,600,2022-04-01 10:22:40,0.92,10111.76,0.630508
BWD,601,2022-04-01 14:20:20,1.02,10112.78,0.620484
BWD,602,2022-04-11 20:00:40,1.73,10114.51,0.603484
BWD,603,2022-04-18 21:56:20,1.07,10115.58,0.592968
BWD,604,2022-04-25 13:37:40,-60.46,10055.12,1.187116
BWD,605,2022-04-25 14:26:40,2.30,10057.42,1.164514
BWD,606,2022-04-25 15:02:40,1.28,10058.70,1.151935
BWD,607,2022-04-26 07:40:40,-0.02,10058.68,1.152132
BWD,608,2022-04-28 08:48:40,0.91,10059.59,1.143189
BWD,609,2022-04-28 09:03:40,1.06,10060.65,1.132772
BWD,610,2022-04-29 23:29:40,0.99,10061.64,1.123043
BWD,611,2022-05-02 16:33:40,-36.05,10025.59,1.477311
BWD,612,2022-05-02 17:01:40,2.51,10028.10,1.452645
BWD,613,2022-05-02 17:27:40,2.71,10030.81,1.426014
BWD,614,2022-05-05 18:18:20,1.89,10032.70,1.407440
BWD,615,2022-05-05 18:33:40,2.41,10035.11,1.383757
BWD,616,2022-05-05 19:29:40,2.16,10037.27,1.362530
BWD,617,2022-05-05 20:05:40,1.94,10039.21,1.343466
BWD,618,2022-05-06 04:50:40,0.82,10040.03,1.335408
BWD,619,2022-05-09 10:30:40,1.13,10041.16,1.324303
BWD,620,2022-05-09 10:46:40,0.98,10042.14,1.314672
BWD,621,2022-05-09 12:06:20,1.49,10043.63,1.300030
BWD,622,2022-05-09 15:27:20,1.73,10045.36,1.283029
BWD,623,2022-05-11 10:21:40,0.23,10045.59,1.280769
BWD,624,2022-05-13 06:19:40,-0.07,10045.52,1.281457
BWD,625,2022-05-13 13:53:40,1.11,10046.63,1.270549
BWD,626,2022-05-13 15:11:40,1.63,10048.26,1.254530
BWD,627,2022-05-13 17:03:40,1.59,10049.85,1.238905
BWD,628,2022-05-16 10:45:40,2.95,10052.80,1.209915
BWD,629,2022-05-16 11:00:40,2.36,10055.16,1.186723
BWD,630,2022-05-17 21:45:40,1.59,10056.75,1.171098
BWD,631,2022-05-17 22:33:40,1.10,10057.85,1.160288
BWD,632,2022-05-17 23:39:40,1.02,10058.87,1.150265
BWD,633,2022-05-18 07:09:40,0.72,10059.59,1.143189
BWD,634,2022-05-20 17:45:40,1.73,10061.32,1.126188
BWD,635,2022-05-23 20:29:40,0.88,10062.20,1.117540
BWD,636,2022-05-24 05:03:40,0.44,10062.64,1.113216
BWD,637,2022-05-25 09:31:40,0.68,10063.32,1.106534
BWD,638,2022-05-25 19:11:40,1.14,10064.46,1.095331
BWD,639,2022-05-25 19:46:40,1.03,10065.49,1.085209
BWD,640,2022-05-26 08:07:40,0.80,10066.29,1.077347
BWD,641,2022-05-26 09:33:40,0.88,10067.17,1.068699
BWD,642,2022-05-30 02:18:40,0.42,10067.59,1.064572
BWD,643,2022-05-31 03:32:40,0.61,10068.20,1.058578
BWD,644,2022-05-31 05:08:40,0.65,10068.85,1.052190
BWD,645,2022-05-31 23:21:40,0.82,10069.67,1.044132
BWD,646,2022-06-01 08:40:40,0.98,10070.65,1.034501
BWD,647,2022-06-06 04:19:40,-0.22,10070.43,1.036663
BWD,648,2022-06-06 18:38:40,1.09,10071.52,1.025951
BWD,649,2022-06-06 20:38:40,1.26,10072.78,1.013569
BWD,650,2022-06-07 02:51:40,0.44,10073.22,1.009245
BWD,651,2022-06-10 15:39:40,5.78,10079.00,0.952445
BWD,652,2022-06-13 10:47:40,1.01,10080.01,0.942519
BWD,653,2022-06-13 11:50:40,1.51,10081.52,0.927680
BWD,654,2022-06-13 12:03:40,2.20,10083.72,0.906061
BWD,655,2022-06-16 19:54:40,-2.21,10081.51,0.927779
BWD,656,2022-06-21 09:21:20,0.49,10082.00,0.922963
BWD,657,2022-06-21 10:00:40,0.86,10082.86,0.914512
BWD,658,2022-06-21 10:15:40,0.89,10083.75,0.905766
BWD,659,2022-06-21 10:30:40,0.66,10084.41,0.899280
BWD,660,2022-06-23 14:46:40,0.81,10085.22,0.891320
BWD,661,2022-06-23 21:53:40,1.41,10086.63,0.877464
BWD,662,2022-06-28 09:08:40,-0.05,10086.58,0.877955
BWD,663,2022-06-29 09:49:40,1.30,10087.88,0.865180
BWD,664,2022-06-30 14:50:40,2.21,10090.09,0.843462
BWD,665,2022-06-30 15:07:20,1.07,10091.16,0.832947
BWD,666,2022-06-30 15:30:40,2.34,10093.50,0.809951
BWD,667,2022-07-01 08:46:40,1.42,10094.92,0.795997
BWD,668,2022-07-01 10:24:40,2.21,10097.13,0.774279
BWD,669,2022-07-01 13:47:40,1.21,10098.34,0.762388
BWD,670,2022-07-01 14:00:40,1.56,10099.90,0.747058
BWD,671,2022-07-01 14:45:40,2.66,10102.56,0.720918
BWD,672,2022-07-05 12:20:40,1.54,10104.10,0.705784
BWD,673,2022-07-05 14:31:40,0.85,10104.95,0.697431
BWD,674,2022-07-05 14:46:20,1.03,10105.98,0.687309
BWD,675,2022-07-05 15:09:40,1.18,10107.16,0.675713
BWD,676,2022-07-05 16:19:40,1.67,10108.83,0.659302
BWD,677,2022-07-05 16:31:20,1.24,10110.07,0.647116
BWD,678,2022-07-05 16:45:40,1.47,10111.54,0.632670
BWD,679,2022-07-13 15:33:40,-73.52,10038.02,1.355160
BWD,680,2022-07-13 15:45:40,2.52,10040.54,1.330396
BWD,681,2022-07-13 16:04:40,3.68,10044.22,1.294232
BWD,682,2022-07-18 12:30:40,0.62,10044.84,1.288139
BWD,683,2022-07-20 09:21:40,0.71,10045.55,1.281162
BWD,684,2022-07-20 21:00:40,0.86,10046.41,1.272710
BWD,685,2022-07-20 21:18:40,0.92,10047.33,1.263670
BWD,686,2022-07-21 15:41:40,-1.24,10046.09,1.275855
BWD,687,2022-07-25 17:18:40,1.17,10047.26,1.264357
BWD,688,2022-07-25 18:03:40,1.18,10048.44,1.252761
BWD,689,2022-07-27 17:16:40,1.41,10049.85,1.238905
BWD,690,2022-07-27 17:42:40,1.13,10050.98,1.227801
BWD,691,2022-08-03 06:14:40,0.18,10051.16,1.226032
BWD,692,2022-08-05 17:02:40,1.90,10053.06,1.207360
BWD,693,2022-08-09 05:22:20,0.49,10053.55,1.202545
BWD,694,2022-08-10 08:35:40,0.38,10053.93,1.198811
BWD,695,2022-08-11 06:00:40,0.54,10054.47,1.193504
BWD,696,2022-08-15 09:19:40,0.53,10055.00,1.188296
BWD,697,2022-08-17 14:17:40,-23.86,10031.14,1.422771
BWD,698,2022-08-17 14:31:40,0.71,10031.85,1.415793
BWD,699,2022-08-17 14:52:40,1.06,10032.91,1.405377
BWD,700,2022-08-17 19:51:40,1.04,10033.95,1.395156
BWD,701,2022-08-18 20:42:40,0.78,10034.73,1.387491
BWD,702,2022-08-23 04:58:40,-0.33,10034.40,1.390734
BWD,703,2022-08-25 17:01:40,1.78,10036.18,1.373242
BWD,704,2022-08-26 05:03:40,0.50,10036.68,1.368328
BWD,705,2022-08-26 15:30:40,3.24,10039.92,1.336488
BWD,706,2022-08-26 20:35:40,1.97,10041.89,1.317129
BWD,707,2022-08-29 15:24:40,0.92,10042.81,1.308088
BWD,708,2022-08-30 10:33:40,0.80,10043.61,1.300226
BWD,709,2022-08-30 18:00:40,1.93,10045.54,1.281260
BWD,710,2022-08-31 11:39:40,0.76,10046.30,1.273791
BWD,711,2022-08-31 11:55:40,0.99,10047.29,1.264063
BWD,712,2022-08-31 14:30:40,1.33,10048.62,1.250993
BWD,713,2022-09-01 03:51:40,0.87,10049.49,1.242443
BWD,714,2022-09-01 04:00:40,1.22,10050.71,1.230454
BWD,715,2022-09-01 04:17:40,1.07,10051.78,1.219939
BWD,716,2022-09-01 05:27:20,0.63,10052.41,1.213748
BWD,717,2022-09-06 16:16:40,0.99,10053.40,1.204019
BWD,718,2022-09-08 17:31:40,1.80,10055.20,1.186330
BWD,719,2022-09-09 16:30:40,1.80,10057.00,1.168641
BWD,720,2022-09-09 16:46:40,1.13,10058.13,1.157537
BWD,721,2022-09-09 17:01:40,1.15,10059.28,1.146235
BWD,722,2022-09-13 15:46:40,1.43,10060.71,1.132183
BWD,723,2022-09-13 16:41:40,2.74,10063.45,1.105256
BWD,724,2022-09-13 19:11:40,2.39,10065.84,1.081770
BWD,725,2022-09-14 22:49:40,0.67,10066.51,1.075185
BWD,726,2022-09-15 06:41:40,0.75,10067.26,1.067815
BWD,727,2022-09-15 13:02:40,0.69,10067.95,1.061034
BWD,728,2022-09-15 18:02:40,2.15,10070.10,1.039906
BWD,729,2022-09-15 18:27:40,2.82,10072.92,1.012193
BWD,730,2022-09-15 19:35:20,2.27,10075.19,0.989886
BWD,731,2022-09-15 20:01:40,2.09,10077.28,0.969347
BWD,732,2022-09-16 11:03:40,0.89,10078.17,0.960601
BWD,733,2022-09-16 11:21:40,0.78,10078.95,0.952936
BWD,734,2022-09-19 05:18:20,0.81,10079.76,0.944976
BWD,735,2022-09-19 05:31:40,1.25,10081.01,0.932692
BWD,736,2022-09-19 10:18:20,0.58,10081.59,0.926992
BWD,737,2022-09-19 10:30:40,0.80,10082.39,0.919131
BWD,738,2022-09-19 10:56:40,1.29,10083.68,0.906454
BWD,739,2022-09-21 21:15:40,2.84,10086.52,0.878545
BWD,740,2022-09-22 04:27:40,0.94,10087.46,0.869307
BWD,741,2022-09-23 12:01:40,0.84,10088.30,0.861052
BWD,742,2022-09-28 10:21:40,-45.81,10042.49,1.311233
BWD,743,2022-09-28 10:46:40,1.65,10044.14,1.295018
BWD,744,2022-09-29 08:50:40,0.77,10044.91,1.287451
BWD,745,2022-09-29 09:00:40,1.17,10046.08,1.275953
BWD,746,2022-09-29 09:22:40,0.88,10046.96,1.267306
BWD,747,2022-09-29 09:32:40,1.12,10048.08,1.256299
BWD,748,2022-09-29 10:56:40,1.17,10049.25,1.244801
BWD,749,2022-10-05 13:02:40,1.52,10050.77,1.229864
BWD,750,2022-10-05 13:25:40,2.17,10052.94,1.208539
BWD,751,2022-10-07 16:00:40,2.38,10055.32,1.185151
BWD,752,2022-10-10 06:31:40,0.86,10056.18,1.176700
BWD,753,2022-10-10 07:05:20,0.84,10057.02,1.168445
BWD,754,2022-10-13 15:45:40,-42.21,10014.81,1.583248
BWD,755,2022-10-13 16:02:20,1.58,10016.39,1.567721
BWD,756,2022-10-13 16:20:40,4.32,10020.71,1.525267
BWD,757,2022-10-13 16:53:20,2.34,10023.05,1.502272
BWD,758,2022-10-13 17:04:20,2.16,10025.21,1.481045
BWD,759,2022-10-13 17:32:40,2.99,10028.20,1.451662
BWD,760,2022-10-13 17:47:40,3.59,10031.79,1.416383
BWD,761,2022-10-14 13:08:20,1.10,10032.89,1.405573
BWD,762,2022-10-14 13:17:40,1.85,10034.74,1.387393
BWD,763,2022-10-17 23:30:40,0.75,10035.49,1.380023
BWD,764,2022-10-19 08:31:40,0.51,10036.00,1.375011
BWD,765,2022-10-19 10:53:40,1.10,10037.10,1.364201
BWD,766,2022-10-19 14:49:40,1.11,10038.21,1.353293
BWD,767,2022-10-19 19:50:40,1.26,10039.47,1.340911
BWD,768,2022-10-20 05:42:40,0.62,10040.09,1.334818
BWD,769,2022-10-21 06:46:40,0.61,10040.70,1.328823
BWD,770,2022-10-21 07:27:40,0.75,10041.45,1.321453
BWD,771,2022-10-24 11:57:20,1.03,10042.48,1.311331
BWD,772,2022-10-25 13:03:40,1.01,10043.49,1.301406
BWD,773,2022-10-25 13:47:40,1.15,10044.64,1.290104
BWD,774,2022-11-02 15:03:40,-1.49,10043.15,1.304747
BWD,775,2022-11-02 20:38:00,0.57,10043.72,1.299145
BWD,776,2022-11-03 02:42:40,1.06,10044.78,1.288729
BWD,777,2022-11-03 10:20:40,0.55,10045.33,1.283324
BWD,778,2022-11-03 10:31:40,1.04,10046.37,1.273104
BWD,779,2022-11-03 10:59:40,0.71,10047.08,1.266126
BWD,780,2022-11-03 21:32:40,1.78,10048.86,1.248634
BWD,781,2022-11-08 08:09:40,0.44,10049.30,1.244310
BWD,782,2022-11-17 10:17:40,0.64,10049.94,1.238021
BWD,783,2022-11-18 17:16:40,2.31,10052.25,1.215320
BWD,784,2022-11-18 22:40:20,0.62,10052.87,1.209227
BWD,785,2022-11-21 03:36:40,0.71,10053.58,1.202250
BWD,786,2022-11-21 11:18:40,1.17,10054.75,1.190752
BWD,787,2022-11-21 11:52:40,1.35,10056.10,1.177486
BWD,788,2022-11-21 12:01:40,0.92,10057.02,1.168445
BWD,789,2022-11-23 07:26:40,0.56,10057.58,1.162942
BWD,790,2022-11-25 10:15:40,0.71,10058.29,1.155964
BWD,791,2022-11-25 12:07:40,1.29,10059.58,1.143287
BWD,792,2022-11-25 15:56:40,0.75,10060.33,1.135917
BWD,793,2022-11-28 17:04:40,1.22,10061.55,1.123928
BWD,794,2022-11-29 05:15:40,-0.21,10061.34,1.125992
BWD,795,2022-11-30 20:30:40,6.20,10067.54,1.065063
BWD,796,2022-12-02 04:46:40,0.85,10068.39,1.056710
BWD,797,2022-12-02 15:52:40,1.10,10069.49,1.045901
BWD,798,2022-12-02 16:25:40,1.24,10070.73,1.033715
BWD,799,2022-12-02 18:09:40,1.87,10072.60,1.015338
BWD,800,2022-12-05 09:17:40,0.70,10073.30,1.008459
BWD,801,2022-12-05 12:43:40,1.00,10074.30,0.998632
BWD,802,2022-12-05 16:34:40,1.05,10075.35,0.988314
BWD,803,2022-12-07 20:49:40,-0.50,10074.85,0.993227
BWD,804,2022-12-12 04:31:20,0.65,10075.50,0.986840
BWD,805,2022-12-12 06:07:40,0.82,10076.32,0.978781
BWD,806,2022-12-12 07:30:40,1.09,10077.41,0.968070
BWD,807,2022-12-12 18:46:40,1.11,10078.52,0.957162
BWD,808,2022-12-12 21:20:40,0.86,10079.38,0.948710
BWD,809,2022-12-14 21:17:40,1.02,10080.40,0.938687
BWD,810,2022-12-20 10:42:40,-1.25,10079.15,0.950971
BWD,811,2022-12-22 16:02:00,0.94,10080.09,0.941733
BWD,812,2022-12-27 11:25:40,-1.40,10078.69,0.955491
BWD,813,2022-12-27 16:17:40,1.09,10079.78,0.944779
BWD,814,2022-12-28 12:13:40,0.86,10080.64,0.936328
