schema_version,created_utc,evidence_package_sha256,timeline_sha256,timeline_manifest_sha256,prejoin_readiness_sha256,package_review_receipt_sha256,classifier_id,classifier_version,h3_run_id,window,symbol,tf,attribution_unit,eligible_unit_count,classified_unit_count,unknown_unit_count,unknown_share,macro_partial_unit_count,macro_coverage_min,distinct_entry_days,distinct_entry_months,distinct_entry_years,first_entry_utc,last_entry_utc,calendar_span_days,basket_status,participation_confidence,participation_confidence_basis,evidence_status,concentration_flags,timeline_cell_rows,timeline_cell_full,timeline_cell_partial,timeline_cell_unknown
BOSS19_P4B_REGIME_ATTRIBUTION_COVERAGE_V1,2026-09-02T17:30:00Z,1330a822ed66149ba07d693d8732ced5b9e9ce66d15f34ce8d21ef70894b760c,5f3a0f8d1accd25cb6cc08ad1c6e291aed6d238d620269102151016dbfaf569d,858f4d02d1ae30511dd1f38ffab347c85c06a4a25df4bedf901dc169c2847916,ffa5a59f49cf9099c50520cc95c548ad2d47883a472689dfb58ffc722a44d51e,bb331765f169503ad878223d54a6f45fd2bb6e289609ae671857e298384463a4,BOSS19_P4_REGIME_CLASSIFIER_V1,1.0.0,H3-C01-BWD,BWD,XAUUSD,M15,DEAL,44,44,0,0.00000000,0,1.00000000,24,11,3,2020-01-02T13:02:40Z,2022-03-24T14:18:40Z,813,UNAVAILABLE_NO_SOURCE_BASKET_ID,UNKNOWN,NO_PREDECLARED_NUMERIC_MAPPING_IN_CONTRACT,COMPLETE,BASKET_UNAVAILABLE;SINGLE_YEAR_ABS_NET_GE_50PCT,142488,142488,0,0
BOSS19_P4B_REGIME_ATTRIBUTION_COVERAGE_V1,2026-09-02T17:30:00Z,1330a822ed66149ba07d693d8732ced5b9e9ce66d15f34ce8d21ef70894b760c,5f3a0f8d1accd25cb6cc08ad1c6e291aed6d238d620269102151016dbfaf569d,858f4d02d1ae30511dd1f38ffab347c85c06a4a25df4bedf901dc169c2847916,ffa5a59f49cf9099c50520cc95c548ad2d47883a472689dfb58ffc722a44d51e,bb331765f169503ad878223d54a6f45fd2bb6e289609ae671857e298384463a4,BOSS19_P4_REGIME_CLASSIFIER_V1,1.0.0,H3-C01-MAIN,MAIN,XAUUSD,M15,DEAL,80,80,0,0.00000000,0,1.00000000,46,16,3,2023-01-03T02:40:40Z,2025-12-22T23:52:40Z,1085,UNAVAILABLE_NO_SOURCE_BASKET_ID,UNKNOWN,NO_PREDECLARED_NUMERIC_MAPPING_IN_CONTRACT,COMPLETE,BASKET_UNAVAILABLE;SINGLE_YEAR_ABS_NET_GE_50PCT,142488,142488,0,0
BOSS19_P4B_REGIME_ATTRIBUTION_COVERAGE_V1,2026-09-02T17:30:00Z,1330a822ed66149ba07d693d8732ced5b9e9ce66d15f34ce8d21ef70894b760c,5f3a0f8d1accd25cb6cc08ad1c6e291aed6d238d620269102151016dbfaf569d,858f4d02d1ae30511dd1f38ffab347c85c06a4a25df4bedf901dc169c2847916,ffa5a59f49cf9099c50520cc95c548ad2d47883a472689dfb58ffc722a44d51e,bb331765f169503ad878223d54a6f45fd2bb6e289609ae671857e298384463a4,BOSS19_P4_REGIME_CLASSIFIER_V1,1.0.0,H3-C02-BWD,BWD,XAUUSD,H1,DEAL,49,49,0,0.00000000,0,1.00000000,24,10,3,2020-01-02T12:50:40Z,2022-03-08T15:07:40Z,797,UNAVAILABLE_NO_SOURCE_BASKET_ID,UNKNOWN,NO_PREDECLARED_NUMERIC_MAPPING_IN_CONTRACT,COMPLETE,BASKET_UNAVAILABLE;SINGLE_TUPLE_ABS_NET_GE_50PCT;SINGLE_YEAR_ABS_NET_GE_50PCT,36125,36125,0,0
BOSS19_P4B_REGIME_ATTRIBUTION_COVERAGE_V1,2026-09-02T17:30:00Z,1330a822ed66149ba07d693d8732ced5b9e9ce66d15f34ce8d21ef70894b760c,5f3a0f8d1accd25cb6cc08ad1c6e291aed6d238d620269102151016dbfaf569d,858f4d02d1ae30511dd1f38ffab347c85c06a4a25df4bedf901dc169c2847916,ffa5a59f49cf9099c50520cc95c548ad2d47883a472689dfb58ffc722a44d51e,bb331765f169503ad878223d54a6f45fd2bb6e289609ae671857e298384463a4,BOSS19_P4_REGIME_CLASSIFIER_V1,1.0.0,H3-C02-MAIN,MAIN,XAUUSD,H1,DEAL,100,100,0,0.00000000,0,1.00000000,58,17,3,2023-01-03T02:40:40Z,2025-12-26T01:05:40Z,1089,UNAVAILABLE_NO_SOURCE_BASKET_ID,UNKNOWN,NO_PREDECLARED_NUMERIC_MAPPING_IN_CONTRACT,COMPLETE,BASKET_UNAVAILABLE;SINGLE_YEAR_ABS_NET_GE_50PCT,36125,36125,0,0
BOSS19_P4B_REGIME_ATTRIBUTION_COVERAGE_V1,2026-09-02T17:30:00Z,1330a822ed66149ba07d693d8732ced5b9e9ce66d15f34ce8d21ef70894b760c,5f3a0f8d1accd25cb6cc08ad1c6e291aed6d238d620269102151016dbfaf569d,858f4d02d1ae30511dd1f38ffab347c85c06a4a25df4bedf901dc169c2847916,ffa5a59f49cf9099c50520cc95c548ad2d47883a472689dfb58ffc722a44d51e,bb331765f169503ad878223d54a6f45fd2bb6e289609ae671857e298384463a4,BOSS19_P4_REGIME_CLASSIFIER_V1,1.0.0,H3-C03-BWD,BWD,XAUUSD,H4,DEAL,56,56,0,0.00000000,0,1.00000000,30,7,2,2020-01-02T12:50:40Z,2022-03-08T16:57:40Z,797,UNAVAILABLE_NO_SOURCE_BASKET_ID,UNKNOWN,NO_PREDECLARED_NUMERIC_MAPPING_IN_CONTRACT,COMPLETE,BASKET_UNAVAILABLE;SHORT_CALENDAR_SPAN;SINGLE_YEAR_ABS_NET_GE_50PCT,11474,11474,0,0
BOSS19_P4B_REGIME_ATTRIBUTION_COVERAGE_V1,2026-09-02T17:30:00Z,1330a822ed66149ba07d693d8732ced5b9e9ce66d15f34ce8d21ef70894b760c,5f3a0f8d1accd25cb6cc08ad1c6e291aed6d238d620269102151016dbfaf569d,858f4d02d1ae30511dd1f38ffab347c85c06a4a25df4bedf901dc169c2847916,ffa5a59f49cf9099c50520cc95c548ad2d47883a472689dfb58ffc722a44d51e,bb331765f169503ad878223d54a6f45fd2bb6e289609ae671857e298384463a4,BOSS19_P4_REGIME_CLASSIFIER_V1,1.0.0,H3-C03-MAIN,MAIN,XAUUSD,H4,DEAL,113,113,0,0.00000000,0,1.00000000,65,21,3,2023-01-03T02:40:40Z,2025-12-23T01:11:40Z,1086,UNAVAILABLE_NO_SOURCE_BASKET_ID,UNKNOWN,NO_PREDECLARED_NUMERIC_MAPPING_IN_CONTRACT,COMPLETE,BASKET_UNAVAILABLE;SINGLE_YEAR_ABS_NET_GE_50PCT,11474,11474,0,0
BOSS19_P4B_REGIME_ATTRIBUTION_COVERAGE_V1,2026-09-02T17:30:00Z,1330a822ed66149ba07d693d8732ced5b9e9ce66d15f34ce8d21ef70894b760c,5f3a0f8d1accd25cb6cc08ad1c6e291aed6d238d620269102151016dbfaf569d,858f4d02d1ae30511dd1f38ffab347c85c06a4a25df4bedf901dc169c2847916,ffa5a59f49cf9099c50520cc95c548ad2d47883a472689dfb58ffc722a44d51e,bb331765f169503ad878223d54a6f45fd2bb6e289609ae671857e298384463a4,BOSS19_P4_REGIME_CLASSIFIER_V1,1.0.0,H3-C04-BWD,BWD,EURUSD,M15,DEAL,26,26,0,0.00000000,0,1.00000000,17,8,2,2020-01-02T01:20:40Z,2021-06-04T12:56:40Z,520,UNAVAILABLE_NO_SOURCE_BASKET_ID,UNKNOWN,NO_PREDECLARED_NUMERIC_MAPPING_IN_CONTRACT,COMPLETE,BASKET_UNAVAILABLE;SHORT_CALENDAR_SPAN;SINGLE_YEAR_ABS_NET_GE_50PCT,149911,149911,0,0
BOSS19_P4B_REGIME_ATTRIBUTION_COVERAGE_V1,2026-09-02T17:30:00Z,1330a822ed66149ba07d693d8732ced5b9e9ce66d15f34ce8d21ef70894b760c,5f3a0f8d1accd25cb6cc08ad1c6e291aed6d238d620269102151016dbfaf569d,858f4d02d1ae30511dd1f38ffab347c85c06a4a25df4bedf901dc169c2847916,ffa5a59f49cf9099c50520cc95c548ad2d47883a472689dfb58ffc722a44d51e,bb331765f169503ad878223d54a6f45fd2bb6e289609ae671857e298384463a4,BOSS19_P4_REGIME_CLASSIFIER_V1,1.0.0,H3-C04-MAIN,MAIN,EURUSD,M15,DEAL,23,23,0,0.00000000,0,1.00000000,15,9,2,2023-01-04T07:41:40Z,2025-09-17T18:07:40Z,988,UNAVAILABLE_NO_SOURCE_BASKET_ID,UNKNOWN,NO_PREDECLARED_NUMERIC_MAPPING_IN_CONTRACT,COMPLETE,BASKET_UNAVAILABLE;SHORT_CALENDAR_SPAN;SINGLE_YEAR_ABS_NET_GE_50PCT,149911,149911,0,0
BOSS19_P4B_REGIME_ATTRIBUTION_COVERAGE_V1,2026-09-02T17:30:00Z,1330a822ed66149ba07d693d8732ced5b9e9ce66d15f34ce8d21ef70894b760c,5f3a0f8d1accd25cb6cc08ad1c6e291aed6d238d620269102151016dbfaf569d,858f4d02d1ae30511dd1f38ffab347c85c06a4a25df4bedf901dc169c2847916,ffa5a59f49cf9099c50520cc95c548ad2d47883a472689dfb58ffc722a44d51e,bb331765f169503ad878223d54a6f45fd2bb6e289609ae671857e298384463a4,BOSS19_P4_REGIME_CLASSIFIER_V1,1.0.0,H3-C05-BWD,BWD,EURUSD,H1,DEAL,33,33,0,0.00000000,0,1.00000000,20,8,2,2020-01-02T15:56:40Z,2021-06-01T14:00:40Z,517,UNAVAILABLE_NO_SOURCE_BASKET_ID,UNKNOWN,NO_PREDECLARED_NUMERIC_MAPPING_IN_CONTRACT,COMPLETE,BASKET_UNAVAILABLE;SHORT_CALENDAR_SPAN;SINGLE_TUPLE_PARTICIPATION_GE_50PCT;SINGLE_YEAR_ABS_NET_GE_50PCT,37957,37957,0,0
BOSS19_P4B_REGIME_ATTRIBUTION_COVERAGE_V1,2026-09-02T17:30:00Z,1330a822ed66149ba07d693d8732ced5b9e9ce66d15f34ce8d21ef70894b760c,5f3a0f8d1accd25cb6cc08ad1c6e291aed6d238d620269102151016dbfaf569d,858f4d02d1ae30511dd1f38ffab347c85c06a4a25df4bedf901dc169c2847916,ffa5a59f49cf9099c50520cc95c548ad2d47883a472689dfb58ffc722a44d51e,bb331765f169503ad878223d54a6f45fd2bb6e289609ae671857e298384463a4,BOSS19_P4_REGIME_CLASSIFIER_V1,1.0.0,H3-C05-MAIN,MAIN,EURUSD,H1,DEAL,27,27,0,0.00000000,0,1.00000000,18,10,2,2023-01-04T08:13:40Z,2025-09-18T07:40:40Z,989,UNAVAILABLE_NO_SOURCE_BASKET_ID,UNKNOWN,NO_PREDECLARED_NUMERIC_MAPPING_IN_CONTRACT,COMPLETE,BASKET_UNAVAILABLE;SHORT_CALENDAR_SPAN;SINGLE_YEAR_ABS_NET_GE_50PCT,37957,37957,0,0
BOSS19_P4B_REGIME_ATTRIBUTION_COVERAGE_V1,2026-09-02T17:30:00Z,1330a822ed66149ba07d693d8732ced5b9e9ce66d15f34ce8d21ef70894b760c,5f3a0f8d1accd25cb6cc08ad1c6e291aed6d238d620269102151016dbfaf569d,858f4d02d1ae30511dd1f38ffab347c85c06a4a25df4bedf901dc169c2847916,ffa5a59f49cf9099c50520cc95c548ad2d47883a472689dfb58ffc722a44d51e,bb331765f169503ad878223d54a6f45fd2bb6e289609ae671857e298384463a4,BOSS19_P4_REGIME_CLASSIFIER_V1,1.0.0,H3-C06-BWD,BWD,EURUSD,H4,DEAL,40,40,0,0.00000000,0,1.00000000,23,9,2,2020-01-13T09:02:40Z,2021-05-25T12:14:40Z,499,UNAVAILABLE_NO_SOURCE_BASKET_ID,UNKNOWN,NO_PREDECLARED_NUMERIC_MAPPING_IN_CONTRACT,COMPLETE,BASKET_UNAVAILABLE;SHORT_CALENDAR_SPAN;SINGLE_YEAR_ABS_NET_GE_50PCT,11522,11522,0,0
BOSS19_P4B_REGIME_ATTRIBUTION_COVERAGE_V1,2026-09-02T17:30:00Z,1330a822ed66149ba07d693d8732ced5b9e9ce66d15f34ce8d21ef70894b760c,5f3a0f8d1accd25cb6cc08ad1c6e291aed6d238d620269102151016dbfaf569d,858f4d02d1ae30511dd1f38ffab347c85c06a4a25df4bedf901dc169c2847916,ffa5a59f49cf9099c50520cc95c548ad2d47883a472689dfb58ffc722a44d51e,bb331765f169503ad878223d54a6f45fd2bb6e289609ae671857e298384463a4,BOSS19_P4_REGIME_CLASSIFIER_V1,1.0.0,H3-C06-MAIN,MAIN,EURUSD,H4,DEAL,49,49,0,0.00000000,0,1.00000000,32,14,3,2023-01-04T05:02:40Z,2025-07-01T01:20:40Z,910,UNAVAILABLE_NO_SOURCE_BASKET_ID,UNKNOWN,NO_PREDECLARED_NUMERIC_MAPPING_IN_CONTRACT,COMPLETE,BASKET_UNAVAILABLE;SINGLE_YEAR_ABS_NET_GE_50PCT,11522,11522,0,0
BOSS19_P4B_REGIME_ATTRIBUTION_COVERAGE_V1,2026-09-02T17:30:00Z,1330a822ed66149ba07d693d8732ced5b9e9ce66d15f34ce8d21ef70894b760c,5f3a0f8d1accd25cb6cc08ad1c6e291aed6d238d620269102151016dbfaf569d,858f4d02d1ae30511dd1f38ffab347c85c06a4a25df4bedf901dc169c2847916,ffa5a59f49cf9099c50520cc95c548ad2d47883a472689dfb58ffc722a44d51e,bb331765f169503ad878223d54a6f45fd2bb6e289609ae671857e298384463a4,BOSS19_P4_REGIME_CLASSIFIER_V1,1.0.0,H3-C07-BWD,BWD,GBPUSD,M15,DEAL,12,12,0,0.00000000,0,1.00000000,9,4,2,2020-01-06T09:35:40Z,2021-02-24T01:22:40Z,416,UNAVAILABLE_NO_SOURCE_BASKET_ID,UNKNOWN,NO_PREDECLARED_NUMERIC_MAPPING_IN_CONTRACT,COMPLETE,BASKET_UNAVAILABLE;SHORT_CALENDAR_SPAN;SINGLE_TUPLE_ABS_NET_GE_50PCT;SINGLE_YEAR_ABS_NET_GE_50PCT,149911,149911,0,0
BOSS19_P4B_REGIME_ATTRIBUTION_COVERAGE_V1,2026-09-02T17:30:00Z,1330a822ed66149ba07d693d8732ced5b9e9ce66d15f34ce8d21ef70894b760c,5f3a0f8d1accd25cb6cc08ad1c6e291aed6d238d620269102151016dbfaf569d,858f4d02d1ae30511dd1f38ffab347c85c06a4a25df4bedf901dc169c2847916,ffa5a59f49cf9099c50520cc95c548ad2d47883a472689dfb58ffc722a44d51e,bb331765f169503ad878223d54a6f45fd2bb6e289609ae671857e298384463a4,BOSS19_P4_REGIME_CLASSIFIER_V1,1.0.0,H3-C07-MAIN,MAIN,GBPUSD,M15,DEAL,26,26,0,0.00000000,0,1.00000000,17,11,3,2023-01-04T08:06:40Z,2025-06-26T08:05:40Z,905,UNAVAILABLE_NO_SOURCE_BASKET_ID,UNKNOWN,NO_PREDECLARED_NUMERIC_MAPPING_IN_CONTRACT,COMPLETE,BASKET_UNAVAILABLE;SINGLE_YEAR_ABS_NET_GE_50PCT,149911,149911,0,0
BOSS19_P4B_REGIME_ATTRIBUTION_COVERAGE_V1,2026-09-02T17:30:00Z,1330a822ed66149ba07d693d8732ced5b9e9ce66d15f34ce8d21ef70894b760c,5f3a0f8d1accd25cb6cc08ad1c6e291aed6d238d620269102151016dbfaf569d,858f4d02d1ae30511dd1f38ffab347c85c06a4a25df4bedf901dc169c2847916,ffa5a59f49cf9099c50520cc95c548ad2d47883a472689dfb58ffc722a44d51e,bb331765f169503ad878223d54a6f45fd2bb6e289609ae671857e298384463a4,BOSS19_P4_REGIME_CLASSIFIER_V1,1.0.0,H3-C08-BWD,BWD,GBPUSD,H1,DEAL,16,16,0,0.00000000,0,1.00000000,12,7,2,2020-01-06T10:39:40Z,2021-05-10T12:53:40Z,491,UNAVAILABLE_NO_SOURCE_BASKET_ID,UNKNOWN,NO_PREDECLARED_NUMERIC_MAPPING_IN_CONTRACT,COMPLETE,BASKET_UNAVAILABLE;SHORT_CALENDAR_SPAN;SINGLE_TUPLE_ABS_NET_GE_50PCT;SINGLE_YEAR_ABS_NET_GE_50PCT,37957,37957,0,0
BOSS19_P4B_REGIME_ATTRIBUTION_COVERAGE_V1,2026-09-02T17:30:00Z,1330a822ed66149ba07d693d8732ced5b9e9ce66d15f34ce8d21ef70894b760c,5f3a0f8d1accd25cb6cc08ad1c6e291aed6d238d620269102151016dbfaf569d,858f4d02d1ae30511dd1f38ffab347c85c06a4a25df4bedf901dc169c2847916,ffa5a59f49cf9099c50520cc95c548ad2d47883a472689dfb58ffc722a44d51e,bb331765f169503ad878223d54a6f45fd2bb6e289609ae671857e298384463a4,BOSS19_P4_REGIME_CLASSIFIER_V1,1.0.0,H3-C08-MAIN,MAIN,GBPUSD,H1,DEAL,24,24,0,0.00000000,0,1.00000000,18,8,3,2023-01-03T14:33:40Z,2025-06-26T08:34:40Z,906,UNAVAILABLE_NO_SOURCE_BASKET_ID,UNKNOWN,NO_PREDECLARED_NUMERIC_MAPPING_IN_CONTRACT,COMPLETE,BASKET_UNAVAILABLE;SINGLE_YEAR_ABS_NET_GE_50PCT,37957,37957,0,0
BOSS19_P4B_REGIME_ATTRIBUTION_COVERAGE_V1,2026-09-02T17:30:00Z,1330a822ed66149ba07d693d8732ced5b9e9ce66d15f34ce8d21ef70894b760c,5f3a0f8d1accd25cb6cc08ad1c6e291aed6d238d620269102151016dbfaf569d,858f4d02d1ae30511dd1f38ffab347c85c06a4a25df4bedf901dc169c2847916,ffa5a59f49cf9099c50520cc95c548ad2d47883a472689dfb58ffc722a44d51e,bb331765f169503ad878223d54a6f45fd2bb6e289609ae671857e298384463a4,BOSS19_P4_REGIME_CLASSIFIER_V1,1.0.0,H3-C09-BWD,BWD,GBPUSD,H4,DEAL,23,23,0,0.00000000,0,1.00000000,18,7,3,2020-01-09T13:48:40Z,2022-03-22T13:22:40Z,804,UNAVAILABLE_NO_SOURCE_BASKET_ID,UNKNOWN,NO_PREDECLARED_NUMERIC_MAPPING_IN_CONTRACT,COMPLETE,BASKET_UNAVAILABLE;SINGLE_TUPLE_ABS_NET_GE_50PCT;SINGLE_YEAR_ABS_NET_GE_50PCT,11522,11522,0,0
BOSS19_P4B_REGIME_ATTRIBUTION_COVERAGE_V1,2026-09-02T17:30:00Z,1330a822ed66149ba07d693d8732ced5b9e9ce66d15f34ce8d21ef70894b760c,5f3a0f8d1accd25cb6cc08ad1c6e291aed6d238d620269102151016dbfaf569d,858f4d02d1ae30511dd1f38ffab347c85c06a4a25df4bedf901dc169c2847916,ffa5a59f49cf9099c50520cc95c548ad2d47883a472689dfb58ffc722a44d51e,bb331765f169503ad878223d54a6f45fd2bb6e289609ae671857e298384463a4,BOSS19_P4_REGIME_CLASSIFIER_V1,1.0.0,H3-C09-MAIN,MAIN,GBPUSD,H4,DEAL,36,36,0,0.00000000,0,1.00000000,24,12,3,2023-01-06T19:05:40Z,2025-07-01T08:37:40Z,908,UNAVAILABLE_NO_SOURCE_BASKET_ID,UNKNOWN,NO_PREDECLARED_NUMERIC_MAPPING_IN_CONTRACT,COMPLETE,BASKET_UNAVAILABLE;SINGLE_YEAR_ABS_NET_GE_50PCT,11522,11522,0,0
BOSS19_P4B_REGIME_ATTRIBUTION_COVERAGE_V1,2026-09-02T17:30:00Z,1330a822ed66149ba07d693d8732ced5b9e9ce66d15f34ce8d21ef70894b760c,5f3a0f8d1accd25cb6cc08ad1c6e291aed6d238d620269102151016dbfaf569d,858f4d02d1ae30511dd1f38ffab347c85c06a4a25df4bedf901dc169c2847916,ffa5a59f49cf9099c50520cc95c548ad2d47883a472689dfb58ffc722a44d51e,bb331765f169503ad878223d54a6f45fd2bb6e289609ae671857e298384463a4,BOSS19_P4_REGIME_CLASSIFIER_V1,1.0.0,H3-C10-BWD,BWD,AUDUSD,M15,DEAL,20,20,0,0.00000000,0,1.00000000,11,7,2,2020-01-10T04:23:40Z,2021-02-23T01:49:40Z,411,UNAVAILABLE_NO_SOURCE_BASKET_ID,UNKNOWN,NO_PREDECLARED_NUMERIC_MAPPING_IN_CONTRACT,COMPLETE,BASKET_UNAVAILABLE;SHORT_CALENDAR_SPAN;SINGLE_YEAR_ABS_NET_GE_50PCT,149910,149910,0,0
BOSS19_P4B_REGIME_ATTRIBUTION_COVERAGE_V1,2026-09-02T17:30:00Z,1330a822ed66149ba07d693d8732ced5b9e9ce66d15f34ce8d21ef70894b760c,5f3a0f8d1accd25cb6cc08ad1c6e291aed6d238d620269102151016dbfaf569d,858f4d02d1ae30511dd1f38ffab347c85c06a4a25df4bedf901dc169c2847916,ffa5a59f49cf9099c50520cc95c548ad2d47883a472689dfb58ffc722a44d51e,bb331765f169503ad878223d54a6f45fd2bb6e289609ae671857e298384463a4,BOSS19_P4_REGIME_CLASSIFIER_V1,1.0.0,H3-C10-MAIN,MAIN,AUDUSD,M15,DEAL,6,6,0,0.00000000,0,1.00000000,4,2,1,2023-01-03T02:50:40Z,2023-02-01T04:36:40Z,30,UNAVAILABLE_NO_SOURCE_BASKET_ID,UNKNOWN,NO_PREDECLARED_NUMERIC_MAPPING_IN_CONTRACT,COMPLETE,BASKET_UNAVAILABLE;SHORT_CALENDAR_SPAN;SINGLE_TUPLE_ABS_NET_GE_50PCT;SINGLE_TUPLE_PARTICIPATION_GE_50PCT;SINGLE_YEAR_ABS_NET_GE_50PCT,149910,149910,0,0
BOSS19_P4B_REGIME_ATTRIBUTION_COVERAGE_V1,2026-09-02T17:30:00Z,1330a822ed66149ba07d693d8732ced5b9e9ce66d15f34ce8d21ef70894b760c,5f3a0f8d1accd25cb6cc08ad1c6e291aed6d238d620269102151016dbfaf569d,858f4d02d1ae30511dd1f38ffab347c85c06a4a25df4bedf901dc169c2847916,ffa5a59f49cf9099c50520cc95c548ad2d47883a472689dfb58ffc722a44d51e,bb331765f169503ad878223d54a6f45fd2bb6e289609ae671857e298384463a4,BOSS19_P4_REGIME_CLASSIFIER_V1,1.0.0,H3-C11-BWD,BWD,AUDUSD,H1,DEAL,32,32,0,0.00000000,0,1.00000000,19,8,3,2020-01-10T15:10:40Z,2022-04-20T10:14:40Z,832,UNAVAILABLE_NO_SOURCE_BASKET_ID,UNKNOWN,NO_PREDECLARED_NUMERIC_MAPPING_IN_CONTRACT,COMPLETE,BASKET_UNAVAILABLE,37957,37957,0,0
BOSS19_P4B_REGIME_ATTRIBUTION_COVERAGE_V1,2026-09-02T17:30:00Z,1330a822ed66149ba07d693d8732ced5b9e9ce66d15f34ce8d21ef70894b760c,5f3a0f8d1accd25cb6cc08ad1c6e291aed6d238d620269102151016dbfaf569d,858f4d02d1ae30511dd1f38ffab347c85c06a4a25df4bedf901dc169c2847916,ffa5a59f49cf9099c50520cc95c548ad2d47883a472689dfb58ffc722a44d51e,bb331765f169503ad878223d54a6f45fd2bb6e289609ae671857e298384463a4,BOSS19_P4_REGIME_CLASSIFIER_V1,1.0.0,H3-C11-MAIN,MAIN,AUDUSD,H1,DEAL,3,3,0,0.00000000,0,1.00000000,3,2,1,2023-01-03T03:39:40Z,2023-02-01T23:11:40Z,30,UNAVAILABLE_NO_SOURCE_BASKET_ID,UNKNOWN,NO_PREDECLARED_NUMERIC_MAPPING_IN_CONTRACT,COMPLETE,BASKET_UNAVAILABLE;SHORT_CALENDAR_SPAN;SINGLE_TUPLE_ABS_NET_GE_50PCT;SINGLE_TUPLE_PARTICIPATION_GE_50PCT;SINGLE_YEAR_ABS_NET_GE_50PCT,37957,37957,0,0
BOSS19_P4B_REGIME_ATTRIBUTION_COVERAGE_V1,2026-09-02T17:30:00Z,1330a822ed66149ba07d693d8732ced5b9e9ce66d15f34ce8d21ef70894b760c,5f3a0f8d1accd25cb6cc08ad1c6e291aed6d238d620269102151016dbfaf569d,858f4d02d1ae30511dd1f38ffab347c85c06a4a25df4bedf901dc169c2847916,ffa5a59f49cf9099c50520cc95c548ad2d47883a472689dfb58ffc722a44d51e,bb331765f169503ad878223d54a6f45fd2bb6e289609ae671857e298384463a4,BOSS19_P4_REGIME_CLASSIFIER_V1,1.0.0,H3-C12-BWD,BWD,AUDUSD,H4,DEAL,26,26,0,0.00000000,0,1.00000000,18,8,2,2020-01-16T11:27:40Z,2021-02-22T18:30:40Z,404,UNAVAILABLE_NO_SOURCE_BASKET_ID,UNKNOWN,NO_PREDECLARED_NUMERIC_MAPPING_IN_CONTRACT,COMPLETE,BASKET_UNAVAILABLE;SHORT_CALENDAR_SPAN;SINGLE_YEAR_ABS_NET_GE_50PCT,11522,11522,0,0
BOSS19_P4B_REGIME_ATTRIBUTION_COVERAGE_V1,2026-09-02T17:30:00Z,1330a822ed66149ba07d693d8732ced5b9e9ce66d15f34ce8d21ef70894b760c,5f3a0f8d1accd25cb6cc08ad1c6e291aed6d238d620269102151016dbfaf569d,858f4d02d1ae30511dd1f38ffab347c85c06a4a25df4bedf901dc169c2847916,ffa5a59f49cf9099c50520cc95c548ad2d47883a472689dfb58ffc722a44d51e,bb331765f169503ad878223d54a6f45fd2bb6e289609ae671857e298384463a4,BOSS19_P4_REGIME_CLASSIFIER_V1,1.0.0,H3-C12-MAIN,MAIN,AUDUSD,H4,DEAL,6,6,0,0.00000000,0,1.00000000,4,1,1,2023-01-03T03:39:40Z,2023-01-25T02:12:40Z,23,UNAVAILABLE_NO_SOURCE_BASKET_ID,UNKNOWN,NO_PREDECLARED_NUMERIC_MAPPING_IN_CONTRACT,COMPLETE,BASKET_UNAVAILABLE;SHORT_CALENDAR_SPAN;SINGLE_TUPLE_ABS_NET_GE_50PCT;SINGLE_TUPLE_PARTICIPATION_GE_50PCT;SINGLE_YEAR_ABS_NET_GE_50PCT,11522,11522,0,0
BOSS19_P4B_REGIME_ATTRIBUTION_COVERAGE_V1,2026-09-02T17:30:00Z,1330a822ed66149ba07d693d8732ced5b9e9ce66d15f34ce8d21ef70894b760c,5f3a0f8d1accd25cb6cc08ad1c6e291aed6d238d620269102151016dbfaf569d,858f4d02d1ae30511dd1f38ffab347c85c06a4a25df4bedf901dc169c2847916,ffa5a59f49cf9099c50520cc95c548ad2d47883a472689dfb58ffc722a44d51e,bb331765f169503ad878223d54a6f45fd2bb6e289609ae671857e298384463a4,BOSS19_P4_REGIME_CLASSIFIER_V1,1.0.0,H3-C13-BWD,BWD,USDJPY,M15,DEAL,68,68,0,0.00000000,0,1.00000000,34,12,3,2020-01-06T15:26:40Z,2022-10-24T12:30:40Z,1023,UNAVAILABLE_NO_SOURCE_BASKET_ID,UNKNOWN,NO_PREDECLARED_NUMERIC_MAPPING_IN_CONTRACT,COMPLETE,BASKET_UNAVAILABLE;SINGLE_YEAR_ABS_NET_GE_50PCT,149911,149911,0,0
BOSS19_P4B_REGIME_ATTRIBUTION_COVERAGE_V1,2026-09-02T17:30:00Z,1330a822ed66149ba07d693d8732ced5b9e9ce66d15f34ce8d21ef70894b760c,5f3a0f8d1accd25cb6cc08ad1c6e291aed6d238d620269102151016dbfaf569d,858f4d02d1ae30511dd1f38ffab347c85c06a4a25df4bedf901dc169c2847916,ffa5a59f49cf9099c50520cc95c548ad2d47883a472689dfb58ffc722a44d51e,bb331765f169503ad878223d54a6f45fd2bb6e289609ae671857e298384463a4,BOSS19_P4_REGIME_CLASSIFIER_V1,1.0.0,H3-C13-MAIN,MAIN,USDJPY,M15,DEAL,47,47,0,0.00000000,0,1.00000000,26,11,2,2023-01-02T23:17:40Z,2024-06-28T01:30:40Z,544,UNAVAILABLE_NO_SOURCE_BASKET_ID,UNKNOWN,NO_PREDECLARED_NUMERIC_MAPPING_IN_CONTRACT,COMPLETE,BASKET_UNAVAILABLE;SHORT_CALENDAR_SPAN;SINGLE_YEAR_ABS_NET_GE_50PCT,149911,149911,0,0
BOSS19_P4B_REGIME_ATTRIBUTION_COVERAGE_V1,2026-09-02T17:30:00Z,1330a822ed66149ba07d693d8732ced5b9e9ce66d15f34ce8d21ef70894b760c,5f3a0f8d1accd25cb6cc08ad1c6e291aed6d238d620269102151016dbfaf569d,858f4d02d1ae30511dd1f38ffab347c85c06a4a25df4bedf901dc169c2847916,ffa5a59f49cf9099c50520cc95c548ad2d47883a472689dfb58ffc722a44d51e,bb331765f169503ad878223d54a6f45fd2bb6e289609ae671857e298384463a4,BOSS19_P4_REGIME_CLASSIFIER_V1,1.0.0,H3-C14-BWD,BWD,USDJPY,H1,DEAL,68,68,0,0.00000000,0,1.00000000,37,11,3,2020-01-02T10:08:40Z,2022-10-21T08:48:40Z,1024,UNAVAILABLE_NO_SOURCE_BASKET_ID,UNKNOWN,NO_PREDECLARED_NUMERIC_MAPPING_IN_CONTRACT,COMPLETE,BASKET_UNAVAILABLE;SINGLE_YEAR_ABS_NET_GE_50PCT,37957,37957,0,0
BOSS19_P4B_REGIME_ATTRIBUTION_COVERAGE_V1,2026-09-02T17:30:00Z,1330a822ed66149ba07d693d8732ced5b9e9ce66d15f34ce8d21ef70894b760c,5f3a0f8d1accd25cb6cc08ad1c6e291aed6d238d620269102151016dbfaf569d,858f4d02d1ae30511dd1f38ffab347c85c06a4a25df4bedf901dc169c2847916,ffa5a59f49cf9099c50520cc95c548ad2d47883a472689dfb58ffc722a44d51e,bb331765f169503ad878223d54a6f45fd2bb6e289609ae671857e298384463a4,BOSS19_P4_REGIME_CLASSIFIER_V1,1.0.0,H3-C14-MAIN,MAIN,USDJPY,H1,DEAL,56,56,0,0.00000000,0,1.00000000,35,12,2,2023-01-02T23:17:40Z,2024-12-26T15:59:40Z,725,UNAVAILABLE_NO_SOURCE_BASKET_ID,UNKNOWN,NO_PREDECLARED_NUMERIC_MAPPING_IN_CONTRACT,COMPLETE,BASKET_UNAVAILABLE;SHORT_CALENDAR_SPAN;SINGLE_YEAR_ABS_NET_GE_50PCT,37957,37957,0,0
BOSS19_P4B_REGIME_ATTRIBUTION_COVERAGE_V1,2026-09-02T17:30:00Z,1330a822ed66149ba07d693d8732ced5b9e9ce66d15f34ce8d21ef70894b760c,5f3a0f8d1accd25cb6cc08ad1c6e291aed6d238d620269102151016dbfaf569d,858f4d02d1ae30511dd1f38ffab347c85c06a4a25df4bedf901dc169c2847916,ffa5a59f49cf9099c50520cc95c548ad2d47883a472689dfb58ffc722a44d51e,bb331765f169503ad878223d54a6f45fd2bb6e289609ae671857e298384463a4,BOSS19_P4_REGIME_CLASSIFIER_V1,1.0.0,H3-C15-BWD,BWD,USDJPY,H4,DEAL,69,69,0,0.00000000,0,1.00000000,39,14,3,2020-01-02T10:08:40Z,2022-10-21T12:32:40Z,1024,UNAVAILABLE_NO_SOURCE_BASKET_ID,UNKNOWN,NO_PREDECLARED_NUMERIC_MAPPING_IN_CONTRACT,COMPLETE,BASKET_UNAVAILABLE,11522,11522,0,0
BOSS19_P4B_REGIME_ATTRIBUTION_COVERAGE_V1,2026-09-02T17:30:00Z,1330a822ed66149ba07d693d8732ced5b9e9ce66d15f34ce8d21ef70894b760c,5f3a0f8d1accd25cb6cc08ad1c6e291aed6d238d620269102151016dbfaf569d,858f4d02d1ae30511dd1f38ffab347c85c06a4a25df4bedf901dc169c2847916,ffa5a59f49cf9099c50520cc95c548ad2d47883a472689dfb58ffc722a44d51e,bb331765f169503ad878223d54a6f45fd2bb6e289609ae671857e298384463a4,BOSS19_P4_REGIME_CLASSIFIER_V1,1.0.0,H3-C15-MAIN,MAIN,USDJPY,H4,DEAL,60,60,0,0.00000000,0,1.00000000,38,16,3,2023-01-02T23:17:40Z,2025-01-10T13:30:40Z,740,UNAVAILABLE_NO_SOURCE_BASKET_ID,UNKNOWN,NO_PREDECLARED_NUMERIC_MAPPING_IN_CONTRACT,COMPLETE,BASKET_UNAVAILABLE;SINGLE_YEAR_ABS_NET_GE_50PCT,11522,11522,0,0
BOSS19_P4B_REGIME_ATTRIBUTION_COVERAGE_V1,2026-09-02T17:30:00Z,1330a822ed66149ba07d693d8732ced5b9e9ce66d15f34ce8d21ef70894b760c,5f3a0f8d1accd25cb6cc08ad1c6e291aed6d238d620269102151016dbfaf569d,858f4d02d1ae30511dd1f38ffab347c85c06a4a25df4bedf901dc169c2847916,ffa5a59f49cf9099c50520cc95c548ad2d47883a472689dfb58ffc722a44d51e,bb331765f169503ad878223d54a6f45fd2bb6e289609ae671857e298384463a4,BOSS19_P4_REGIME_CLASSIFIER_V1,1.0.0,H3-C16-BWD,BWD,BTCUSD,M15,DEAL,25,25,0,0.00000000,0,1.00000000,16,5,1,2020-01-03T16:13:40Z,2020-10-26T19:56:40Z,298,UNAVAILABLE_NO_SOURCE_BASKET_ID,UNKNOWN,NO_PREDECLARED_NUMERIC_MAPPING_IN_CONTRACT,COMPLETE,BASKET_UNAVAILABLE;SHORT_CALENDAR_SPAN;SINGLE_YEAR_ABS_NET_GE_50PCT,192405,192385,0,20
BOSS19_P4B_REGIME_ATTRIBUTION_COVERAGE_V1,2026-09-02T17:30:00Z,1330a822ed66149ba07d693d8732ced5b9e9ce66d15f34ce8d21ef70894b760c,5f3a0f8d1accd25cb6cc08ad1c6e291aed6d238d620269102151016dbfaf569d,858f4d02d1ae30511dd1f38ffab347c85c06a4a25df4bedf901dc169c2847916,ffa5a59f49cf9099c50520cc95c548ad2d47883a472689dfb58ffc722a44d51e,bb331765f169503ad878223d54a6f45fd2bb6e289609ae671857e298384463a4,BOSS19_P4_REGIME_CLASSIFIER_V1,1.0.0,H3-C16-MAIN,MAIN,BTCUSD,M15,DEAL,91,91,0,0.00000000,0,1.00000000,45,16,3,2023-01-02T07:15:40Z,2025-10-08T17:56:40Z,1011,UNAVAILABLE_NO_SOURCE_BASKET_ID,UNKNOWN,NO_PREDECLARED_NUMERIC_MAPPING_IN_CONTRACT,COMPLETE,BASKET_UNAVAILABLE,192405,192385,0,20
BOSS19_P4B_REGIME_ATTRIBUTION_COVERAGE_V1,2026-09-02T17:30:00Z,1330a822ed66149ba07d693d8732ced5b9e9ce66d15f34ce8d21ef70894b760c,5f3a0f8d1accd25cb6cc08ad1c6e291aed6d238d620269102151016dbfaf569d,858f4d02d1ae30511dd1f38ffab347c85c06a4a25df4bedf901dc169c2847916,ffa5a59f49cf9099c50520cc95c548ad2d47883a472689dfb58ffc722a44d51e,bb331765f169503ad878223d54a6f45fd2bb6e289609ae671857e298384463a4,BOSS19_P4_REGIME_CLASSIFIER_V1,1.0.0,H3-C17-BWD,BWD,BTCUSD,H1,DEAL,6,6,0,0.00000000,0,1.00000000,3,2,1,2020-01-03T09:52:40Z,2020-03-18T13:54:40Z,76,UNAVAILABLE_NO_SOURCE_BASKET_ID,UNKNOWN,NO_PREDECLARED_NUMERIC_MAPPING_IN_CONTRACT,COMPLETE,BASKET_UNAVAILABLE;SHORT_CALENDAR_SPAN;SINGLE_TUPLE_ABS_NET_GE_50PCT;SINGLE_TUPLE_PARTICIPATION_GE_50PCT;SINGLE_YEAR_ABS_NET_GE_50PCT,48247,48227,0,20
BOSS19_P4B_REGIME_ATTRIBUTION_COVERAGE_V1,2026-09-02T17:30:00Z,1330a822ed66149ba07d693d8732ced5b9e9ce66d15f34ce8d21ef70894b760c,5f3a0f8d1accd25cb6cc08ad1c6e291aed6d238d620269102151016dbfaf569d,858f4d02d1ae30511dd1f38ffab347c85c06a4a25df4bedf901dc169c2847916,ffa5a59f49cf9099c50520cc95c548ad2d47883a472689dfb58ffc722a44d51e,bb331765f169503ad878223d54a6f45fd2bb6e289609ae671857e298384463a4,BOSS19_P4_REGIME_CLASSIFIER_V1,1.0.0,H3-C17-MAIN,MAIN,BTCUSD,H1,DEAL,133,133,0,0.00000000,0,1.00000000,71,19,3,2023-01-02T08:17:40Z,2025-12-19T07:11:40Z,1083,UNAVAILABLE_NO_SOURCE_BASKET_ID,UNKNOWN,NO_PREDECLARED_NUMERIC_MAPPING_IN_CONTRACT,COMPLETE,BASKET_UNAVAILABLE;SINGLE_YEAR_ABS_NET_GE_50PCT,48247,48227,0,20
BOSS19_P4B_REGIME_ATTRIBUTION_COVERAGE_V1,2026-09-02T17:30:00Z,1330a822ed66149ba07d693d8732ced5b9e9ce66d15f34ce8d21ef70894b760c,5f3a0f8d1accd25cb6cc08ad1c6e291aed6d238d620269102151016dbfaf569d,858f4d02d1ae30511dd1f38ffab347c85c06a4a25df4bedf901dc169c2847916,ffa5a59f49cf9099c50520cc95c548ad2d47883a472689dfb58ffc722a44d51e,bb331765f169503ad878223d54a6f45fd2bb6e289609ae671857e298384463a4,BOSS19_P4_REGIME_CLASSIFIER_V1,1.0.0,H3-C18-BWD,BWD,BTCUSD,H4,DEAL,54,54,0,0.00000000,0,1.00000000,23,11,2,2020-01-03T08:42:40Z,2022-12-20T15:22:20Z,1083,UNAVAILABLE_NO_SOURCE_BASKET_ID,UNKNOWN,NO_PREDECLARED_NUMERIC_MAPPING_IN_CONTRACT,COMPLETE,BASKET_UNAVAILABLE;SHORT_CALENDAR_SPAN;SINGLE_YEAR_ABS_NET_GE_50PCT,14384,14364,0,20
BOSS19_P4B_REGIME_ATTRIBUTION_COVERAGE_V1,2026-09-02T17:30:00Z,1330a822ed66149ba07d693d8732ced5b9e9ce66d15f34ce8d21ef70894b760c,5f3a0f8d1accd25cb6cc08ad1c6e291aed6d238d620269102151016dbfaf569d,858f4d02d1ae30511dd1f38ffab347c85c06a4a25df4bedf901dc169c2847916,ffa5a59f49cf9099c50520cc95c548ad2d47883a472689dfb58ffc722a44d51e,bb331765f169503ad878223d54a6f45fd2bb6e289609ae671857e298384463a4,BOSS19_P4_REGIME_CLASSIFIER_V1,1.0.0,H3-C18-MAIN,MAIN,BTCUSD,H4,DEAL,2,2,0,0.00000000,0,1.00000000,2,1,1,2023-01-02T07:15:40Z,2023-01-04T03:15:20Z,3,UNAVAILABLE_NO_SOURCE_BASKET_ID,UNKNOWN,NO_PREDECLARED_NUMERIC_MAPPING_IN_CONTRACT,COMPLETE,BASKET_UNAVAILABLE;SHORT_CALENDAR_SPAN;SINGLE_TUPLE_ABS_NET_GE_50PCT;SINGLE_TUPLE_PARTICIPATION_GE_50PCT;SINGLE_YEAR_ABS_NET_GE_50PCT,14384,14364,0,20
